2026-09-30 07:33:45.397 UTC [373] LOG:  starting PostgreSQL 15.19 (Debian 15.19-0+deb12u1) on aarch64-unknown-linux-gnu, compiled by gcc (Debian 12.2.0-14+deb12u1) 12.2.0, 64-bit
2026-09-30 07:33:45.398 UTC [373] LOG:  listening on IPv6 address "::1", port 55432
2026-09-30 07:33:45.399 UTC [373] LOG:  listening on IPv4 address "127.0.0.1", port 55432
2026-09-30 07:33:45.401 UTC [373] LOG:  listening on Unix socket "/tmp/pgsock/.s.PGSQL.55432"
2026-09-30 07:33:45.410 UTC [376] LOG:  database system was shut down at 2026-09-30 07:33:44 UTC
2026-09-30 07:33:45.443 UTC [373] LOG:  database system is ready to accept connections
2026-09-30 07:38:45.481 UTC [374] LOG:  checkpoint starting: time
2026-09-30 07:40:27.826 UTC [374] LOG:  checkpoint complete: wrote 1001 buffers (6.1%); 0 WAL file(s) added, 0 removed, 0 recycled; write=102.255 s, sync=0.054 s, total=102.346 s; sync files=310, longest=0.010 s, average=0.001 s; distance=5100 kB, estimate=5100 kB
2026-09-30 07:41:42.027 UTC [442] ERROR:  relation "objects" does not exist at character 13
2026-09-30 07:41:42.027 UTC [442] STATEMENT:  INSERT INTO objects(object_id) VALUES ('api-1') ON CONFLICT (object_id) DO UPDATE SET object_id = EXCLUDED.object_id RETURNING object_id, head_revision
2026-09-30 07:42:42.751 UTC [458] ERROR:  relation "objects" does not exist at character 13
2026-09-30 07:42:42.751 UTC [458] STATEMENT:  INSERT INTO objects(object_id) VALUES ('api-1') ON CONFLICT (object_id) DO UPDATE SET object_id = EXCLUDED.object_id RETURNING object_id, head_revision
2026-09-30 07:42:42.798 UTC [458] ERROR:  relation "objects" does not exist at character 13
2026-09-30 07:42:42.798 UTC [458] STATEMENT:  INSERT INTO objects(object_id) VALUES ('race-1') ON CONFLICT (object_id) DO UPDATE SET object_id = EXCLUDED.object_id RETURNING object_id, head_revision
2026-09-30 07:42:42.805 UTC [458] ERROR:  function correct_fact(unknown, timestamp with time zone, timestamp with time zone, jsonb, integer) does not exist at character 8
2026-09-30 07:42:42.805 UTC [458] HINT:  No function matches the given name and argument types. You might need to add explicit type casts.
2026-09-30 07:42:42.805 UTC [458] STATEMENT:  SELECT correct_fact('race-1', '2026-09-21T00:00:00+00:00'::timestamptz, '2026-09-21T01:00:00+00:00'::timestamptz, '{"who": 0}'::jsonb, 0)
2026-09-30 07:42:42.812 UTC [458] ERROR:  function correct_fact(unknown, timestamp with time zone, timestamp with time zone, jsonb, integer) does not exist at character 8
2026-09-30 07:42:42.812 UTC [458] HINT:  No function matches the given name and argument types. You might need to add explicit type casts.
2026-09-30 07:42:42.812 UTC [458] STATEMENT:  SELECT correct_fact('race-1', '2026-09-21T03:00:00+00:00'::timestamptz, '2026-09-21T04:00:00+00:00'::timestamptz, '{"who": 3}'::jsonb, 0)
2026-09-30 07:42:42.815 UTC [474] ERROR:  function correct_fact(unknown, timestamp with time zone, timestamp with time zone, jsonb, integer) does not exist at character 8
2026-09-30 07:42:42.815 UTC [474] HINT:  No function matches the given name and argument types. You might need to add explicit type casts.
2026-09-30 07:42:42.815 UTC [474] STATEMENT:  SELECT correct_fact('race-1', '2026-09-21T02:00:00+00:00'::timestamptz, '2026-09-21T03:00:00+00:00'::timestamptz, '{"who": 2}'::jsonb, 0)
2026-09-30 07:42:42.816 UTC [472] ERROR:  function correct_fact(unknown, timestamp with time zone, timestamp with time zone, jsonb, integer) does not exist at character 8
2026-09-30 07:42:42.816 UTC [472] HINT:  No function matches the given name and argument types. You might need to add explicit type casts.
2026-09-30 07:42:42.816 UTC [472] STATEMENT:  SELECT correct_fact('race-1', '2026-09-21T01:00:00+00:00'::timestamptz, '2026-09-21T02:00:00+00:00'::timestamptz, '{"who": 1}'::jsonb, 0)
2026-09-30 07:42:42.816 UTC [458] ERROR:  function correct_fact(unknown, timestamp with time zone, timestamp with time zone, jsonb, integer) does not exist at character 8
2026-09-30 07:42:42.816 UTC [458] HINT:  No function matches the given name and argument types. You might need to add explicit type casts.
2026-09-30 07:42:42.816 UTC [458] STATEMENT:  SELECT correct_fact('race-1', '2026-09-21T07:00:00+00:00'::timestamptz, '2026-09-21T08:00:00+00:00'::timestamptz, '{"who": 7}'::jsonb, 0)
2026-09-30 07:42:42.817 UTC [472] ERROR:  function correct_fact(unknown, timestamp with time zone, timestamp with time zone, jsonb, integer) does not exist at character 8
2026-09-30 07:42:42.817 UTC [472] HINT:  No function matches the given name and argument types. You might need to add explicit type casts.
2026-09-30 07:42:42.817 UTC [472] STATEMENT:  SELECT correct_fact('race-1', '2026-09-21T05:00:00+00:00'::timestamptz, '2026-09-21T06:00:00+00:00'::timestamptz, '{"who": 5}'::jsonb, 0)
2026-09-30 07:42:42.821 UTC [480] ERROR:  function correct_fact(unknown, timestamp with time zone, timestamp with time zone, jsonb, integer) does not exist at character 8
2026-09-30 07:42:42.821 UTC [480] HINT:  No function matches the given name and argument types. You might need to add explicit type casts.
2026-09-30 07:42:42.821 UTC [480] STATEMENT:  SELECT correct_fact('race-1', '2026-09-21T06:00:00+00:00'::timestamptz, '2026-09-21T07:00:00+00:00'::timestamptz, '{"who": 6}'::jsonb, 0)
2026-09-30 07:42:42.822 UTC [479] ERROR:  function correct_fact(unknown, timestamp with time zone, timestamp with time zone, jsonb, integer) does not exist at character 8
2026-09-30 07:42:42.822 UTC [479] HINT:  No function matches the given name and argument types. You might need to add explicit type casts.
2026-09-30 07:42:42.822 UTC [479] STATEMENT:  SELECT correct_fact('race-1', '2026-09-21T04:00:00+00:00'::timestamptz, '2026-09-21T05:00:00+00:00'::timestamptz, '{"who": 4}'::jsonb, 0)
2026-09-30 07:42:42.852 UTC [458] ERROR:  relation "objects" does not exist at character 13
2026-09-30 07:42:42.852 UTC [458] STATEMENT:  INSERT INTO objects(object_id) VALUES ('race-2') ON CONFLICT (object_id) DO UPDATE SET object_id = EXCLUDED.object_id RETURNING object_id, head_revision
2026-09-30 07:42:42.861 UTC [458] ERROR:  relation "objects" does not exist at character 38
2026-09-30 07:42:42.861 UTC [458] STATEMENT:  SELECT object_id, head_revision FROM objects WHERE object_id = 'race-2'
2026-09-30 07:42:42.864 UTC [458] ERROR:  relation "objects" does not exist at character 38
2026-09-30 07:42:42.864 UTC [458] STATEMENT:  SELECT object_id, head_revision FROM objects WHERE object_id = 'race-2'
2026-09-30 07:42:42.867 UTC [458] ERROR:  relation "objects" does not exist at character 38
2026-09-30 07:42:42.867 UTC [458] STATEMENT:  SELECT object_id, head_revision FROM objects WHERE object_id = 'race-2'
2026-09-30 07:42:42.868 UTC [491] ERROR:  relation "objects" does not exist at character 38
2026-09-30 07:42:42.868 UTC [491] STATEMENT:  SELECT object_id, head_revision FROM objects WHERE object_id = 'race-2'
2026-09-30 07:42:42.868 UTC [490] ERROR:  relation "objects" does not exist at character 38
2026-09-30 07:42:42.868 UTC [490] STATEMENT:  SELECT object_id, head_revision FROM objects WHERE object_id = 'race-2'
2026-09-30 07:42:42.869 UTC [488] ERROR:  relation "objects" does not exist at character 38
2026-09-30 07:42:42.869 UTC [488] STATEMENT:  SELECT object_id, head_revision FROM objects WHERE object_id = 'race-2'
2026-09-30 07:42:42.871 UTC [487] ERROR:  relation "objects" does not exist at character 38
2026-09-30 07:42:42.871 UTC [487] STATEMENT:  SELECT object_id, head_revision FROM objects WHERE object_id = 'race-2'
2026-09-30 07:42:42.871 UTC [492] ERROR:  relation "objects" does not exist at character 38
2026-09-30 07:42:42.871 UTC [492] STATEMENT:  SELECT object_id, head_revision FROM objects WHERE object_id = 'race-2'
2026-09-30 07:42:42.880 UTC [458] ERROR:  relation "objects" does not exist at character 38
2026-09-30 07:42:42.880 UTC [458] STATEMENT:  SELECT object_id, head_revision FROM objects WHERE object_id = 'race-2'
2026-09-30 07:42:42.929 UTC [493] ERROR:  relation "objects" does not exist at character 38
2026-09-30 07:42:42.929 UTC [493] STATEMENT:  SELECT object_id, head_revision FROM objects WHERE object_id = 'race-2'
2026-09-30 07:42:42.930 UTC [495] ERROR:  relation "objects" does not exist at character 38
2026-09-30 07:42:42.930 UTC [495] STATEMENT:  SELECT object_id, head_revision FROM objects WHERE object_id = 'race-2'
2026-09-30 07:42:42.931 UTC [494] ERROR:  relation "objects" does not exist at character 38
2026-09-30 07:42:42.931 UTC [494] STATEMENT:  SELECT object_id, head_revision FROM objects WHERE object_id = 'race-2'
2026-09-30 07:42:42.999 UTC [458] ERROR:  relation "objects" does not exist at character 13
2026-09-30 07:42:42.999 UTC [458] STATEMENT:  INSERT INTO objects(object_id) VALUES ('race-3') ON CONFLICT (object_id) DO UPDATE SET object_id = EXCLUDED.object_id RETURNING object_id, head_revision
2026-09-30 07:42:43.002 UTC [458] ERROR:  function correct_fact(unknown, timestamp with time zone, timestamp with time zone, jsonb, integer) does not exist at character 8
2026-09-30 07:42:43.002 UTC [458] HINT:  No function matches the given name and argument types. You might need to add explicit type casts.
2026-09-30 07:42:43.002 UTC [458] STATEMENT:  SELECT correct_fact('race-3', '2026-09-21T00:00:00+00:00'::timestamptz, '2026-09-22T00:00:00+00:00'::timestamptz, '{"v": 0}'::jsonb, 0)
2026-09-30 07:42:43.239 UTC [496] ERROR:  function correct_fact(unknown, timestamp with time zone, timestamp with time zone, jsonb, integer) does not exist at character 8
2026-09-30 07:42:43.239 UTC [496] HINT:  No function matches the given name and argument types. You might need to add explicit type casts.
2026-09-30 07:42:43.239 UTC [496] STATEMENT:  SELECT correct_fact('lab-result-A','2026-09-21T00:00:00+00:00'::timestamptz,'2026-09-22T00:00:00+00:00'::timestamptz,'{"result": 10, "unit": "mg"}'::jsonb,0)
2026-09-30 07:42:43.248 UTC [497] ERROR:  function correct_fact(unknown, timestamp with time zone, timestamp with time zone, jsonb, integer) does not exist at character 8
2026-09-30 07:42:43.248 UTC [497] HINT:  No function matches the given name and argument types. You might need to add explicit type casts.
2026-09-30 07:42:43.248 UTC [497] STATEMENT:  SELECT correct_fact('lab-result-B','2026-09-21T00:00:00+00:00'::timestamptz,'2026-09-22T00:00:00+00:00'::timestamptz,'{"result": 10}'::jsonb,0)
2026-09-30 07:42:43.255 UTC [498] ERROR:  function correct_fact(unknown, timestamp with time zone, timestamp with time zone, jsonb, integer) does not exist at character 8
2026-09-30 07:42:43.255 UTC [498] HINT:  No function matches the given name and argument types. You might need to add explicit type casts.
2026-09-30 07:42:43.255 UTC [498] STATEMENT:  SELECT correct_fact('lab-result-C','2026-09-21T00:00:00+00:00'::timestamptz,'2026-09-21T04:00:00+00:00'::timestamptz,'{"result": 1}'::jsonb,0)
2026-09-30 07:42:43.263 UTC [499] ERROR:  function correct_fact(unknown, timestamp with time zone, timestamp with time zone, jsonb, integer) does not exist at character 8
2026-09-30 07:42:43.263 UTC [499] HINT:  No function matches the given name and argument types. You might need to add explicit type casts.
2026-09-30 07:42:43.263 UTC [499] STATEMENT:  SELECT correct_fact('lab-result-D','2026-09-21T00:00:00+00:00'::timestamptz,'2026-09-22T00:00:00+00:00'::timestamptz,'{"result": 1}'::jsonb,0)
2026-09-30 07:42:43.270 UTC [500] ERROR:  function correct_fact(unknown, timestamp with time zone, timestamp with time zone, jsonb, integer) does not exist at character 8
2026-09-30 07:42:43.270 UTC [500] HINT:  No function matches the given name and argument types. You might need to add explicit type casts.
2026-09-30 07:42:43.270 UTC [500] STATEMENT:  SELECT correct_fact('lab-result-E','2026-09-21T05:00:00+00:00'::timestamptz,'2026-09-21T05:00:00+00:00'::timestamptz,'{"result": 1}'::jsonb,0)
2026-09-30 07:42:43.277 UTC [501] ERROR:  function correct_fact(unknown, timestamp with time zone, timestamp with time zone, jsonb, integer) does not exist at character 8
2026-09-30 07:42:43.277 UTC [501] HINT:  No function matches the given name and argument types. You might need to add explicit type casts.
2026-09-30 07:42:43.277 UTC [501] STATEMENT:  SELECT correct_fact('inv','2026-09-21T00:00:00+00:00'::timestamptz,'2026-09-22T00:00:00+00:00'::timestamptz,'{"v": 1}'::jsonb,0)
2026-09-30 07:42:43.284 UTC [502] ERROR:  function correct_fact(unknown, timestamp with time zone, timestamp with time zone, jsonb, integer) does not exist at character 8
2026-09-30 07:42:43.284 UTC [502] HINT:  No function matches the given name and argument types. You might need to add explicit type casts.
2026-09-30 07:42:43.284 UTC [502] STATEMENT:  SELECT correct_fact('del','2026-09-21T00:00:00+00:00'::timestamptz,'2026-09-22T00:00:00+00:00'::timestamptz,'{"v": 1}'::jsonb,0)
2026-09-30 07:42:43.300 UTC [503] ERROR:  function correct_fact(unknown, timestamp with time zone, timestamp with time zone, jsonb, integer) does not exist at character 8
2026-09-30 07:42:43.300 UTC [503] HINT:  No function matches the given name and argument types. You might need to add explicit type casts.
2026-09-30 07:42:43.300 UTC [503] STATEMENT:  SELECT correct_fact('upd','2026-09-21T00:00:00+00:00'::timestamptz,'2026-09-22T00:00:00+00:00'::timestamptz,'{"v": 1}'::jsonb,0)
2026-09-30 07:42:43.308 UTC [504] ERROR:  function correct_fact(unknown, timestamp with time zone, timestamp with time zone, jsonb, integer) does not exist at character 8
2026-09-30 07:42:43.308 UTC [504] HINT:  No function matches the given name and argument types. You might need to add explicit type casts.
2026-09-30 07:42:43.308 UTC [504] STATEMENT:  SELECT correct_fact('freeze','2026-09-21T00:00:00+00:00'::timestamptz,'2026-09-22T00:00:00+00:00'::timestamptz,'{"v": "first"}'::jsonb,0)
2026-09-30 07:43:45.889 UTC [374] LOG:  checkpoint starting: time
2026-09-30 07:44:01.421 UTC [374] LOG:  checkpoint complete: wrote 153 buffers (0.9%); 0 WAL file(s) added, 0 removed, 0 recycled; write=15.483 s, sync=0.021 s, total=15.533 s; sync files=111, longest=0.002 s, average=0.001 s; distance=795 kB, estimate=4670 kB
2026-09-30 07:44:31.275 UTC [549] FATAL:  database "bt_test" does not exist
2026-09-30 07:44:31.286 UTC [551] FATAL:  database "bt_test" does not exist
2026-09-30 07:44:31.367 UTC [553] FATAL:  database "bt_test" does not exist
2026-09-30 07:44:52.756 UTC [562] ERROR:  syntax error at or near "otherwise" at character 1
2026-09-30 07:44:52.756 UTC [562] STATEMENT:  otherwise the revision that superseded it
	--
	-- Historical view as of revision R:
	--   assert_from <= R AND (assert_to IS NULL OR R < assert_to)
	--
	-- Rows are NEVER deleted and no column other than assert_to is ever updated
	-- (enforced by fact_versions_immutable below). Closing assert_to with a
	-- strictly greater revision cannot change any earlier view: for every
	-- R < new assert_to the view predicate behaves exactly as before. A lab
	-- result corrected today can therefore be back-dated into last week while
	-- "what the system knew at revision R" stays reconstructible forever.
	
	CREATE EXTENSION IF NOT EXISTS btree_gist
2026-09-30 07:44:52.772 UTC [562] ERROR:  syntax error at or near "$$
	BEGIN
	    IF TG_OP = 'DELETE' THEN
	        RAISE EXCEPTION USING
	            MESSAGE = 'fact history is append-only; deletes are forbidden',
	            ERRCODE  = '99010';
	    END IF;
	
	    -- UPDATE: the only tolerated mutation is closing the live interval once,
	    -- assert_to: NULL -> r where r > assert_from. Anything else would rewrite
	    -- a historical view and is rejected.
	    IF OLD.assert_to IS NOT NULL
	       OR NEW.assert_to IS NULL
	       OR NEW.assert_to <= OLD.assert_from
	       OR NEW.id <> OLD.id
	       OR NEW.object_id <> OLD.object_id
	       OR NEW.valid_from <> OLD.valid_from
	       OR NEW.valid_to <> OLD.valid_to
	       OR NEW.assert_from <> OLD.assert_from
	       OR NEW.value IS DISTINCT FROM OLD.value
	    THEN
	        RAISE EXCEPTION USING
	            MESSAGE = 'fact rows are immutable; only assert_to may be closed once',
	            ERRCODE  = '99010';
	    END IF;
	
	    RETURN NEW;
	END;
	$$" at character 1
2026-09-30 07:44:52.772 UTC [562] STATEMENT:  $$
	BEGIN
	    IF TG_OP = 'DELETE' THEN
	        RAISE EXCEPTION USING
	            MESSAGE = 'fact history is append-only; deletes are forbidden',
	            ERRCODE  = '99010';
	    END IF;
	
	    -- UPDATE: the only tolerated mutation is closing the live interval once,
	    -- assert_to: NULL -> r where r > assert_from. Anything else would rewrite
	    -- a historical view and is rejected.
	    IF OLD.assert_to IS NOT NULL
	       OR NEW.assert_to IS NULL
	       OR NEW.assert_to <= OLD.assert_from
	       OR NEW.id <> OLD.id
	       OR NEW.object_id <> OLD.object_id
	       OR NEW.valid_from <> OLD.valid_from
	       OR NEW.valid_to <> OLD.valid_to
	       OR NEW.assert_from <> OLD.assert_from
	       OR NEW.value IS DISTINCT FROM OLD.value
	    THEN
	        RAISE EXCEPTION USING
	            MESSAGE = 'fact rows are immutable; only assert_to may be closed once',
	            ERRCODE  = '99010';
	    END IF;
	
	    RETURN NEW;
	END;
	$$
2026-09-30 07:44:52.772 UTC [562] ERROR:  syntax error at or near "LANGUAGE" at character 1
2026-09-30 07:44:52.772 UTC [562] STATEMENT:  LANGUAGE plpgsql
2026-09-30 07:44:52.772 UTC [562] ERROR:  function fact_versions_immutable() does not exist
2026-09-30 07:44:52.772 UTC [562] STATEMENT:  CREATE TRIGGER fact_versions_immutable_trg
	    BEFORE UPDATE OR DELETE ON fact_versions
	    FOR EACH ROW EXECUTE FUNCTION fact_versions_immutable()
2026-09-30 07:44:52.773 UTC [562] ERROR:  syntax error at or near "a" at character 1
2026-09-30 07:44:52.773 UTC [562] STATEMENT:  a stale expectation
	-- raises SQLSTATE 99001 and nothing is changed.
	-- ---------------------------------------------------------------------------
	
	CREATE OR REPLACE FUNCTION correct_fact(
	    p_object_id          TEXT,
	    p_valid_from         TIMESTAMPTZ,
	    p_valid_to           TIMESTAMPTZ,
	    p_value              JSONB,
	    p_expected_revision  INTEGER
	) RETURNS INTEGER AS
2026-09-30 07:44:52.773 UTC [562] ERROR:  syntax error at or near "$$
	DECLARE
	    v_head     INTEGER;
	    v_new_rev  INTEGER;
	    v_row      RECORD;
	BEGIN
	    IF p_valid_from >= p_valid_to THEN
	        RAISE EXCEPTION USING
	            MESSAGE = 'valid interval must be non-empty half-open [from, to)',
	            ERRCODE  = '99002';
	    END IF;
	
	    -- Lock the object row so concurrent corrections serialize. The lock is
	    -- held until commit/rollback: no interleaving, no half-split timeline.
	    INSERT INTO objects(object_id) VALUES (p_object_id)
	        ON CONFLICT (object_id) DO NOTHING;
	
	    SELECT head_revision INTO v_head
	      FROM objects
	     WHERE object_id = p_object_id
	     FOR UPDATE;
	
	    IF v_head <> p_expected_revision THEN
	        RAISE EXCEPTION USING
	            MESSAGE = format('expected revision %s but head is %s',
	                             p_expected_revision, v_head),
	            ERRCODE  = '99001';
	    END IF;
	
	    v_new_rev := v_head + 1;
	
	    -- Close every LIVE row whose valid interval overlaps the correction.
	    -- Collect them first; the trigger enforces that only assert_to changes.
	    FOR v_row IN
	        SELECT * FROM fact_versions
	         WHERE object_id = p_object_id
	           AND assert_to IS NULL
	           AND valid_from < p_valid_to
	           AND valid_to   > p_valid_from
	         ORDER BY valid_from
	        FOR UPDATE
	    LOOP
	        UPDATE fact_versions
	           SET assert_to = v_new_rev
	         WHERE id = v_row.id;
	
	        -- Left remnant (adjacent only, never empty).
	        IF v_row.valid_from < p_valid_from THEN
	            INSERT INTO fact_versions
	                (object_id, valid_from, valid_to, assert_from, assert_to, value)
	            VALUES
	                (p_object_id, v_row.valid_from, p_valid_from,
	                 v_new_rev, NULL, v_row.value);
	        END IF;
	
	        -- Right remnant.
	        IF p_valid_to < v_row.valid_to THEN
	            INSERT INTO fact_versions
	                (object_id, valid_from, valid_to, assert_from, assert_to, value)
	            VALUES
	                (p_object_id, p_valid_to, v_row.valid_to,
	                 v_new_rev, NULL, v_row.value);
	        END IF;
	    END LOOP;
	
	    -- The corrected fact for the requested interval.
	    INSERT INTO fact_versions
	        (object_id, valid_from, valid_to, assert_from, assert_to, value)
	    VALUES
	        (p_object_id, p_valid_from, p_valid_to, v_new_rev, NULL, p_value);
	
	    UPDATE objects
	       SET head_revision = v_new_rev
	     WHERE object_id = p_object_id;
	
	    RETURN v_new_rev;
	END;
	$$" at character 1
2026-09-30 07:44:52.773 UTC [562] STATEMENT:  $$
	DECLARE
	    v_head     INTEGER;
	    v_new_rev  INTEGER;
	    v_row      RECORD;
	BEGIN
	    IF p_valid_from >= p_valid_to THEN
	        RAISE EXCEPTION USING
	            MESSAGE = 'valid interval must be non-empty half-open [from, to)',
	            ERRCODE  = '99002';
	    END IF;
	
	    -- Lock the object row so concurrent corrections serialize. The lock is
	    -- held until commit/rollback: no interleaving, no half-split timeline.
	    INSERT INTO objects(object_id) VALUES (p_object_id)
	        ON CONFLICT (object_id) DO NOTHING;
	
	    SELECT head_revision INTO v_head
	      FROM objects
	     WHERE object_id = p_object_id
	     FOR UPDATE;
	
	    IF v_head <> p_expected_revision THEN
	        RAISE EXCEPTION USING
	            MESSAGE = format('expected revision %s but head is %s',
	                             p_expected_revision, v_head),
	            ERRCODE  = '99001';
	    END IF;
	
	    v_new_rev := v_head + 1;
	
	    -- Close every LIVE row whose valid interval overlaps the correction.
	    -- Collect them first; the trigger enforces that only assert_to changes.
	    FOR v_row IN
	        SELECT * FROM fact_versions
	         WHERE object_id = p_object_id
	           AND assert_to IS NULL
	           AND valid_from < p_valid_to
	           AND valid_to   > p_valid_from
	         ORDER BY valid_from
	        FOR UPDATE
	    LOOP
	        UPDATE fact_versions
	           SET assert_to = v_new_rev
	         WHERE id = v_row.id;
	
	        -- Left remnant (adjacent only, never empty).
	        IF v_row.valid_from < p_valid_from THEN
	            INSERT INTO fact_versions
	                (object_id, valid_from, valid_to, assert_from, assert_to, value)
	            VALUES
	                (p_object_id, v_row.valid_from, p_valid_from,
	                 v_new_rev, NULL, v_row.value);
	        END IF;
	
	        -- Right remnant.
	        IF p_valid_to < v_row.valid_to THEN
	            INSERT INTO fact_versions
	                (object_id, valid_from, valid_to, assert_from, assert_to, value)
	            VALUES
	                (p_object_id, p_valid_to, v_row.valid_to,
	                 v_new_rev, NULL, v_row.value);
	        END IF;
	    END LOOP;
	
	    -- The corrected fact for the requested interval.
	    INSERT INTO fact_versions
	        (object_id, valid_from, valid_to, assert_from, assert_to, value)
	    VALUES
	        (p_object_id, p_valid_from, p_valid_to, v_new_rev, NULL, p_value);
	
	    UPDATE objects
	       SET head_revision = v_new_rev
	     WHERE object_id = p_object_id;
	
	    RETURN v_new_rev;
	END;
	$$
2026-09-30 07:44:52.773 UTC [562] ERROR:  syntax error at or near "LANGUAGE" at character 1
2026-09-30 07:44:52.773 UTC [562] STATEMENT:  LANGUAGE plpgsql
2026-09-30 07:45:09.612 UTC [374] LOG:  checkpoint starting: immediate force wait
2026-09-30 07:45:09.660 UTC [374] LOG:  checkpoint complete: wrote 83 buffers (0.5%); 0 WAL file(s) added, 0 removed, 1 recycled; write=0.032 s, sync=0.008 s, total=0.048 s; sync files=53, longest=0.001 s, average=0.001 s; distance=5378 kB, estimate=5378 kB
2026-09-30 07:45:25.033 UTC [374] LOG:  checkpoint starting: immediate force wait
2026-09-30 07:45:25.042 UTC [374] LOG:  checkpoint complete: wrote 4 buffers (0.0%); 0 WAL file(s) added, 0 removed, 0 recycled; write=0.004 s, sync=0.001 s, total=0.010 s; sync files=4, longest=0.001 s, average=0.001 s; distance=5010 kB, estimate=5342 kB
2026-09-30 07:46:08.590 UTC [374] LOG:  checkpoint starting: immediate force wait
2026-09-30 07:46:08.598 UTC [374] LOG:  checkpoint complete: wrote 4 buffers (0.0%); 0 WAL file(s) added, 0 removed, 0 recycled; write=0.003 s, sync=0.001 s, total=0.008 s; sync files=4, longest=0.001 s, average=0.001 s; distance=4976 kB, estimate=5305 kB
2026-09-30 07:46:09.282 UTC [586] ERROR:  function fact_versions_immutable() does not exist
2026-09-30 07:46:09.282 UTC [586] STATEMENT:  CREATE TRIGGER fact_versions_immutable_trg
	    BEFORE UPDATE OR DELETE ON fact_versions
	    FOR EACH ROW EXECUTE FUNCTION fact_versions_immutable()
2026-09-30 07:47:06.869 UTC [374] LOG:  checkpoint starting: immediate force wait
2026-09-30 07:47:06.887 UTC [374] LOG:  checkpoint complete: wrote 4 buffers (0.0%); 0 WAL file(s) added, 0 removed, 0 recycled; write=0.007 s, sync=0.001 s, total=0.019 s; sync files=4, longest=0.001 s, average=0.001 s; distance=4303 kB, estimate=5205 kB
2026-09-30 07:47:16.526 UTC [604] ERROR:  expected revision 0 but head is 1
2026-09-30 07:47:16.526 UTC [604] CONTEXT:  PL/pgSQL function correct_fact(text,timestamp with time zone,timestamp with time zone,jsonb,integer) line 24 at RAISE
2026-09-30 07:47:16.526 UTC [604] STATEMENT:  SELECT correct_fact('race-1', '2026-09-21T02:00:00+00:00'::timestamptz, '2026-09-21T03:00:00+00:00'::timestamptz, '{"who": 2}'::jsonb, 0)
2026-09-30 07:47:16.536 UTC [604] ERROR:  expected revision 0 but head is 1
2026-09-30 07:47:16.536 UTC [604] CONTEXT:  PL/pgSQL function correct_fact(text,timestamp with time zone,timestamp with time zone,jsonb,integer) line 24 at RAISE
2026-09-30 07:47:16.536 UTC [604] STATEMENT:  SELECT correct_fact('race-1', '2026-09-21T04:00:00+00:00'::timestamptz, '2026-09-21T05:00:00+00:00'::timestamptz, '{"who": 4}'::jsonb, 0)
2026-09-30 07:47:16.554 UTC [628] ERROR:  expected revision 0 but head is 1
2026-09-30 07:47:16.554 UTC [628] CONTEXT:  PL/pgSQL function correct_fact(text,timestamp with time zone,timestamp with time zone,jsonb,integer) line 24 at RAISE
2026-09-30 07:47:16.554 UTC [628] STATEMENT:  SELECT correct_fact('race-1', '2026-09-21T07:00:00+00:00'::timestamptz, '2026-09-21T08:00:00+00:00'::timestamptz, '{"who": 7}'::jsonb, 0)
2026-09-30 07:47:16.556 UTC [620] ERROR:  expected revision 0 but head is 1
2026-09-30 07:47:16.556 UTC [620] CONTEXT:  PL/pgSQL function correct_fact(text,timestamp with time zone,timestamp with time zone,jsonb,integer) line 24 at RAISE
2026-09-30 07:47:16.556 UTC [620] STATEMENT:  SELECT correct_fact('race-1', '2026-09-21T01:00:00+00:00'::timestamptz, '2026-09-21T02:00:00+00:00'::timestamptz, '{"who": 1}'::jsonb, 0)
2026-09-30 07:47:16.556 UTC [627] ERROR:  expected revision 0 but head is 1
2026-09-30 07:47:16.556 UTC [627] CONTEXT:  PL/pgSQL function correct_fact(text,timestamp with time zone,timestamp with time zone,jsonb,integer) line 24 at RAISE
2026-09-30 07:47:16.556 UTC [627] STATEMENT:  SELECT correct_fact('race-1', '2026-09-21T05:00:00+00:00'::timestamptz, '2026-09-21T06:00:00+00:00'::timestamptz, '{"who": 5}'::jsonb, 0)
2026-09-30 07:47:16.557 UTC [626] ERROR:  expected revision 0 but head is 1
2026-09-30 07:47:16.557 UTC [626] CONTEXT:  PL/pgSQL function correct_fact(text,timestamp with time zone,timestamp with time zone,jsonb,integer) line 24 at RAISE
2026-09-30 07:47:16.557 UTC [626] STATEMENT:  SELECT correct_fact('race-1', '2026-09-21T06:00:00+00:00'::timestamptz, '2026-09-21T07:00:00+00:00'::timestamptz, '{"who": 6}'::jsonb, 0)
2026-09-30 07:47:16.558 UTC [622] ERROR:  expected revision 0 but head is 1
2026-09-30 07:47:16.558 UTC [622] CONTEXT:  PL/pgSQL function correct_fact(text,timestamp with time zone,timestamp with time zone,jsonb,integer) line 24 at RAISE
2026-09-30 07:47:16.558 UTC [622] STATEMENT:  SELECT correct_fact('race-1', '2026-09-21T03:00:00+00:00'::timestamptz, '2026-09-21T04:00:00+00:00'::timestamptz, '{"who": 3}'::jsonb, 0)
2026-09-30 07:47:16.631 UTC [604] ERROR:  expected revision 0 but head is 1
2026-09-30 07:47:16.631 UTC [604] CONTEXT:  PL/pgSQL function correct_fact(text,timestamp with time zone,timestamp with time zone,jsonb,integer) line 24 at RAISE
2026-09-30 07:47:16.631 UTC [604] STATEMENT:  SELECT correct_fact('race-2', '2026-09-21T04:00:00+00:00'::timestamptz, '2026-09-21T05:00:00+00:00'::timestamptz, '{"v": 4}'::jsonb, 0)
2026-09-30 07:47:16.650 UTC [638] ERROR:  expected revision 0 but head is 2
2026-09-30 07:47:16.650 UTC [638] CONTEXT:  PL/pgSQL function correct_fact(text,timestamp with time zone,timestamp with time zone,jsonb,integer) line 24 at RAISE
2026-09-30 07:47:16.650 UTC [638] STATEMENT:  SELECT correct_fact('race-2', '2026-09-21T01:00:00+00:00'::timestamptz, '2026-09-21T02:00:00+00:00'::timestamptz, '{"v": 1}'::jsonb, 0)
2026-09-30 07:47:16.652 UTC [604] ERROR:  expected revision 1 but head is 2
2026-09-30 07:47:16.652 UTC [604] CONTEXT:  PL/pgSQL function correct_fact(text,timestamp with time zone,timestamp with time zone,jsonb,integer) line 24 at RAISE
2026-09-30 07:47:16.652 UTC [604] STATEMENT:  SELECT correct_fact('race-2', '2026-09-21T04:00:00+00:00'::timestamptz, '2026-09-21T05:00:00+00:00'::timestamptz, '{"v": 4}'::jsonb, 1)
2026-09-30 07:47:16.653 UTC [639] ERROR:  expected revision 0 but head is 2
2026-09-30 07:47:16.653 UTC [639] CONTEXT:  PL/pgSQL function correct_fact(text,timestamp with time zone,timestamp with time zone,jsonb,integer) line 24 at RAISE
2026-09-30 07:47:16.653 UTC [639] STATEMENT:  SELECT correct_fact('race-2', '2026-09-21T03:00:00+00:00'::timestamptz, '2026-09-21T04:00:00+00:00'::timestamptz, '{"v": 3}'::jsonb, 0)
2026-09-30 07:47:16.662 UTC [639] ERROR:  expected revision 2 but head is 3
2026-09-30 07:47:16.662 UTC [639] CONTEXT:  PL/pgSQL function correct_fact(text,timestamp with time zone,timestamp with time zone,jsonb,integer) line 24 at RAISE
2026-09-30 07:47:16.662 UTC [639] STATEMENT:  SELECT correct_fact('race-2', '2026-09-21T01:00:00+00:00'::timestamptz, '2026-09-21T02:00:00+00:00'::timestamptz, '{"v": 1}'::jsonb, 2)
2026-09-30 07:47:16.665 UTC [641] ERROR:  expected revision 1 but head is 3
2026-09-30 07:47:16.665 UTC [641] CONTEXT:  PL/pgSQL function correct_fact(text,timestamp with time zone,timestamp with time zone,jsonb,integer) line 24 at RAISE
2026-09-30 07:47:16.665 UTC [641] STATEMENT:  SELECT correct_fact('race-2', '2026-09-21T05:00:00+00:00'::timestamptz, '2026-09-21T06:00:00+00:00'::timestamptz, '{"v": 5}'::jsonb, 1)
2026-09-30 07:47:16.680 UTC [643] ERROR:  expected revision 3 but head is 4
2026-09-30 07:47:16.680 UTC [643] CONTEXT:  PL/pgSQL function correct_fact(text,timestamp with time zone,timestamp with time zone,jsonb,integer) line 24 at RAISE
2026-09-30 07:47:16.680 UTC [643] STATEMENT:  SELECT correct_fact('race-2', '2026-09-21T04:00:00+00:00'::timestamptz, '2026-09-21T05:00:00+00:00'::timestamptz, '{"v": 4}'::jsonb, 3)
2026-09-30 07:47:16.691 UTC [645] ERROR:  expected revision 3 but head is 4
2026-09-30 07:47:16.691 UTC [645] CONTEXT:  PL/pgSQL function correct_fact(text,timestamp with time zone,timestamp with time zone,jsonb,integer) line 24 at RAISE
2026-09-30 07:47:16.691 UTC [645] STATEMENT:  SELECT correct_fact('race-2', '2026-09-21T08:00:00+00:00'::timestamptz, '2026-09-21T09:00:00+00:00'::timestamptz, '{"v": 8}'::jsonb, 3)
2026-09-30 07:47:16.707 UTC [646] ERROR:  expected revision 4 but head is 5
2026-09-30 07:47:16.707 UTC [646] CONTEXT:  PL/pgSQL function correct_fact(text,timestamp with time zone,timestamp with time zone,jsonb,integer) line 24 at RAISE
2026-09-30 07:47:16.707 UTC [646] STATEMENT:  SELECT correct_fact('race-2', '2026-09-21T01:00:00+00:00'::timestamptz, '2026-09-21T02:00:00+00:00'::timestamptz, '{"v": 1}'::jsonb, 4)
2026-09-30 07:47:16.708 UTC [648] ERROR:  expected revision 3 but head is 5
2026-09-30 07:47:16.708 UTC [648] CONTEXT:  PL/pgSQL function correct_fact(text,timestamp with time zone,timestamp with time zone,jsonb,integer) line 24 at RAISE
2026-09-30 07:47:16.708 UTC [648] STATEMENT:  SELECT correct_fact('race-2', '2026-09-21T03:00:00+00:00'::timestamptz, '2026-09-21T04:00:00+00:00'::timestamptz, '{"v": 3}'::jsonb, 3)
2026-09-30 07:47:16.709 UTC [647] ERROR:  expected revision 4 but head is 5
2026-09-30 07:47:16.709 UTC [647] CONTEXT:  PL/pgSQL function correct_fact(text,timestamp with time zone,timestamp with time zone,jsonb,integer) line 24 at RAISE
2026-09-30 07:47:16.709 UTC [647] STATEMENT:  SELECT correct_fact('race-2', '2026-09-21T05:00:00+00:00'::timestamptz, '2026-09-21T06:00:00+00:00'::timestamptz, '{"v": 5}'::jsonb, 4)
2026-09-30 07:47:16.718 UTC [648] ERROR:  expected revision 5 but head is 6
2026-09-30 07:47:16.718 UTC [648] CONTEXT:  PL/pgSQL function correct_fact(text,timestamp with time zone,timestamp with time zone,jsonb,integer) line 24 at RAISE
2026-09-30 07:47:16.718 UTC [648] STATEMENT:  SELECT correct_fact('race-2', '2026-09-21T10:00:00+00:00'::timestamptz, '2026-09-21T11:00:00+00:00'::timestamptz, '{"v": 10}'::jsonb, 5)
2026-09-30 07:47:16.729 UTC [652] ERROR:  expected revision 5 but head is 6
2026-09-30 07:47:16.729 UTC [652] CONTEXT:  PL/pgSQL function correct_fact(text,timestamp with time zone,timestamp with time zone,jsonb,integer) line 24 at RAISE
2026-09-30 07:47:16.729 UTC [652] STATEMENT:  SELECT correct_fact('race-2', '2026-09-21T08:00:00+00:00'::timestamptz, '2026-09-21T09:00:00+00:00'::timestamptz, '{"v": 8}'::jsonb, 5)
2026-09-30 07:47:16.735 UTC [644] ERROR:  expected revision 6 but head is 7
2026-09-30 07:47:16.735 UTC [644] CONTEXT:  PL/pgSQL function correct_fact(text,timestamp with time zone,timestamp with time zone,jsonb,integer) line 24 at RAISE
2026-09-30 07:47:16.735 UTC [644] STATEMENT:  SELECT correct_fact('race-2', '2026-09-21T01:00:00+00:00'::timestamptz, '2026-09-21T02:00:00+00:00'::timestamptz, '{"v": 1}'::jsonb, 6)
2026-09-30 07:47:16.735 UTC [653] ERROR:  expected revision 6 but head is 7
2026-09-30 07:47:16.735 UTC [653] CONTEXT:  PL/pgSQL function correct_fact(text,timestamp with time zone,timestamp with time zone,jsonb,integer) line 24 at RAISE
2026-09-30 07:47:16.735 UTC [653] STATEMENT:  SELECT correct_fact('race-2', '2026-09-21T11:00:00+00:00'::timestamptz, '2026-09-21T12:00:00+00:00'::timestamptz, '{"v": 11}'::jsonb, 6)
2026-09-30 07:47:16.736 UTC [654] ERROR:  expected revision 6 but head is 7
2026-09-30 07:47:16.736 UTC [654] CONTEXT:  PL/pgSQL function correct_fact(text,timestamp with time zone,timestamp with time zone,jsonb,integer) line 24 at RAISE
2026-09-30 07:47:16.736 UTC [654] STATEMENT:  SELECT correct_fact('race-2', '2026-09-21T05:00:00+00:00'::timestamptz, '2026-09-21T06:00:00+00:00'::timestamptz, '{"v": 5}'::jsonb, 6)
2026-09-30 07:47:16.756 UTC [644] ERROR:  expected revision 8 but head is 9
2026-09-30 07:47:16.756 UTC [644] CONTEXT:  PL/pgSQL function correct_fact(text,timestamp with time zone,timestamp with time zone,jsonb,integer) line 24 at RAISE
2026-09-30 07:47:16.756 UTC [644] STATEMENT:  SELECT correct_fact('race-2', '2026-09-21T05:00:00+00:00'::timestamptz, '2026-09-21T06:00:00+00:00'::timestamptz, '{"v": 5}'::jsonb, 8)
2026-09-30 07:47:16.756 UTC [657] ERROR:  expected revision 8 but head is 9
2026-09-30 07:47:16.756 UTC [657] CONTEXT:  PL/pgSQL function correct_fact(text,timestamp with time zone,timestamp with time zone,jsonb,integer) line 24 at RAISE
2026-09-30 07:47:16.756 UTC [657] STATEMENT:  SELECT correct_fact('race-2', '2026-09-21T08:00:00+00:00'::timestamptz, '2026-09-21T09:00:00+00:00'::timestamptz, '{"v": 8}'::jsonb, 8)
2026-09-30 07:47:16.766 UTC [660] ERROR:  expected revision 8 but head is 10
2026-09-30 07:47:16.766 UTC [660] CONTEXT:  PL/pgSQL function correct_fact(text,timestamp with time zone,timestamp with time zone,jsonb,integer) line 24 at RAISE
2026-09-30 07:47:16.766 UTC [660] STATEMENT:  SELECT correct_fact('race-2', '2026-09-21T01:00:00+00:00'::timestamptz, '2026-09-21T02:00:00+00:00'::timestamptz, '{"v": 1}'::jsonb, 8)
2026-09-30 07:47:16.773 UTC [661] ERROR:  expected revision 9 but head is 10
2026-09-30 07:47:16.773 UTC [661] CONTEXT:  PL/pgSQL function correct_fact(text,timestamp with time zone,timestamp with time zone,jsonb,integer) line 24 at RAISE
2026-09-30 07:47:16.773 UTC [661] STATEMENT:  SELECT correct_fact('race-2', '2026-09-21T08:00:00+00:00'::timestamptz, '2026-09-21T09:00:00+00:00'::timestamptz, '{"v": 8}'::jsonb, 9)
2026-09-30 07:47:16.850 UTC [671] ERROR:  expected revision 2 but head is 3
2026-09-30 07:47:16.850 UTC [671] CONTEXT:  PL/pgSQL function correct_fact(text,timestamp with time zone,timestamp with time zone,jsonb,integer) line 24 at RAISE
2026-09-30 07:47:16.850 UTC [671] STATEMENT:  SELECT correct_fact('race-3', '2026-09-21T10:00:00+00:00'::timestamptz, '2026-09-21T12:00:00+00:00'::timestamptz, '{"v": 4}'::jsonb, 2)
2026-09-30 07:47:16.852 UTC [669] ERROR:  expected revision 2 but head is 3
2026-09-30 07:47:16.852 UTC [669] CONTEXT:  PL/pgSQL function correct_fact(text,timestamp with time zone,timestamp with time zone,jsonb,integer) line 24 at RAISE
2026-09-30 07:47:16.852 UTC [669] STATEMENT:  SELECT correct_fact('race-3', '2026-09-21T10:00:00+00:00'::timestamptz, '2026-09-21T12:00:00+00:00'::timestamptz, '{"v": 1}'::jsonb, 2)
2026-09-30 07:47:16.858 UTC [673] ERROR:  expected revision 2 but head is 3
2026-09-30 07:47:16.858 UTC [673] CONTEXT:  PL/pgSQL function correct_fact(text,timestamp with time zone,timestamp with time zone,jsonb,integer) line 24 at RAISE
2026-09-30 07:47:16.858 UTC [673] STATEMENT:  SELECT correct_fact('race-3', '2026-09-21T10:00:00+00:00'::timestamptz, '2026-09-21T12:00:00+00:00'::timestamptz, '{"v": 0}'::jsonb, 2)
2026-09-30 07:47:16.869 UTC [671] ERROR:  expected revision 3 but head is 4
2026-09-30 07:47:16.869 UTC [671] CONTEXT:  PL/pgSQL function correct_fact(text,timestamp with time zone,timestamp with time zone,jsonb,integer) line 24 at RAISE
2026-09-30 07:47:16.869 UTC [671] STATEMENT:  SELECT correct_fact('race-3', '2026-09-21T10:00:00+00:00'::timestamptz, '2026-09-21T12:00:00+00:00'::timestamptz, '{"v": 4}'::jsonb, 3)
2026-09-30 07:47:16.870 UTC [675] ERROR:  expected revision 3 but head is 4
2026-09-30 07:47:16.870 UTC [675] CONTEXT:  PL/pgSQL function correct_fact(text,timestamp with time zone,timestamp with time zone,jsonb,integer) line 24 at RAISE
2026-09-30 07:47:16.870 UTC [675] STATEMENT:  SELECT correct_fact('race-3', '2026-09-21T10:00:00+00:00'::timestamptz, '2026-09-21T12:00:00+00:00'::timestamptz, '{"v": 1}'::jsonb, 3)
2026-09-30 07:47:17.219 UTC [681] ERROR:  expected revision 0 but head is 1
2026-09-30 07:47:17.219 UTC [681] CONTEXT:  PL/pgSQL function correct_fact(text,timestamp with time zone,timestamp with time zone,jsonb,integer) line 24 at RAISE
2026-09-30 07:47:17.219 UTC [681] STATEMENT:  SELECT correct_fact('lab-result-D','2026-09-21T00:00:00+00:00'::timestamptz,'2026-09-21T01:00:00+00:00'::timestamptz,'{"result": 2}'::jsonb,0)
2026-09-30 07:47:17.230 UTC [682] ERROR:  valid interval must be non-empty half-open [from, to)
2026-09-30 07:47:17.230 UTC [682] CONTEXT:  PL/pgSQL function correct_fact(text,timestamp with time zone,timestamp with time zone,jsonb,integer) line 8 at RAISE
2026-09-30 07:47:17.230 UTC [682] STATEMENT:  SELECT correct_fact('lab-result-E','2026-09-21T05:00:00+00:00'::timestamptz,'2026-09-21T05:00:00+00:00'::timestamptz,'{"result": 1}'::jsonb,0)
2026-09-30 07:47:17.231 UTC [682] ERROR:  valid interval must be non-empty half-open [from, to)
2026-09-30 07:47:17.231 UTC [682] CONTEXT:  PL/pgSQL function correct_fact(text,timestamp with time zone,timestamp with time zone,jsonb,integer) line 8 at RAISE
2026-09-30 07:47:17.231 UTC [682] STATEMENT:  SELECT correct_fact('lab-result-E','2026-09-21T09:00:00+00:00'::timestamptz,'2026-09-21T03:00:00+00:00'::timestamptz,'{"result": 1}'::jsonb,0)
2026-09-30 07:47:17.302 UTC [684] ERROR:  fact history is append-only; deletes are forbidden
2026-09-30 07:47:17.302 UTC [684] CONTEXT:  PL/pgSQL function fact_versions_immutable() line 4 at RAISE
2026-09-30 07:47:17.302 UTC [684] STATEMENT:  DELETE FROM fact_versions WHERE object_id='del'
2026-09-30 07:47:17.315 UTC [685] ERROR:  fact rows are immutable; only assert_to may be closed once
2026-09-30 07:47:17.315 UTC [685] CONTEXT:  PL/pgSQL function fact_versions_immutable() line 22 at RAISE
2026-09-30 07:47:17.315 UTC [685] STATEMENT:  UPDATE fact_versions SET value='{"v":999}' WHERE object_id='upd'
2026-09-30 07:47:17.315 UTC [685] ERROR:  fact rows are immutable; only assert_to may be closed once
2026-09-30 07:47:17.315 UTC [685] CONTEXT:  PL/pgSQL function fact_versions_immutable() line 22 at RAISE
2026-09-30 07:47:17.315 UTC [685] STATEMENT:  UPDATE fact_versions SET valid_from=valid_from WHERE object_id='upd'
2026-09-30 07:47:17.316 UTC [685] ERROR:  fact rows are immutable; only assert_to may be closed once
2026-09-30 07:47:17.316 UTC [685] CONTEXT:  PL/pgSQL function fact_versions_immutable() line 22 at RAISE
2026-09-30 07:47:17.316 UTC [685] STATEMENT:  UPDATE fact_versions SET assert_from=assert_from+1 WHERE object_id='upd'
2026-09-30 07:47:17.316 UTC [685] ERROR:  fact rows are immutable; only assert_to may be closed once
2026-09-30 07:47:17.316 UTC [685] CONTEXT:  PL/pgSQL function fact_versions_immutable() line 22 at RAISE
2026-09-30 07:47:17.316 UTC [685] STATEMENT:  UPDATE fact_versions SET assert_to=99 WHERE assert_to IS NOT NULL
2026-09-30 07:47:27.253 UTC [699] ERROR:  expected revision 0 but head is 1
2026-09-30 07:47:27.253 UTC [699] CONTEXT:  PL/pgSQL function correct_fact(text,timestamp with time zone,timestamp with time zone,jsonb,integer) line 24 at RAISE
2026-09-30 07:47:27.253 UTC [699] STATEMENT:  SELECT correct_fact('lab-result-D','2026-09-21T00:00:00+00:00'::timestamptz,'2026-09-21T01:00:00+00:00'::timestamptz,'{"result": 2}'::jsonb,0)
2026-09-30 07:47:27.258 UTC [700] ERROR:  valid interval must be non-empty half-open [from, to)
2026-09-30 07:47:27.258 UTC [700] CONTEXT:  PL/pgSQL function correct_fact(text,timestamp with time zone,timestamp with time zone,jsonb,integer) line 8 at RAISE
2026-09-30 07:47:27.258 UTC [700] STATEMENT:  SELECT correct_fact('lab-result-E','2026-09-21T05:00:00+00:00'::timestamptz,'2026-09-21T05:00:00+00:00'::timestamptz,'{"result": 1}'::jsonb,0)
2026-09-30 07:47:27.258 UTC [700] ERROR:  valid interval must be non-empty half-open [from, to)
2026-09-30 07:47:27.258 UTC [700] CONTEXT:  PL/pgSQL function correct_fact(text,timestamp with time zone,timestamp with time zone,jsonb,integer) line 8 at RAISE
2026-09-30 07:47:27.258 UTC [700] STATEMENT:  SELECT correct_fact('lab-result-E','2026-09-21T09:00:00+00:00'::timestamptz,'2026-09-21T03:00:00+00:00'::timestamptz,'{"result": 1}'::jsonb,0)
2026-09-30 07:48:05.110 UTC [710] ERROR:  expected revision 0 but head is 1
2026-09-30 07:48:05.110 UTC [710] CONTEXT:  PL/pgSQL function correct_fact(text,timestamp with time zone,timestamp with time zone,jsonb,integer) line 24 at RAISE
2026-09-30 07:48:05.110 UTC [710] STATEMENT:  SELECT correct_fact('race-1', '2026-09-21T01:00:00+00:00'::timestamptz, '2026-09-21T02:00:00+00:00'::timestamptz, '{"who": 1}'::jsonb, 0)
2026-09-30 07:48:05.112 UTC [710] ERROR:  expected revision 0 but head is 1
2026-09-30 07:48:05.112 UTC [710] CONTEXT:  PL/pgSQL function correct_fact(text,timestamp with time zone,timestamp with time zone,jsonb,integer) line 24 at RAISE
2026-09-30 07:48:05.112 UTC [710] STATEMENT:  SELECT correct_fact('race-1', '2026-09-21T03:00:00+00:00'::timestamptz, '2026-09-21T04:00:00+00:00'::timestamptz, '{"who": 3}'::jsonb, 0)
2026-09-30 07:48:05.115 UTC [710] ERROR:  expected revision 0 but head is 1
2026-09-30 07:48:05.115 UTC [710] CONTEXT:  PL/pgSQL function correct_fact(text,timestamp with time zone,timestamp with time zone,jsonb,integer) line 24 at RAISE
2026-09-30 07:48:05.115 UTC [710] STATEMENT:  SELECT correct_fact('race-1', '2026-09-21T05:00:00+00:00'::timestamptz, '2026-09-21T06:00:00+00:00'::timestamptz, '{"who": 5}'::jsonb, 0)
2026-09-30 07:48:05.124 UTC [730] ERROR:  expected revision 0 but head is 1
2026-09-30 07:48:05.124 UTC [730] CONTEXT:  PL/pgSQL function correct_fact(text,timestamp with time zone,timestamp with time zone,jsonb,integer) line 24 at RAISE
2026-09-30 07:48:05.124 UTC [730] STATEMENT:  SELECT correct_fact('race-1', '2026-09-21T04:00:00+00:00'::timestamptz, '2026-09-21T05:00:00+00:00'::timestamptz, '{"who": 4}'::jsonb, 0)
2026-09-30 07:48:05.130 UTC [727] ERROR:  expected revision 0 but head is 1
2026-09-30 07:48:05.130 UTC [727] CONTEXT:  PL/pgSQL function correct_fact(text,timestamp with time zone,timestamp with time zone,jsonb,integer) line 24 at RAISE
2026-09-30 07:48:05.130 UTC [727] STATEMENT:  SELECT correct_fact('race-1', '2026-09-21T02:00:00+00:00'::timestamptz, '2026-09-21T03:00:00+00:00'::timestamptz, '{"who": 2}'::jsonb, 0)
2026-09-30 07:48:05.136 UTC [733] ERROR:  expected revision 0 but head is 1
2026-09-30 07:48:05.136 UTC [733] CONTEXT:  PL/pgSQL function correct_fact(text,timestamp with time zone,timestamp with time zone,jsonb,integer) line 24 at RAISE
2026-09-30 07:48:05.136 UTC [733] STATEMENT:  SELECT correct_fact('race-1', '2026-09-21T06:00:00+00:00'::timestamptz, '2026-09-21T07:00:00+00:00'::timestamptz, '{"who": 6}'::jsonb, 0)
2026-09-30 07:48:05.136 UTC [732] ERROR:  expected revision 0 but head is 1
2026-09-30 07:48:05.136 UTC [732] CONTEXT:  PL/pgSQL function correct_fact(text,timestamp with time zone,timestamp with time zone,jsonb,integer) line 24 at RAISE
2026-09-30 07:48:05.136 UTC [732] STATEMENT:  SELECT correct_fact('race-1', '2026-09-21T07:00:00+00:00'::timestamptz, '2026-09-21T08:00:00+00:00'::timestamptz, '{"who": 7}'::jsonb, 0)
2026-09-30 07:48:05.196 UTC [743] ERROR:  expected revision 1 but head is 2
2026-09-30 07:48:05.196 UTC [743] CONTEXT:  PL/pgSQL function correct_fact(text,timestamp with time zone,timestamp with time zone,jsonb,integer) line 24 at RAISE
2026-09-30 07:48:05.196 UTC [743] STATEMENT:  SELECT correct_fact('race-2', '2026-09-21T06:00:00+00:00'::timestamptz, '2026-09-21T07:00:00+00:00'::timestamptz, '{"v": 6}'::jsonb, 1)
2026-09-30 07:48:05.196 UTC [744] ERROR:  expected revision 0 but head is 2
2026-09-30 07:48:05.196 UTC [744] CONTEXT:  PL/pgSQL function correct_fact(text,timestamp with time zone,timestamp with time zone,jsonb,integer) line 24 at RAISE
2026-09-30 07:48:05.196 UTC [744] STATEMENT:  SELECT correct_fact('race-2', '2026-09-21T01:00:00+00:00'::timestamptz, '2026-09-21T02:00:00+00:00'::timestamptz, '{"v": 1}'::jsonb, 0)
2026-09-30 07:48:05.198 UTC [742] ERROR:  expected revision 1 but head is 2
2026-09-30 07:48:05.198 UTC [742] CONTEXT:  PL/pgSQL function correct_fact(text,timestamp with time zone,timestamp with time zone,jsonb,integer) line 24 at RAISE
2026-09-30 07:48:05.198 UTC [742] STATEMENT:  SELECT correct_fact('race-2', '2026-09-21T04:00:00+00:00'::timestamptz, '2026-09-21T05:00:00+00:00'::timestamptz, '{"v": 4}'::jsonb, 1)
2026-09-30 07:48:05.198 UTC [743] ERROR:  expected revision 1 but head is 2
2026-09-30 07:48:05.198 UTC [743] CONTEXT:  PL/pgSQL function correct_fact(text,timestamp with time zone,timestamp with time zone,jsonb,integer) line 24 at RAISE
2026-09-30 07:48:05.198 UTC [743] STATEMENT:  SELECT correct_fact('race-2', '2026-09-21T03:00:00+00:00'::timestamptz, '2026-09-21T04:00:00+00:00'::timestamptz, '{"v": 3}'::jsonb, 1)
2026-09-30 07:48:05.211 UTC [743] ERROR:  expected revision 2 but head is 3
2026-09-30 07:48:05.211 UTC [743] CONTEXT:  PL/pgSQL function correct_fact(text,timestamp with time zone,timestamp with time zone,jsonb,integer) line 24 at RAISE
2026-09-30 07:48:05.211 UTC [743] STATEMENT:  SELECT correct_fact('race-2', '2026-09-21T07:00:00+00:00'::timestamptz, '2026-09-21T08:00:00+00:00'::timestamptz, '{"v": 7}'::jsonb, 2)
2026-09-30 07:48:05.226 UTC [746] ERROR:  expected revision 3 but head is 4
2026-09-30 07:48:05.226 UTC [746] CONTEXT:  PL/pgSQL function correct_fact(text,timestamp with time zone,timestamp with time zone,jsonb,integer) line 24 at RAISE
2026-09-30 07:48:05.226 UTC [746] STATEMENT:  SELECT correct_fact('race-2', '2026-09-21T03:00:00+00:00'::timestamptz, '2026-09-21T04:00:00+00:00'::timestamptz, '{"v": 3}'::jsonb, 3)
2026-09-30 07:48:05.241 UTC [750] ERROR:  expected revision 4 but head is 5
2026-09-30 07:48:05.241 UTC [750] CONTEXT:  PL/pgSQL function correct_fact(text,timestamp with time zone,timestamp with time zone,jsonb,integer) line 24 at RAISE
2026-09-30 07:48:05.241 UTC [750] STATEMENT:  SELECT correct_fact('race-2', '2026-09-21T09:00:00+00:00'::timestamptz, '2026-09-21T10:00:00+00:00'::timestamptz, '{"v": 9}'::jsonb, 4)
2026-09-30 07:48:05.243 UTC [752] ERROR:  expected revision 4 but head is 5
2026-09-30 07:48:05.243 UTC [752] CONTEXT:  PL/pgSQL function correct_fact(text,timestamp with time zone,timestamp with time zone,jsonb,integer) line 24 at RAISE
2026-09-30 07:48:05.243 UTC [752] STATEMENT:  SELECT correct_fact('race-2', '2026-09-21T08:00:00+00:00'::timestamptz, '2026-09-21T09:00:00+00:00'::timestamptz, '{"v": 8}'::jsonb, 4)
2026-09-30 07:48:05.248 UTC [753] ERROR:  expected revision 4 but head is 6
2026-09-30 07:48:05.248 UTC [753] CONTEXT:  PL/pgSQL function correct_fact(text,timestamp with time zone,timestamp with time zone,jsonb,integer) line 24 at RAISE
2026-09-30 07:48:05.248 UTC [753] STATEMENT:  SELECT correct_fact('race-2', '2026-09-21T07:00:00+00:00'::timestamptz, '2026-09-21T08:00:00+00:00'::timestamptz, '{"v": 7}'::jsonb, 4)
2026-09-30 07:48:05.249 UTC [751] ERROR:  expected revision 3 but head is 6
2026-09-30 07:48:05.249 UTC [751] CONTEXT:  PL/pgSQL function correct_fact(text,timestamp with time zone,timestamp with time zone,jsonb,integer) line 24 at RAISE
2026-09-30 07:48:05.249 UTC [751] STATEMENT:  SELECT correct_fact('race-2', '2026-09-21T01:00:00+00:00'::timestamptz, '2026-09-21T02:00:00+00:00'::timestamptz, '{"v": 1}'::jsonb, 3)
2026-09-30 07:48:05.263 UTC [756] ERROR:  expected revision 6 but head is 7
2026-09-30 07:48:05.263 UTC [756] CONTEXT:  PL/pgSQL function correct_fact(text,timestamp with time zone,timestamp with time zone,jsonb,integer) line 24 at RAISE
2026-09-30 07:48:05.263 UTC [756] STATEMENT:  SELECT correct_fact('race-2', '2026-09-21T09:00:00+00:00'::timestamptz, '2026-09-21T10:00:00+00:00'::timestamptz, '{"v": 9}'::jsonb, 6)
2026-09-30 07:48:05.264 UTC [755] ERROR:  expected revision 5 but head is 7
2026-09-30 07:48:05.264 UTC [755] CONTEXT:  PL/pgSQL function correct_fact(text,timestamp with time zone,timestamp with time zone,jsonb,integer) line 24 at RAISE
2026-09-30 07:48:05.264 UTC [755] STATEMENT:  SELECT correct_fact('race-2', '2026-09-21T03:00:00+00:00'::timestamptz, '2026-09-21T04:00:00+00:00'::timestamptz, '{"v": 3}'::jsonb, 5)
2026-09-30 07:48:05.265 UTC [752] ERROR:  expected revision 6 but head is 7
2026-09-30 07:48:05.265 UTC [752] CONTEXT:  PL/pgSQL function correct_fact(text,timestamp with time zone,timestamp with time zone,jsonb,integer) line 24 at RAISE
2026-09-30 07:48:05.265 UTC [752] STATEMENT:  SELECT correct_fact('race-2', '2026-09-21T08:00:00+00:00'::timestamptz, '2026-09-21T09:00:00+00:00'::timestamptz, '{"v": 8}'::jsonb, 6)
2026-09-30 07:48:05.277 UTC [760] ERROR:  expected revision 7 but head is 8
2026-09-30 07:48:05.277 UTC [760] CONTEXT:  PL/pgSQL function correct_fact(text,timestamp with time zone,timestamp with time zone,jsonb,integer) line 24 at RAISE
2026-09-30 07:48:05.277 UTC [760] STATEMENT:  SELECT correct_fact('race-2', '2026-09-21T07:00:00+00:00'::timestamptz, '2026-09-21T08:00:00+00:00'::timestamptz, '{"v": 7}'::jsonb, 7)
2026-09-30 07:48:05.279 UTC [761] ERROR:  expected revision 7 but head is 8
2026-09-30 07:48:05.279 UTC [761] CONTEXT:  PL/pgSQL function correct_fact(text,timestamp with time zone,timestamp with time zone,jsonb,integer) line 24 at RAISE
2026-09-30 07:48:05.279 UTC [761] STATEMENT:  SELECT correct_fact('race-2', '2026-09-21T09:00:00+00:00'::timestamptz, '2026-09-21T10:00:00+00:00'::timestamptz, '{"v": 9}'::jsonb, 7)
2026-09-30 07:48:05.283 UTC [761] ERROR:  expected revision 8 but head is 9
2026-09-30 07:48:05.283 UTC [761] CONTEXT:  PL/pgSQL function correct_fact(text,timestamp with time zone,timestamp with time zone,jsonb,integer) line 24 at RAISE
2026-09-30 07:48:05.283 UTC [761] STATEMENT:  SELECT correct_fact('race-2', '2026-09-21T08:00:00+00:00'::timestamptz, '2026-09-21T09:00:00+00:00'::timestamptz, '{"v": 8}'::jsonb, 8)
2026-09-30 07:48:05.300 UTC [765] ERROR:  expected revision 10 but head is 11
2026-09-30 07:48:05.300 UTC [765] CONTEXT:  PL/pgSQL function correct_fact(text,timestamp with time zone,timestamp with time zone,jsonb,integer) line 24 at RAISE
2026-09-30 07:48:05.300 UTC [765] STATEMENT:  SELECT correct_fact('race-2', '2026-09-21T08:00:00+00:00'::timestamptz, '2026-09-21T09:00:00+00:00'::timestamptz, '{"v": 8}'::jsonb, 10)
2026-09-30 07:48:05.371 UTC [772] ERROR:  expected revision 1 but head is 2
2026-09-30 07:48:05.371 UTC [772] CONTEXT:  PL/pgSQL function correct_fact(text,timestamp with time zone,timestamp with time zone,jsonb,integer) line 24 at RAISE
2026-09-30 07:48:05.371 UTC [772] STATEMENT:  SELECT correct_fact('race-3', '2026-09-21T10:00:00+00:00'::timestamptz, '2026-09-21T12:00:00+00:00'::timestamptz, '{"v": 1}'::jsonb, 1)
2026-09-30 07:48:05.372 UTC [776] ERROR:  expected revision 1 but head is 2
2026-09-30 07:48:05.372 UTC [776] CONTEXT:  PL/pgSQL function correct_fact(text,timestamp with time zone,timestamp with time zone,jsonb,integer) line 24 at RAISE
2026-09-30 07:48:05.372 UTC [776] STATEMENT:  SELECT correct_fact('race-3', '2026-09-21T10:00:00+00:00'::timestamptz, '2026-09-21T12:00:00+00:00'::timestamptz, '{"v": 5}'::jsonb, 1)
2026-09-30 07:48:05.374 UTC [776] ERROR:  expected revision 1 but head is 2
2026-09-30 07:48:05.374 UTC [776] CONTEXT:  PL/pgSQL function correct_fact(text,timestamp with time zone,timestamp with time zone,jsonb,integer) line 24 at RAISE
2026-09-30 07:48:05.374 UTC [776] STATEMENT:  SELECT correct_fact('race-3', '2026-09-21T10:00:00+00:00'::timestamptz, '2026-09-21T12:00:00+00:00'::timestamptz, '{"v": 4}'::jsonb, 1)
2026-09-30 07:48:05.379 UTC [777] ERROR:  expected revision 1 but head is 2
2026-09-30 07:48:05.379 UTC [777] CONTEXT:  PL/pgSQL function correct_fact(text,timestamp with time zone,timestamp with time zone,jsonb,integer) line 24 at RAISE
2026-09-30 07:48:05.379 UTC [777] STATEMENT:  SELECT correct_fact('race-3', '2026-09-21T10:00:00+00:00'::timestamptz, '2026-09-21T12:00:00+00:00'::timestamptz, '{"v": 3}'::jsonb, 1)
2026-09-30 07:48:05.379 UTC [778] ERROR:  expected revision 1 but head is 2
2026-09-30 07:48:05.379 UTC [778] CONTEXT:  PL/pgSQL function correct_fact(text,timestamp with time zone,timestamp with time zone,jsonb,integer) line 24 at RAISE
2026-09-30 07:48:05.379 UTC [778] STATEMENT:  SELECT correct_fact('race-3', '2026-09-21T10:00:00+00:00'::timestamptz, '2026-09-21T12:00:00+00:00'::timestamptz, '{"v": 0}'::jsonb, 1)
2026-09-30 07:48:05.390 UTC [779] ERROR:  expected revision 2 but head is 3
2026-09-30 07:48:05.390 UTC [779] CONTEXT:  PL/pgSQL function correct_fact(text,timestamp with time zone,timestamp with time zone,jsonb,integer) line 24 at RAISE
2026-09-30 07:48:05.390 UTC [779] STATEMENT:  SELECT correct_fact('race-3', '2026-09-21T10:00:00+00:00'::timestamptz, '2026-09-21T12:00:00+00:00'::timestamptz, '{"v": 5}'::jsonb, 2)
2026-09-30 07:48:05.391 UTC [780] ERROR:  expected revision 2 but head is 3
2026-09-30 07:48:05.391 UTC [780] CONTEXT:  PL/pgSQL function correct_fact(text,timestamp with time zone,timestamp with time zone,jsonb,integer) line 24 at RAISE
2026-09-30 07:48:05.391 UTC [780] STATEMENT:  SELECT correct_fact('race-3', '2026-09-21T10:00:00+00:00'::timestamptz, '2026-09-21T12:00:00+00:00'::timestamptz, '{"v": 4}'::jsonb, 2)
2026-09-30 07:48:05.406 UTC [783] ERROR:  expected revision 3 but head is 4
2026-09-30 07:48:05.406 UTC [783] CONTEXT:  PL/pgSQL function correct_fact(text,timestamp with time zone,timestamp with time zone,jsonb,integer) line 24 at RAISE
2026-09-30 07:48:05.406 UTC [783] STATEMENT:  SELECT correct_fact('race-3', '2026-09-21T10:00:00+00:00'::timestamptz, '2026-09-21T12:00:00+00:00'::timestamptz, '{"v": 3}'::jsonb, 3)
2026-09-30 07:48:05.406 UTC [782] ERROR:  expected revision 2 but head is 4
2026-09-30 07:48:05.406 UTC [782] CONTEXT:  PL/pgSQL function correct_fact(text,timestamp with time zone,timestamp with time zone,jsonb,integer) line 24 at RAISE
2026-09-30 07:48:05.406 UTC [782] STATEMENT:  SELECT correct_fact('race-3', '2026-09-21T10:00:00+00:00'::timestamptz, '2026-09-21T12:00:00+00:00'::timestamptz, '{"v": 0}'::jsonb, 2)
2026-09-30 07:48:05.414 UTC [784] ERROR:  expected revision 3 but head is 4
2026-09-30 07:48:05.414 UTC [784] CONTEXT:  PL/pgSQL function correct_fact(text,timestamp with time zone,timestamp with time zone,jsonb,integer) line 24 at RAISE
2026-09-30 07:48:05.414 UTC [784] STATEMENT:  SELECT correct_fact('race-3', '2026-09-21T10:00:00+00:00'::timestamptz, '2026-09-21T12:00:00+00:00'::timestamptz, '{"v": 4}'::jsonb, 3)
2026-09-30 07:48:05.428 UTC [785] ERROR:  expected revision 4 but head is 5
2026-09-30 07:48:05.428 UTC [785] CONTEXT:  PL/pgSQL function correct_fact(text,timestamp with time zone,timestamp with time zone,jsonb,integer) line 24 at RAISE
2026-09-30 07:48:05.428 UTC [785] STATEMENT:  SELECT correct_fact('race-3', '2026-09-21T10:00:00+00:00'::timestamptz, '2026-09-21T12:00:00+00:00'::timestamptz, '{"v": 3}'::jsonb, 4)
2026-09-30 07:48:05.430 UTC [786] ERROR:  expected revision 4 but head is 5
2026-09-30 07:48:05.430 UTC [786] CONTEXT:  PL/pgSQL function correct_fact(text,timestamp with time zone,timestamp with time zone,jsonb,integer) line 24 at RAISE
2026-09-30 07:48:05.430 UTC [786] STATEMENT:  SELECT correct_fact('race-3', '2026-09-21T10:00:00+00:00'::timestamptz, '2026-09-21T12:00:00+00:00'::timestamptz, '{"v": 4}'::jsonb, 4)
2026-09-30 07:48:05.749 UTC [792] ERROR:  expected revision 0 but head is 1
2026-09-30 07:48:05.749 UTC [792] CONTEXT:  PL/pgSQL function correct_fact(text,timestamp with time zone,timestamp with time zone,jsonb,integer) line 24 at RAISE
2026-09-30 07:48:05.749 UTC [792] STATEMENT:  SELECT correct_fact('lab-result-D','2026-09-21T00:00:00+00:00'::timestamptz,'2026-09-21T01:00:00+00:00'::timestamptz,'{"result": 2}'::jsonb,0)
2026-09-30 07:48:05.758 UTC [793] ERROR:  valid interval must be non-empty half-open [from, to)
2026-09-30 07:48:05.758 UTC [793] CONTEXT:  PL/pgSQL function correct_fact(text,timestamp with time zone,timestamp with time zone,jsonb,integer) line 8 at RAISE
2026-09-30 07:48:05.758 UTC [793] STATEMENT:  SELECT correct_fact('lab-result-E','2026-09-21T05:00:00+00:00'::timestamptz,'2026-09-21T05:00:00+00:00'::timestamptz,'{"result": 1}'::jsonb,0)
2026-09-30 07:48:05.759 UTC [793] ERROR:  valid interval must be non-empty half-open [from, to)
2026-09-30 07:48:05.759 UTC [793] CONTEXT:  PL/pgSQL function correct_fact(text,timestamp with time zone,timestamp with time zone,jsonb,integer) line 8 at RAISE
2026-09-30 07:48:05.759 UTC [793] STATEMENT:  SELECT correct_fact('lab-result-E','2026-09-21T09:00:00+00:00'::timestamptz,'2026-09-21T03:00:00+00:00'::timestamptz,'{"result": 1}'::jsonb,0)
2026-09-30 07:48:05.798 UTC [795] ERROR:  fact history is append-only; deletes are forbidden
2026-09-30 07:48:05.798 UTC [795] CONTEXT:  PL/pgSQL function fact_versions_immutable() line 4 at RAISE
2026-09-30 07:48:05.798 UTC [795] STATEMENT:  DELETE FROM fact_versions WHERE object_id='del'
2026-09-30 07:48:05.830 UTC [796] ERROR:  fact rows are immutable; only assert_to may be closed once
2026-09-30 07:48:05.830 UTC [796] CONTEXT:  PL/pgSQL function fact_versions_immutable() line 22 at RAISE
2026-09-30 07:48:05.830 UTC [796] STATEMENT:  UPDATE fact_versions SET value='{"v":999}' WHERE object_id='upd'
2026-09-30 07:48:05.833 UTC [796] ERROR:  fact rows are immutable; only assert_to may be closed once
2026-09-30 07:48:05.833 UTC [796] CONTEXT:  PL/pgSQL function fact_versions_immutable() line 22 at RAISE
2026-09-30 07:48:05.833 UTC [796] STATEMENT:  UPDATE fact_versions SET valid_from=valid_from WHERE object_id='upd'
2026-09-30 07:48:05.840 UTC [796] ERROR:  fact rows are immutable; only assert_to may be closed once
2026-09-30 07:48:05.840 UTC [796] CONTEXT:  PL/pgSQL function fact_versions_immutable() line 22 at RAISE
2026-09-30 07:48:05.840 UTC [796] STATEMENT:  UPDATE fact_versions SET assert_from=assert_from+1 WHERE object_id='upd'
2026-09-30 07:48:05.840 UTC [796] ERROR:  fact rows are immutable; only assert_to may be closed once
2026-09-30 07:48:05.840 UTC [796] CONTEXT:  PL/pgSQL function fact_versions_immutable() line 22 at RAISE
2026-09-30 07:48:05.840 UTC [796] STATEMENT:  UPDATE fact_versions SET assert_to=99 WHERE assert_to IS NOT NULL
2026-09-30 07:51:37.726 UTC [824] ERROR:  expected revision 0 but head is 1
2026-09-30 07:51:37.726 UTC [824] CONTEXT:  PL/pgSQL function correct_fact(text,timestamp with time zone,timestamp with time zone,jsonb,integer) line 24 at RAISE
2026-09-30 07:51:37.726 UTC [824] STATEMENT:  SELECT correct_fact('race-1', '2026-09-21T02:00:00+00:00'::timestamptz, '2026-09-21T03:00:00+00:00'::timestamptz, '{"who": 2}'::jsonb, 0)
2026-09-30 07:51:37.727 UTC [824] ERROR:  expected revision 0 but head is 1
2026-09-30 07:51:37.727 UTC [824] CONTEXT:  PL/pgSQL function correct_fact(text,timestamp with time zone,timestamp with time zone,jsonb,integer) line 24 at RAISE
2026-09-30 07:51:37.727 UTC [824] STATEMENT:  SELECT correct_fact('race-1', '2026-09-21T01:00:00+00:00'::timestamptz, '2026-09-21T02:00:00+00:00'::timestamptz, '{"who": 1}'::jsonb, 0)
2026-09-30 07:51:37.733 UTC [841] ERROR:  expected revision 0 but head is 1
2026-09-30 07:51:37.733 UTC [841] CONTEXT:  PL/pgSQL function correct_fact(text,timestamp with time zone,timestamp with time zone,jsonb,integer) line 24 at RAISE
2026-09-30 07:51:37.733 UTC [841] STATEMENT:  SELECT correct_fact('race-1', '2026-09-21T04:00:00+00:00'::timestamptz, '2026-09-21T05:00:00+00:00'::timestamptz, '{"who": 4}'::jsonb, 0)
2026-09-30 07:51:37.736 UTC [844] ERROR:  expected revision 0 but head is 1
2026-09-30 07:51:37.736 UTC [844] CONTEXT:  PL/pgSQL function correct_fact(text,timestamp with time zone,timestamp with time zone,jsonb,integer) line 24 at RAISE
2026-09-30 07:51:37.736 UTC [844] STATEMENT:  SELECT correct_fact('race-1', '2026-09-21T03:00:00+00:00'::timestamptz, '2026-09-21T04:00:00+00:00'::timestamptz, '{"who": 3}'::jsonb, 0)
2026-09-30 07:51:37.738 UTC [847] ERROR:  expected revision 0 but head is 1
2026-09-30 07:51:37.738 UTC [847] CONTEXT:  PL/pgSQL function correct_fact(text,timestamp with time zone,timestamp with time zone,jsonb,integer) line 24 at RAISE
2026-09-30 07:51:37.738 UTC [847] STATEMENT:  SELECT correct_fact('race-1', '2026-09-21T06:00:00+00:00'::timestamptz, '2026-09-21T07:00:00+00:00'::timestamptz, '{"who": 6}'::jsonb, 0)
2026-09-30 07:51:37.738 UTC [846] ERROR:  expected revision 0 but head is 1
2026-09-30 07:51:37.738 UTC [846] CONTEXT:  PL/pgSQL function correct_fact(text,timestamp with time zone,timestamp with time zone,jsonb,integer) line 24 at RAISE
2026-09-30 07:51:37.738 UTC [846] STATEMENT:  SELECT correct_fact('race-1', '2026-09-21T05:00:00+00:00'::timestamptz, '2026-09-21T06:00:00+00:00'::timestamptz, '{"who": 5}'::jsonb, 0)
2026-09-30 07:51:37.739 UTC [848] ERROR:  expected revision 0 but head is 1
2026-09-30 07:51:37.739 UTC [848] CONTEXT:  PL/pgSQL function correct_fact(text,timestamp with time zone,timestamp with time zone,jsonb,integer) line 24 at RAISE
2026-09-30 07:51:37.739 UTC [848] STATEMENT:  SELECT correct_fact('race-1', '2026-09-21T07:00:00+00:00'::timestamptz, '2026-09-21T08:00:00+00:00'::timestamptz, '{"who": 7}'::jsonb, 0)
2026-09-30 07:51:37.780 UTC [853] ERROR:  expected revision 0 but head is 2
2026-09-30 07:51:37.780 UTC [853] CONTEXT:  PL/pgSQL function correct_fact(text,timestamp with time zone,timestamp with time zone,jsonb,integer) line 24 at RAISE
2026-09-30 07:51:37.780 UTC [853] STATEMENT:  SELECT correct_fact('race-2', '2026-09-21T00:00:00+00:00'::timestamptz, '2026-09-21T01:00:00+00:00'::timestamptz, '{"v": 0}'::jsonb, 0)
2026-09-30 07:51:37.781 UTC [857] ERROR:  expected revision 1 but head is 2
2026-09-30 07:51:37.781 UTC [857] CONTEXT:  PL/pgSQL function correct_fact(text,timestamp with time zone,timestamp with time zone,jsonb,integer) line 24 at RAISE
2026-09-30 07:51:37.781 UTC [857] STATEMENT:  SELECT correct_fact('race-2', '2026-09-21T05:00:00+00:00'::timestamptz, '2026-09-21T06:00:00+00:00'::timestamptz, '{"v": 5}'::jsonb, 1)
2026-09-30 07:51:37.784 UTC [858] ERROR:  expected revision 1 but head is 2
2026-09-30 07:51:37.784 UTC [858] CONTEXT:  PL/pgSQL function correct_fact(text,timestamp with time zone,timestamp with time zone,jsonb,integer) line 24 at RAISE
2026-09-30 07:51:37.784 UTC [858] STATEMENT:  SELECT correct_fact('race-2', '2026-09-21T04:00:00+00:00'::timestamptz, '2026-09-21T05:00:00+00:00'::timestamptz, '{"v": 4}'::jsonb, 1)
2026-09-30 07:51:37.785 UTC [859] ERROR:  expected revision 0 but head is 2
2026-09-30 07:51:37.785 UTC [859] CONTEXT:  PL/pgSQL function correct_fact(text,timestamp with time zone,timestamp with time zone,jsonb,integer) line 24 at RAISE
2026-09-30 07:51:37.785 UTC [859] STATEMENT:  SELECT correct_fact('race-2', '2026-09-21T03:00:00+00:00'::timestamptz, '2026-09-21T04:00:00+00:00'::timestamptz, '{"v": 3}'::jsonb, 0)
2026-09-30 07:51:37.785 UTC [857] ERROR:  expected revision 1 but head is 2
2026-09-30 07:51:37.785 UTC [857] CONTEXT:  PL/pgSQL function correct_fact(text,timestamp with time zone,timestamp with time zone,jsonb,integer) line 24 at RAISE
2026-09-30 07:51:37.785 UTC [857] STATEMENT:  SELECT correct_fact('race-2', '2026-09-21T02:00:00+00:00'::timestamptz, '2026-09-21T03:00:00+00:00'::timestamptz, '{"v": 2}'::jsonb, 1)
2026-09-30 07:51:37.810 UTC [861] ERROR:  expected revision 2 but head is 3
2026-09-30 07:51:37.810 UTC [861] CONTEXT:  PL/pgSQL function correct_fact(text,timestamp with time zone,timestamp with time zone,jsonb,integer) line 24 at RAISE
2026-09-30 07:51:37.810 UTC [861] STATEMENT:  SELECT correct_fact('race-2', '2026-09-21T07:00:00+00:00'::timestamptz, '2026-09-21T08:00:00+00:00'::timestamptz, '{"v": 7}'::jsonb, 2)
2026-09-30 07:51:37.819 UTC [865] ERROR:  expected revision 2 but head is 4
2026-09-30 07:51:37.819 UTC [865] CONTEXT:  PL/pgSQL function correct_fact(text,timestamp with time zone,timestamp with time zone,jsonb,integer) line 24 at RAISE
2026-09-30 07:51:37.819 UTC [865] STATEMENT:  SELECT correct_fact('race-2', '2026-09-21T05:00:00+00:00'::timestamptz, '2026-09-21T06:00:00+00:00'::timestamptz, '{"v": 5}'::jsonb, 2)
2026-09-30 07:51:37.819 UTC [863] ERROR:  expected revision 3 but head is 4
2026-09-30 07:51:37.819 UTC [863] CONTEXT:  PL/pgSQL function correct_fact(text,timestamp with time zone,timestamp with time zone,jsonb,integer) line 24 at RAISE
2026-09-30 07:51:37.819 UTC [863] STATEMENT:  SELECT correct_fact('race-2', '2026-09-21T03:00:00+00:00'::timestamptz, '2026-09-21T04:00:00+00:00'::timestamptz, '{"v": 3}'::jsonb, 3)
2026-09-30 07:51:37.820 UTC [862] ERROR:  expected revision 3 but head is 4
2026-09-30 07:51:37.820 UTC [862] CONTEXT:  PL/pgSQL function correct_fact(text,timestamp with time zone,timestamp with time zone,jsonb,integer) line 24 at RAISE
2026-09-30 07:51:37.820 UTC [862] STATEMENT:  SELECT correct_fact('race-2', '2026-09-21T02:00:00+00:00'::timestamptz, '2026-09-21T03:00:00+00:00'::timestamptz, '{"v": 2}'::jsonb, 3)
2026-09-30 07:51:37.833 UTC [866] ERROR:  expected revision 3 but head is 5
2026-09-30 07:51:37.833 UTC [866] CONTEXT:  PL/pgSQL function correct_fact(text,timestamp with time zone,timestamp with time zone,jsonb,integer) line 24 at RAISE
2026-09-30 07:51:37.833 UTC [866] STATEMENT:  SELECT correct_fact('race-2', '2026-09-21T04:00:00+00:00'::timestamptz, '2026-09-21T05:00:00+00:00'::timestamptz, '{"v": 4}'::jsonb, 3)
2026-09-30 07:51:37.836 UTC [867] ERROR:  expected revision 4 but head is 5
2026-09-30 07:51:37.836 UTC [867] CONTEXT:  PL/pgSQL function correct_fact(text,timestamp with time zone,timestamp with time zone,jsonb,integer) line 24 at RAISE
2026-09-30 07:51:37.836 UTC [867] STATEMENT:  SELECT correct_fact('race-2', '2026-09-21T07:00:00+00:00'::timestamptz, '2026-09-21T08:00:00+00:00'::timestamptz, '{"v": 7}'::jsonb, 4)
2026-09-30 07:51:37.847 UTC [873] ERROR:  expected revision 5 but head is 6
2026-09-30 07:51:37.847 UTC [873] CONTEXT:  PL/pgSQL function correct_fact(text,timestamp with time zone,timestamp with time zone,jsonb,integer) line 24 at RAISE
2026-09-30 07:51:37.847 UTC [873] STATEMENT:  SELECT correct_fact('race-2', '2026-09-21T05:00:00+00:00'::timestamptz, '2026-09-21T06:00:00+00:00'::timestamptz, '{"v": 5}'::jsonb, 5)
2026-09-30 07:51:37.847 UTC [871] ERROR:  expected revision 5 but head is 6
2026-09-30 07:51:37.847 UTC [871] CONTEXT:  PL/pgSQL function correct_fact(text,timestamp with time zone,timestamp with time zone,jsonb,integer) line 24 at RAISE
2026-09-30 07:51:37.847 UTC [871] STATEMENT:  SELECT correct_fact('race-2', '2026-09-21T10:00:00+00:00'::timestamptz, '2026-09-21T11:00:00+00:00'::timestamptz, '{"v": 10}'::jsonb, 5)
2026-09-30 07:51:37.848 UTC [872] ERROR:  expected revision 5 but head is 6
2026-09-30 07:51:37.848 UTC [872] CONTEXT:  PL/pgSQL function correct_fact(text,timestamp with time zone,timestamp with time zone,jsonb,integer) line 24 at RAISE
2026-09-30 07:51:37.848 UTC [872] STATEMENT:  SELECT correct_fact('race-2', '2026-09-21T02:00:00+00:00'::timestamptz, '2026-09-21T03:00:00+00:00'::timestamptz, '{"v": 2}'::jsonb, 5)
2026-09-30 07:51:37.858 UTC [876] ERROR:  expected revision 6 but head is 7
2026-09-30 07:51:37.858 UTC [876] CONTEXT:  PL/pgSQL function correct_fact(text,timestamp with time zone,timestamp with time zone,jsonb,integer) line 24 at RAISE
2026-09-30 07:51:37.858 UTC [876] STATEMENT:  SELECT correct_fact('race-2', '2026-09-21T07:00:00+00:00'::timestamptz, '2026-09-21T08:00:00+00:00'::timestamptz, '{"v": 7}'::jsonb, 6)
2026-09-30 07:51:37.861 UTC [875] ERROR:  expected revision 6 but head is 7
2026-09-30 07:51:37.861 UTC [875] CONTEXT:  PL/pgSQL function correct_fact(text,timestamp with time zone,timestamp with time zone,jsonb,integer) line 24 at RAISE
2026-09-30 07:51:37.861 UTC [875] STATEMENT:  SELECT correct_fact('race-2', '2026-09-21T05:00:00+00:00'::timestamptz, '2026-09-21T06:00:00+00:00'::timestamptz, '{"v": 5}'::jsonb, 6)
2026-09-30 07:51:37.862 UTC [876] ERROR:  expected revision 6 but head is 7
2026-09-30 07:51:37.862 UTC [876] CONTEXT:  PL/pgSQL function correct_fact(text,timestamp with time zone,timestamp with time zone,jsonb,integer) line 24 at RAISE
2026-09-30 07:51:37.862 UTC [876] STATEMENT:  SELECT correct_fact('race-2', '2026-09-21T10:00:00+00:00'::timestamptz, '2026-09-21T11:00:00+00:00'::timestamptz, '{"v": 10}'::jsonb, 6)
2026-09-30 07:51:37.867 UTC [877] ERROR:  expected revision 6 but head is 8
2026-09-30 07:51:37.867 UTC [877] CONTEXT:  PL/pgSQL function correct_fact(text,timestamp with time zone,timestamp with time zone,jsonb,integer) line 24 at RAISE
2026-09-30 07:51:37.867 UTC [877] STATEMENT:  SELECT correct_fact('race-2', '2026-09-21T11:00:00+00:00'::timestamptz, '2026-09-21T12:00:00+00:00'::timestamptz, '{"v": 11}'::jsonb, 6)
2026-09-30 07:51:37.868 UTC [876] ERROR:  expected revision 7 but head is 8
2026-09-30 07:51:37.868 UTC [876] CONTEXT:  PL/pgSQL function correct_fact(text,timestamp with time zone,timestamp with time zone,jsonb,integer) line 24 at RAISE
2026-09-30 07:51:37.868 UTC [876] STATEMENT:  SELECT correct_fact('race-2', '2026-09-21T07:00:00+00:00'::timestamptz, '2026-09-21T08:00:00+00:00'::timestamptz, '{"v": 7}'::jsonb, 7)
2026-09-30 07:51:37.878 UTC [878] ERROR:  expected revision 8 but head is 9
2026-09-30 07:51:37.878 UTC [878] CONTEXT:  PL/pgSQL function correct_fact(text,timestamp with time zone,timestamp with time zone,jsonb,integer) line 24 at RAISE
2026-09-30 07:51:37.878 UTC [878] STATEMENT:  SELECT correct_fact('race-2', '2026-09-21T05:00:00+00:00'::timestamptz, '2026-09-21T06:00:00+00:00'::timestamptz, '{"v": 5}'::jsonb, 8)
2026-09-30 07:51:37.885 UTC [880] ERROR:  expected revision 9 but head is 10
2026-09-30 07:51:37.885 UTC [880] CONTEXT:  PL/pgSQL function correct_fact(text,timestamp with time zone,timestamp with time zone,jsonb,integer) line 24 at RAISE
2026-09-30 07:51:37.885 UTC [880] STATEMENT:  SELECT correct_fact('race-2', '2026-09-21T11:00:00+00:00'::timestamptz, '2026-09-21T12:00:00+00:00'::timestamptz, '{"v": 11}'::jsonb, 9)
2026-09-30 07:51:37.946 UTC [888] ERROR:  expected revision 1 but head is 2
2026-09-30 07:51:37.946 UTC [888] CONTEXT:  PL/pgSQL function correct_fact(text,timestamp with time zone,timestamp with time zone,jsonb,integer) line 24 at RAISE
2026-09-30 07:51:37.946 UTC [888] STATEMENT:  SELECT correct_fact('race-3', '2026-09-21T10:00:00+00:00'::timestamptz, '2026-09-21T12:00:00+00:00'::timestamptz, '{"v": 3}'::jsonb, 1)
2026-09-30 07:51:37.949 UTC [887] ERROR:  expected revision 1 but head is 2
2026-09-30 07:51:37.949 UTC [887] CONTEXT:  PL/pgSQL function correct_fact(text,timestamp with time zone,timestamp with time zone,jsonb,integer) line 24 at RAISE
2026-09-30 07:51:37.949 UTC [887] STATEMENT:  SELECT correct_fact('race-3', '2026-09-21T10:00:00+00:00'::timestamptz, '2026-09-21T12:00:00+00:00'::timestamptz, '{"v": 0}'::jsonb, 1)
2026-09-30 07:51:37.954 UTC [887] ERROR:  expected revision 2 but head is 3
2026-09-30 07:51:37.954 UTC [887] CONTEXT:  PL/pgSQL function correct_fact(text,timestamp with time zone,timestamp with time zone,jsonb,integer) line 24 at RAISE
2026-09-30 07:51:37.954 UTC [887] STATEMENT:  SELECT correct_fact('race-3', '2026-09-21T10:00:00+00:00'::timestamptz, '2026-09-21T12:00:00+00:00'::timestamptz, '{"v": 5}'::jsonb, 2)
2026-09-30 07:51:37.955 UTC [892] ERROR:  expected revision 2 but head is 3
2026-09-30 07:51:37.955 UTC [892] CONTEXT:  PL/pgSQL function correct_fact(text,timestamp with time zone,timestamp with time zone,jsonb,integer) line 24 at RAISE
2026-09-30 07:51:37.955 UTC [892] STATEMENT:  SELECT correct_fact('race-3', '2026-09-21T10:00:00+00:00'::timestamptz, '2026-09-21T12:00:00+00:00'::timestamptz, '{"v": 4}'::jsonb, 2)
2026-09-30 07:51:37.968 UTC [894] ERROR:  expected revision 4 but head is 5
2026-09-30 07:51:37.968 UTC [894] CONTEXT:  PL/pgSQL function correct_fact(text,timestamp with time zone,timestamp with time zone,jsonb,integer) line 24 at RAISE
2026-09-30 07:51:37.968 UTC [894] STATEMENT:  SELECT correct_fact('race-3', '2026-09-21T10:00:00+00:00'::timestamptz, '2026-09-21T12:00:00+00:00'::timestamptz, '{"v": 5}'::jsonb, 4)
2026-09-30 07:51:37.974 UTC [894] ERROR:  expected revision 5 but head is 6
2026-09-30 07:51:37.974 UTC [894] CONTEXT:  PL/pgSQL function correct_fact(text,timestamp with time zone,timestamp with time zone,jsonb,integer) line 24 at RAISE
2026-09-30 07:51:37.974 UTC [894] STATEMENT:  SELECT correct_fact('race-3', '2026-09-21T10:00:00+00:00'::timestamptz, '2026-09-21T12:00:00+00:00'::timestamptz, '{"v": 5}'::jsonb, 5)
2026-09-30 07:51:38.251 UTC [900] ERROR:  expected revision 0 but head is 1
2026-09-30 07:51:38.251 UTC [900] CONTEXT:  PL/pgSQL function correct_fact(text,timestamp with time zone,timestamp with time zone,jsonb,integer) line 24 at RAISE
2026-09-30 07:51:38.251 UTC [900] STATEMENT:  SELECT correct_fact('lab-result-D','2026-09-21T00:00:00+00:00'::timestamptz,'2026-09-21T01:00:00+00:00'::timestamptz,'{"result": 2}'::jsonb,0)
2026-09-30 07:51:38.267 UTC [901] ERROR:  valid interval must be non-empty half-open [from, to)
2026-09-30 07:51:38.267 UTC [901] CONTEXT:  PL/pgSQL function correct_fact(text,timestamp with time zone,timestamp with time zone,jsonb,integer) line 8 at RAISE
2026-09-30 07:51:38.267 UTC [901] STATEMENT:  SELECT correct_fact('lab-result-E','2026-09-21T05:00:00+00:00'::timestamptz,'2026-09-21T05:00:00+00:00'::timestamptz,'{"result": 1}'::jsonb,0)
2026-09-30 07:51:38.269 UTC [901] ERROR:  valid interval must be non-empty half-open [from, to)
2026-09-30 07:51:38.269 UTC [901] CONTEXT:  PL/pgSQL function correct_fact(text,timestamp with time zone,timestamp with time zone,jsonb,integer) line 8 at RAISE
2026-09-30 07:51:38.269 UTC [901] STATEMENT:  SELECT correct_fact('lab-result-E','2026-09-21T09:00:00+00:00'::timestamptz,'2026-09-21T03:00:00+00:00'::timestamptz,'{"result": 1}'::jsonb,0)
2026-09-30 07:51:38.299 UTC [903] ERROR:  fact history is append-only; deletes are forbidden
2026-09-30 07:51:38.299 UTC [903] CONTEXT:  PL/pgSQL function fact_versions_immutable() line 4 at RAISE
2026-09-30 07:51:38.299 UTC [903] STATEMENT:  DELETE FROM fact_versions WHERE object_id='del'
2026-09-30 07:51:38.308 UTC [904] ERROR:  fact rows are immutable; only assert_to may be closed once
2026-09-30 07:51:38.308 UTC [904] CONTEXT:  PL/pgSQL function fact_versions_immutable() line 22 at RAISE
2026-09-30 07:51:38.308 UTC [904] STATEMENT:  UPDATE fact_versions SET value='{"v":999}' WHERE object_id='upd'
2026-09-30 07:51:38.309 UTC [904] ERROR:  fact rows are immutable; only assert_to may be closed once
2026-09-30 07:51:38.309 UTC [904] CONTEXT:  PL/pgSQL function fact_versions_immutable() line 22 at RAISE
2026-09-30 07:51:38.309 UTC [904] STATEMENT:  UPDATE fact_versions SET valid_from=valid_from WHERE object_id='upd'
2026-09-30 07:51:38.309 UTC [904] ERROR:  fact rows are immutable; only assert_to may be closed once
2026-09-30 07:51:38.309 UTC [904] CONTEXT:  PL/pgSQL function fact_versions_immutable() line 22 at RAISE
2026-09-30 07:51:38.309 UTC [904] STATEMENT:  UPDATE fact_versions SET assert_from=assert_from+1 WHERE object_id='upd'
2026-09-30 07:51:38.309 UTC [904] ERROR:  fact rows are immutable; only assert_to may be closed once
2026-09-30 07:51:38.309 UTC [904] CONTEXT:  PL/pgSQL function fact_versions_immutable() line 22 at RAISE
2026-09-30 07:51:38.309 UTC [904] STATEMENT:  UPDATE fact_versions SET assert_to=99 WHERE assert_to IS NOT NULL
2026-09-30 07:52:06.921 UTC [374] LOG:  checkpoint starting: time
2026-09-30 07:52:31.038 UTC [930] ERROR:  expected revision 0 but head is 1
2026-09-30 07:52:31.038 UTC [930] CONTEXT:  PL/pgSQL function correct_fact(text,timestamp with time zone,timestamp with time zone,jsonb,integer) line 24 at RAISE
2026-09-30 07:52:31.038 UTC [930] STATEMENT:  SELECT correct_fact('race-2', '2026-09-21T03:00:00+00:00'::timestamptz, '2026-09-21T04:00:00+00:00'::timestamptz, '{"v": 3}'::jsonb, 0)
2026-09-30 07:52:31.040 UTC [935] ERROR:  expected revision 0 but head is 1
2026-09-30 07:52:31.040 UTC [935] CONTEXT:  PL/pgSQL function correct_fact(text,timestamp with time zone,timestamp with time zone,jsonb,integer) line 24 at RAISE
2026-09-30 07:52:31.040 UTC [935] STATEMENT:  SELECT correct_fact('race-2', '2026-09-21T00:00:00+00:00'::timestamptz, '2026-09-21T01:00:00+00:00'::timestamptz, '{"v": 0}'::jsonb, 0)
2026-09-30 07:52:31.043 UTC [934] ERROR:  expected revision 0 but head is 1
2026-09-30 07:52:31.043 UTC [934] CONTEXT:  PL/pgSQL function correct_fact(text,timestamp with time zone,timestamp with time zone,jsonb,integer) line 24 at RAISE
2026-09-30 07:52:31.043 UTC [934] STATEMENT:  SELECT correct_fact('race-2', '2026-09-21T01:00:00+00:00'::timestamptz, '2026-09-21T02:00:00+00:00'::timestamptz, '{"v": 1}'::jsonb, 0)
2026-09-30 07:52:31.044 UTC [930] ERROR:  expected revision 0 but head is 1
2026-09-30 07:52:31.044 UTC [930] CONTEXT:  PL/pgSQL function correct_fact(text,timestamp with time zone,timestamp with time zone,jsonb,integer) line 24 at RAISE
2026-09-30 07:52:31.044 UTC [930] STATEMENT:  SELECT correct_fact('race-2', '2026-09-21T04:00:00+00:00'::timestamptz, '2026-09-21T05:00:00+00:00'::timestamptz, '{"v": 4}'::jsonb, 0)
2026-09-30 07:52:31.045 UTC [936] ERROR:  expected revision 0 but head is 1
2026-09-30 07:52:31.045 UTC [936] CONTEXT:  PL/pgSQL function correct_fact(text,timestamp with time zone,timestamp with time zone,jsonb,integer) line 24 at RAISE
2026-09-30 07:52:31.045 UTC [936] STATEMENT:  SELECT correct_fact('race-2', '2026-09-21T05:00:00+00:00'::timestamptz, '2026-09-21T06:00:00+00:00'::timestamptz, '{"v": 5}'::jsonb, 0)
2026-09-30 07:52:31.066 UTC [943] ERROR:  expected revision 2 but head is 3
2026-09-30 07:52:31.066 UTC [943] CONTEXT:  PL/pgSQL function correct_fact(text,timestamp with time zone,timestamp with time zone,jsonb,integer) line 24 at RAISE
2026-09-30 07:52:31.066 UTC [943] STATEMENT:  SELECT correct_fact('race-2', '2026-09-21T04:00:00+00:00'::timestamptz, '2026-09-21T05:00:00+00:00'::timestamptz, '{"v": 4}'::jsonb, 2)
2026-09-30 07:52:31.066 UTC [942] ERROR:  expected revision 1 but head is 3
2026-09-30 07:52:31.066 UTC [942] CONTEXT:  PL/pgSQL function correct_fact(text,timestamp with time zone,timestamp with time zone,jsonb,integer) line 24 at RAISE
2026-09-30 07:52:31.066 UTC [942] STATEMENT:  SELECT correct_fact('race-2', '2026-09-21T00:00:00+00:00'::timestamptz, '2026-09-21T01:00:00+00:00'::timestamptz, '{"v": 0}'::jsonb, 1)
2026-09-30 07:52:31.070 UTC [941] ERROR:  expected revision 2 but head is 3
2026-09-30 07:52:31.070 UTC [941] CONTEXT:  PL/pgSQL function correct_fact(text,timestamp with time zone,timestamp with time zone,jsonb,integer) line 24 at RAISE
2026-09-30 07:52:31.070 UTC [941] STATEMENT:  SELECT correct_fact('race-2', '2026-09-21T05:00:00+00:00'::timestamptz, '2026-09-21T06:00:00+00:00'::timestamptz, '{"v": 5}'::jsonb, 2)
2026-09-30 07:52:31.073 UTC [944] ERROR:  expected revision 2 but head is 3
2026-09-30 07:52:31.073 UTC [944] CONTEXT:  PL/pgSQL function correct_fact(text,timestamp with time zone,timestamp with time zone,jsonb,integer) line 24 at RAISE
2026-09-30 07:52:31.073 UTC [944] STATEMENT:  SELECT correct_fact('race-2', '2026-09-21T07:00:00+00:00'::timestamptz, '2026-09-21T08:00:00+00:00'::timestamptz, '{"v": 7}'::jsonb, 2)
2026-09-30 07:52:31.077 UTC [945] ERROR:  expected revision 2 but head is 3
2026-09-30 07:52:31.077 UTC [945] CONTEXT:  PL/pgSQL function correct_fact(text,timestamp with time zone,timestamp with time zone,jsonb,integer) line 24 at RAISE
2026-09-30 07:52:31.077 UTC [945] STATEMENT:  SELECT correct_fact('race-2', '2026-09-21T01:00:00+00:00'::timestamptz, '2026-09-21T02:00:00+00:00'::timestamptz, '{"v": 1}'::jsonb, 2)
2026-09-30 07:52:31.098 UTC [949] ERROR:  expected revision 3 but head is 4
2026-09-30 07:52:31.098 UTC [949] CONTEXT:  PL/pgSQL function correct_fact(text,timestamp with time zone,timestamp with time zone,jsonb,integer) line 24 at RAISE
2026-09-30 07:52:31.098 UTC [949] STATEMENT:  SELECT correct_fact('race-2', '2026-09-21T08:00:00+00:00'::timestamptz, '2026-09-21T09:00:00+00:00'::timestamptz, '{"v": 8}'::jsonb, 3)
2026-09-30 07:52:31.098 UTC [948] ERROR:  expected revision 3 but head is 4
2026-09-30 07:52:31.098 UTC [948] CONTEXT:  PL/pgSQL function correct_fact(text,timestamp with time zone,timestamp with time zone,jsonb,integer) line 24 at RAISE
2026-09-30 07:52:31.098 UTC [948] STATEMENT:  SELECT correct_fact('race-2', '2026-09-21T04:00:00+00:00'::timestamptz, '2026-09-21T05:00:00+00:00'::timestamptz, '{"v": 4}'::jsonb, 3)
2026-09-30 07:52:31.100 UTC [950] ERROR:  expected revision 3 but head is 4
2026-09-30 07:52:31.100 UTC [950] CONTEXT:  PL/pgSQL function correct_fact(text,timestamp with time zone,timestamp with time zone,jsonb,integer) line 24 at RAISE
2026-09-30 07:52:31.100 UTC [950] STATEMENT:  SELECT correct_fact('race-2', '2026-09-21T05:00:00+00:00'::timestamptz, '2026-09-21T06:00:00+00:00'::timestamptz, '{"v": 5}'::jsonb, 3)
2026-09-30 07:52:31.102 UTC [947] ERROR:  expected revision 3 but head is 4
2026-09-30 07:52:31.102 UTC [947] CONTEXT:  PL/pgSQL function correct_fact(text,timestamp with time zone,timestamp with time zone,jsonb,integer) line 24 at RAISE
2026-09-30 07:52:31.102 UTC [947] STATEMENT:  SELECT correct_fact('race-2', '2026-09-21T07:00:00+00:00'::timestamptz, '2026-09-21T08:00:00+00:00'::timestamptz, '{"v": 7}'::jsonb, 3)
2026-09-30 07:52:31.116 UTC [951] ERROR:  expected revision 4 but head is 5
2026-09-30 07:52:31.116 UTC [951] CONTEXT:  PL/pgSQL function correct_fact(text,timestamp with time zone,timestamp with time zone,jsonb,integer) line 24 at RAISE
2026-09-30 07:52:31.116 UTC [951] STATEMENT:  SELECT correct_fact('race-2', '2026-09-21T01:00:00+00:00'::timestamptz, '2026-09-21T02:00:00+00:00'::timestamptz, '{"v": 1}'::jsonb, 4)
2026-09-30 07:52:31.117 UTC [948] ERROR:  expected revision 4 but head is 5
2026-09-30 07:52:31.117 UTC [948] CONTEXT:  PL/pgSQL function correct_fact(text,timestamp with time zone,timestamp with time zone,jsonb,integer) line 24 at RAISE
2026-09-30 07:52:31.117 UTC [948] STATEMENT:  SELECT correct_fact('race-2', '2026-09-21T07:00:00+00:00'::timestamptz, '2026-09-21T08:00:00+00:00'::timestamptz, '{"v": 7}'::jsonb, 4)
2026-09-30 07:52:31.135 UTC [955] ERROR:  expected revision 5 but head is 6
2026-09-30 07:52:31.135 UTC [955] CONTEXT:  PL/pgSQL function correct_fact(text,timestamp with time zone,timestamp with time zone,jsonb,integer) line 24 at RAISE
2026-09-30 07:52:31.135 UTC [955] STATEMENT:  SELECT correct_fact('race-2', '2026-09-21T10:00:00+00:00'::timestamptz, '2026-09-21T11:00:00+00:00'::timestamptz, '{"v": 10}'::jsonb, 5)
2026-09-30 07:52:31.136 UTC [956] ERROR:  expected revision 5 but head is 6
2026-09-30 07:52:31.136 UTC [956] CONTEXT:  PL/pgSQL function correct_fact(text,timestamp with time zone,timestamp with time zone,jsonb,integer) line 24 at RAISE
2026-09-30 07:52:31.136 UTC [956] STATEMENT:  SELECT correct_fact('race-2', '2026-09-21T05:00:00+00:00'::timestamptz, '2026-09-21T06:00:00+00:00'::timestamptz, '{"v": 5}'::jsonb, 5)
2026-09-30 07:52:31.140 UTC [957] ERROR:  expected revision 5 but head is 7
2026-09-30 07:52:31.140 UTC [957] CONTEXT:  PL/pgSQL function correct_fact(text,timestamp with time zone,timestamp with time zone,jsonb,integer) line 24 at RAISE
2026-09-30 07:52:31.140 UTC [957] STATEMENT:  SELECT correct_fact('race-2', '2026-09-21T04:00:00+00:00'::timestamptz, '2026-09-21T05:00:00+00:00'::timestamptz, '{"v": 4}'::jsonb, 5)
2026-09-30 07:52:31.145 UTC [958] ERROR:  expected revision 6 but head is 7
2026-09-30 07:52:31.145 UTC [958] CONTEXT:  PL/pgSQL function correct_fact(text,timestamp with time zone,timestamp with time zone,jsonb,integer) line 24 at RAISE
2026-09-30 07:52:31.145 UTC [958] STATEMENT:  SELECT correct_fact('race-2', '2026-09-21T01:00:00+00:00'::timestamptz, '2026-09-21T02:00:00+00:00'::timestamptz, '{"v": 1}'::jsonb, 6)
2026-09-30 07:52:31.153 UTC [960] ERROR:  expected revision 7 but head is 8
2026-09-30 07:52:31.153 UTC [960] CONTEXT:  PL/pgSQL function correct_fact(text,timestamp with time zone,timestamp with time zone,jsonb,integer) line 24 at RAISE
2026-09-30 07:52:31.153 UTC [960] STATEMENT:  SELECT correct_fact('race-2', '2026-09-21T07:00:00+00:00'::timestamptz, '2026-09-21T08:00:00+00:00'::timestamptz, '{"v": 7}'::jsonb, 7)
2026-09-30 07:52:31.157 UTC [960] ERROR:  expected revision 8 but head is 9
2026-09-30 07:52:31.157 UTC [960] CONTEXT:  PL/pgSQL function correct_fact(text,timestamp with time zone,timestamp with time zone,jsonb,integer) line 24 at RAISE
2026-09-30 07:52:31.157 UTC [960] STATEMENT:  SELECT correct_fact('race-2', '2026-09-21T05:00:00+00:00'::timestamptz, '2026-09-21T06:00:00+00:00'::timestamptz, '{"v": 5}'::jsonb, 8)
2026-09-30 07:52:31.159 UTC [955] ERROR:  expected revision 8 but head is 9
2026-09-30 07:52:31.159 UTC [955] CONTEXT:  PL/pgSQL function correct_fact(text,timestamp with time zone,timestamp with time zone,jsonb,integer) line 24 at RAISE
2026-09-30 07:52:31.159 UTC [955] STATEMENT:  SELECT correct_fact('race-2', '2026-09-21T04:00:00+00:00'::timestamptz, '2026-09-21T05:00:00+00:00'::timestamptz, '{"v": 4}'::jsonb, 8)
2026-09-30 07:52:31.174 UTC [963] ERROR:  expected revision 9 but head is 10
2026-09-30 07:52:31.174 UTC [963] CONTEXT:  PL/pgSQL function correct_fact(text,timestamp with time zone,timestamp with time zone,jsonb,integer) line 24 at RAISE
2026-09-30 07:52:31.174 UTC [963] STATEMENT:  SELECT correct_fact('race-2', '2026-09-21T07:00:00+00:00'::timestamptz, '2026-09-21T08:00:00+00:00'::timestamptz, '{"v": 7}'::jsonb, 9)
2026-09-30 07:52:31.175 UTC [964] ERROR:  expected revision 9 but head is 10
2026-09-30 07:52:31.175 UTC [964] CONTEXT:  PL/pgSQL function correct_fact(text,timestamp with time zone,timestamp with time zone,jsonb,integer) line 24 at RAISE
2026-09-30 07:52:31.175 UTC [964] STATEMENT:  SELECT correct_fact('race-2', '2026-09-21T04:00:00+00:00'::timestamptz, '2026-09-21T05:00:00+00:00'::timestamptz, '{"v": 4}'::jsonb, 9)
2026-09-30 07:52:58.056 UTC [974] ERROR:  expected revision 0 but head is 1
2026-09-30 07:52:58.056 UTC [974] CONTEXT:  PL/pgSQL function correct_fact(text,timestamp with time zone,timestamp with time zone,jsonb,integer) line 24 at RAISE
2026-09-30 07:52:58.056 UTC [974] STATEMENT:  SELECT correct_fact('race-1', '2026-09-21T01:00:00+00:00'::timestamptz, '2026-09-21T02:00:00+00:00'::timestamptz, '{"who": 1}'::jsonb, 0)
2026-09-30 07:52:58.058 UTC [974] ERROR:  expected revision 0 but head is 1
2026-09-30 07:52:58.058 UTC [974] CONTEXT:  PL/pgSQL function correct_fact(text,timestamp with time zone,timestamp with time zone,jsonb,integer) line 24 at RAISE
2026-09-30 07:52:58.058 UTC [974] STATEMENT:  SELECT correct_fact('race-1', '2026-09-21T06:00:00+00:00'::timestamptz, '2026-09-21T07:00:00+00:00'::timestamptz, '{"who": 6}'::jsonb, 0)
2026-09-30 07:52:58.064 UTC [992] ERROR:  expected revision 0 but head is 1
2026-09-30 07:52:58.064 UTC [992] CONTEXT:  PL/pgSQL function correct_fact(text,timestamp with time zone,timestamp with time zone,jsonb,integer) line 24 at RAISE
2026-09-30 07:52:58.064 UTC [992] STATEMENT:  SELECT correct_fact('race-1', '2026-09-21T02:00:00+00:00'::timestamptz, '2026-09-21T03:00:00+00:00'::timestamptz, '{"who": 2}'::jsonb, 0)
2026-09-30 07:52:58.067 UTC [998] ERROR:  expected revision 0 but head is 1
2026-09-30 07:52:58.067 UTC [998] CONTEXT:  PL/pgSQL function correct_fact(text,timestamp with time zone,timestamp with time zone,jsonb,integer) line 24 at RAISE
2026-09-30 07:52:58.067 UTC [998] STATEMENT:  SELECT correct_fact('race-1', '2026-09-21T05:00:00+00:00'::timestamptz, '2026-09-21T06:00:00+00:00'::timestamptz, '{"who": 5}'::jsonb, 0)
2026-09-30 07:52:58.068 UTC [997] ERROR:  expected revision 0 but head is 1
2026-09-30 07:52:58.068 UTC [997] CONTEXT:  PL/pgSQL function correct_fact(text,timestamp with time zone,timestamp with time zone,jsonb,integer) line 24 at RAISE
2026-09-30 07:52:58.068 UTC [997] STATEMENT:  SELECT correct_fact('race-1', '2026-09-21T03:00:00+00:00'::timestamptz, '2026-09-21T04:00:00+00:00'::timestamptz, '{"who": 3}'::jsonb, 0)
2026-09-30 07:52:58.068 UTC [996] ERROR:  expected revision 0 but head is 1
2026-09-30 07:52:58.068 UTC [996] CONTEXT:  PL/pgSQL function correct_fact(text,timestamp with time zone,timestamp with time zone,jsonb,integer) line 24 at RAISE
2026-09-30 07:52:58.068 UTC [996] STATEMENT:  SELECT correct_fact('race-1', '2026-09-21T07:00:00+00:00'::timestamptz, '2026-09-21T08:00:00+00:00'::timestamptz, '{"who": 7}'::jsonb, 0)
2026-09-30 07:52:58.068 UTC [995] ERROR:  expected revision 0 but head is 1
2026-09-30 07:52:58.068 UTC [995] CONTEXT:  PL/pgSQL function correct_fact(text,timestamp with time zone,timestamp with time zone,jsonb,integer) line 24 at RAISE
2026-09-30 07:52:58.068 UTC [995] STATEMENT:  SELECT correct_fact('race-1', '2026-09-21T04:00:00+00:00'::timestamptz, '2026-09-21T05:00:00+00:00'::timestamptz, '{"who": 4}'::jsonb, 0)
2026-09-30 07:52:58.112 UTC [1006] ERROR:  expected revision 0 but head is 1
2026-09-30 07:52:58.112 UTC [1006] CONTEXT:  PL/pgSQL function correct_fact(text,timestamp with time zone,timestamp with time zone,jsonb,integer) line 24 at RAISE
2026-09-30 07:52:58.112 UTC [1006] STATEMENT:  SELECT correct_fact('race-2', '2026-09-21T00:00:00+00:00'::timestamptz, '2026-09-21T01:00:00+00:00'::timestamptz, '{"v": 0}'::jsonb, 0)
2026-09-30 07:52:58.112 UTC [1008] ERROR:  expected revision 0 but head is 1
2026-09-30 07:52:58.112 UTC [1008] CONTEXT:  PL/pgSQL function correct_fact(text,timestamp with time zone,timestamp with time zone,jsonb,integer) line 24 at RAISE
2026-09-30 07:52:58.112 UTC [1008] STATEMENT:  SELECT correct_fact('race-2', '2026-09-21T01:00:00+00:00'::timestamptz, '2026-09-21T02:00:00+00:00'::timestamptz, '{"v": 1}'::jsonb, 0)
2026-09-30 07:52:58.114 UTC [1008] ERROR:  expected revision 0 but head is 1
2026-09-30 07:52:58.114 UTC [1008] CONTEXT:  PL/pgSQL function correct_fact(text,timestamp with time zone,timestamp with time zone,jsonb,integer) line 24 at RAISE
2026-09-30 07:52:58.114 UTC [1008] STATEMENT:  SELECT correct_fact('race-2', '2026-09-21T04:00:00+00:00'::timestamptz, '2026-09-21T05:00:00+00:00'::timestamptz, '{"v": 4}'::jsonb, 0)
2026-09-30 07:52:58.115 UTC [1007] ERROR:  expected revision 0 but head is 1
2026-09-30 07:52:58.115 UTC [1007] CONTEXT:  PL/pgSQL function correct_fact(text,timestamp with time zone,timestamp with time zone,jsonb,integer) line 24 at RAISE
2026-09-30 07:52:58.115 UTC [1007] STATEMENT:  SELECT correct_fact('race-2', '2026-09-21T05:00:00+00:00'::timestamptz, '2026-09-21T06:00:00+00:00'::timestamptz, '{"v": 5}'::jsonb, 0)
2026-09-30 07:52:58.122 UTC [1009] ERROR:  expected revision 0 but head is 2
2026-09-30 07:52:58.122 UTC [1009] CONTEXT:  PL/pgSQL function correct_fact(text,timestamp with time zone,timestamp with time zone,jsonb,integer) line 24 at RAISE
2026-09-30 07:52:58.122 UTC [1009] STATEMENT:  SELECT correct_fact('race-2', '2026-09-21T02:00:00+00:00'::timestamptz, '2026-09-21T03:00:00+00:00'::timestamptz, '{"v": 2}'::jsonb, 0)
2026-09-30 07:52:58.134 UTC [1007] ERROR:  expected revision 2 but head is 3
2026-09-30 07:52:58.134 UTC [1007] CONTEXT:  PL/pgSQL function correct_fact(text,timestamp with time zone,timestamp with time zone,jsonb,integer) line 24 at RAISE
2026-09-30 07:52:58.134 UTC [1007] STATEMENT:  SELECT correct_fact('race-2', '2026-09-21T01:00:00+00:00'::timestamptz, '2026-09-21T02:00:00+00:00'::timestamptz, '{"v": 1}'::jsonb, 2)
2026-09-30 07:52:58.135 UTC [1012] ERROR:  expected revision 2 but head is 3
2026-09-30 07:52:58.135 UTC [1012] CONTEXT:  PL/pgSQL function correct_fact(text,timestamp with time zone,timestamp with time zone,jsonb,integer) line 24 at RAISE
2026-09-30 07:52:58.135 UTC [1012] STATEMENT:  SELECT correct_fact('race-2', '2026-09-21T04:00:00+00:00'::timestamptz, '2026-09-21T05:00:00+00:00'::timestamptz, '{"v": 4}'::jsonb, 2)
2026-09-30 07:52:58.135 UTC [1010] ERROR:  expected revision 2 but head is 3
2026-09-30 07:52:58.135 UTC [1010] CONTEXT:  PL/pgSQL function correct_fact(text,timestamp with time zone,timestamp with time zone,jsonb,integer) line 24 at RAISE
2026-09-30 07:52:58.135 UTC [1010] STATEMENT:  SELECT correct_fact('race-2', '2026-09-21T07:00:00+00:00'::timestamptz, '2026-09-21T08:00:00+00:00'::timestamptz, '{"v": 7}'::jsonb, 2)
2026-09-30 07:52:58.137 UTC [1013] ERROR:  expected revision 2 but head is 3
2026-09-30 07:52:58.137 UTC [1013] CONTEXT:  PL/pgSQL function correct_fact(text,timestamp with time zone,timestamp with time zone,jsonb,integer) line 24 at RAISE
2026-09-30 07:52:58.137 UTC [1013] STATEMENT:  SELECT correct_fact('race-2', '2026-09-21T00:00:00+00:00'::timestamptz, '2026-09-21T01:00:00+00:00'::timestamptz, '{"v": 0}'::jsonb, 2)
2026-09-30 07:52:58.141 UTC [1012] ERROR:  expected revision 3 but head is 4
2026-09-30 07:52:58.141 UTC [1012] CONTEXT:  PL/pgSQL function correct_fact(text,timestamp with time zone,timestamp with time zone,jsonb,integer) line 24 at RAISE
2026-09-30 07:52:58.141 UTC [1012] STATEMENT:  SELECT correct_fact('race-2', '2026-09-21T08:00:00+00:00'::timestamptz, '2026-09-21T09:00:00+00:00'::timestamptz, '{"v": 8}'::jsonb, 3)
2026-09-30 07:52:58.152 UTC [1015] ERROR:  expected revision 4 but head is 5
2026-09-30 07:52:58.152 UTC [1015] CONTEXT:  PL/pgSQL function correct_fact(text,timestamp with time zone,timestamp with time zone,jsonb,integer) line 24 at RAISE
2026-09-30 07:52:58.152 UTC [1015] STATEMENT:  SELECT correct_fact('race-2', '2026-09-21T04:00:00+00:00'::timestamptz, '2026-09-21T05:00:00+00:00'::timestamptz, '{"v": 4}'::jsonb, 4)
2026-09-30 07:52:58.155 UTC [1018] ERROR:  expected revision 4 but head is 5
2026-09-30 07:52:58.155 UTC [1018] CONTEXT:  PL/pgSQL function correct_fact(text,timestamp with time zone,timestamp with time zone,jsonb,integer) line 24 at RAISE
2026-09-30 07:52:58.155 UTC [1018] STATEMENT:  SELECT correct_fact('race-2', '2026-09-21T09:00:00+00:00'::timestamptz, '2026-09-21T10:00:00+00:00'::timestamptz, '{"v": 9}'::jsonb, 4)
2026-09-30 07:52:58.160 UTC [1018] ERROR:  expected revision 5 but head is 6
2026-09-30 07:52:58.160 UTC [1018] CONTEXT:  PL/pgSQL function correct_fact(text,timestamp with time zone,timestamp with time zone,jsonb,integer) line 24 at RAISE
2026-09-30 07:52:58.160 UTC [1018] STATEMENT:  SELECT correct_fact('race-2', '2026-09-21T00:00:00+00:00'::timestamptz, '2026-09-21T01:00:00+00:00'::timestamptz, '{"v": 0}'::jsonb, 5)
2026-09-30 07:52:58.160 UTC [1021] ERROR:  expected revision 5 but head is 6
2026-09-30 07:52:58.160 UTC [1021] CONTEXT:  PL/pgSQL function correct_fact(text,timestamp with time zone,timestamp with time zone,jsonb,integer) line 24 at RAISE
2026-09-30 07:52:58.160 UTC [1021] STATEMENT:  SELECT correct_fact('race-2', '2026-09-21T07:00:00+00:00'::timestamptz, '2026-09-21T08:00:00+00:00'::timestamptz, '{"v": 7}'::jsonb, 5)
2026-09-30 07:52:58.162 UTC [1020] ERROR:  expected revision 5 but head is 6
2026-09-30 07:52:58.162 UTC [1020] CONTEXT:  PL/pgSQL function correct_fact(text,timestamp with time zone,timestamp with time zone,jsonb,integer) line 24 at RAISE
2026-09-30 07:52:58.162 UTC [1020] STATEMENT:  SELECT correct_fact('race-2', '2026-09-21T10:00:00+00:00'::timestamptz, '2026-09-21T11:00:00+00:00'::timestamptz, '{"v": 10}'::jsonb, 5)
2026-09-30 07:52:58.176 UTC [1025] ERROR:  expected revision 6 but head is 8
2026-09-30 07:52:58.176 UTC [1025] CONTEXT:  PL/pgSQL function correct_fact(text,timestamp with time zone,timestamp with time zone,jsonb,integer) line 24 at RAISE
2026-09-30 07:52:58.176 UTC [1025] STATEMENT:  SELECT correct_fact('race-2', '2026-09-21T04:00:00+00:00'::timestamptz, '2026-09-21T05:00:00+00:00'::timestamptz, '{"v": 4}'::jsonb, 6)
2026-09-30 07:52:58.177 UTC [1023] ERROR:  expected revision 6 but head is 8
2026-09-30 07:52:58.177 UTC [1023] CONTEXT:  PL/pgSQL function correct_fact(text,timestamp with time zone,timestamp with time zone,jsonb,integer) line 24 at RAISE
2026-09-30 07:52:58.177 UTC [1023] STATEMENT:  SELECT correct_fact('race-2', '2026-09-21T11:00:00+00:00'::timestamptz, '2026-09-21T12:00:00+00:00'::timestamptz, '{"v": 11}'::jsonb, 6)
2026-09-30 07:52:58.182 UTC [1026] ERROR:  expected revision 7 but head is 8
2026-09-30 07:52:58.182 UTC [1026] CONTEXT:  PL/pgSQL function correct_fact(text,timestamp with time zone,timestamp with time zone,jsonb,integer) line 24 at RAISE
2026-09-30 07:52:58.182 UTC [1026] STATEMENT:  SELECT correct_fact('race-2', '2026-09-21T07:00:00+00:00'::timestamptz, '2026-09-21T08:00:00+00:00'::timestamptz, '{"v": 7}'::jsonb, 7)
2026-09-30 07:52:58.185 UTC [1027] ERROR:  expected revision 7 but head is 8
2026-09-30 07:52:58.185 UTC [1027] CONTEXT:  PL/pgSQL function correct_fact(text,timestamp with time zone,timestamp with time zone,jsonb,integer) line 24 at RAISE
2026-09-30 07:52:58.185 UTC [1027] STATEMENT:  SELECT correct_fact('race-2', '2026-09-21T00:00:00+00:00'::timestamptz, '2026-09-21T01:00:00+00:00'::timestamptz, '{"v": 0}'::jsonb, 7)
2026-09-30 07:52:58.197 UTC [1028] ERROR:  expected revision 8 but head is 9
2026-09-30 07:52:58.197 UTC [1028] CONTEXT:  PL/pgSQL function correct_fact(text,timestamp with time zone,timestamp with time zone,jsonb,integer) line 24 at RAISE
2026-09-30 07:52:58.197 UTC [1028] STATEMENT:  SELECT correct_fact('race-2', '2026-09-21T04:00:00+00:00'::timestamptz, '2026-09-21T05:00:00+00:00'::timestamptz, '{"v": 4}'::jsonb, 8)
2026-09-30 07:52:58.203 UTC [1029] ERROR:  expected revision 9 but head is 10
2026-09-30 07:52:58.203 UTC [1029] CONTEXT:  PL/pgSQL function correct_fact(text,timestamp with time zone,timestamp with time zone,jsonb,integer) line 24 at RAISE
2026-09-30 07:52:58.203 UTC [1029] STATEMENT:  SELECT correct_fact('race-2', '2026-09-21T07:00:00+00:00'::timestamptz, '2026-09-21T08:00:00+00:00'::timestamptz, '{"v": 7}'::jsonb, 9)
2026-09-30 07:52:58.275 UTC [1036] ERROR:  expected revision 1 but head is 2
2026-09-30 07:52:58.275 UTC [1036] CONTEXT:  PL/pgSQL function correct_fact(text,timestamp with time zone,timestamp with time zone,jsonb,integer) line 24 at RAISE
2026-09-30 07:52:58.275 UTC [1036] STATEMENT:  SELECT correct_fact('race-3', '2026-09-21T10:00:00+00:00'::timestamptz, '2026-09-21T12:00:00+00:00'::timestamptz, '{"v": 0}'::jsonb, 1)
2026-09-30 07:52:58.278 UTC [1036] ERROR:  expected revision 1 but head is 2
2026-09-30 07:52:58.278 UTC [1036] CONTEXT:  PL/pgSQL function correct_fact(text,timestamp with time zone,timestamp with time zone,jsonb,integer) line 24 at RAISE
2026-09-30 07:52:58.278 UTC [1036] STATEMENT:  SELECT correct_fact('race-3', '2026-09-21T10:00:00+00:00'::timestamptz, '2026-09-21T12:00:00+00:00'::timestamptz, '{"v": 1}'::jsonb, 1)
2026-09-30 07:52:58.279 UTC [1039] ERROR:  expected revision 1 but head is 2
2026-09-30 07:52:58.279 UTC [1039] CONTEXT:  PL/pgSQL function correct_fact(text,timestamp with time zone,timestamp with time zone,jsonb,integer) line 24 at RAISE
2026-09-30 07:52:58.279 UTC [1039] STATEMENT:  SELECT correct_fact('race-3', '2026-09-21T10:00:00+00:00'::timestamptz, '2026-09-21T12:00:00+00:00'::timestamptz, '{"v": 4}'::jsonb, 1)
2026-09-30 07:52:58.281 UTC [1040] ERROR:  expected revision 1 but head is 2
2026-09-30 07:52:58.281 UTC [1040] CONTEXT:  PL/pgSQL function correct_fact(text,timestamp with time zone,timestamp with time zone,jsonb,integer) line 24 at RAISE
2026-09-30 07:52:58.281 UTC [1040] STATEMENT:  SELECT correct_fact('race-3', '2026-09-21T10:00:00+00:00'::timestamptz, '2026-09-21T12:00:00+00:00'::timestamptz, '{"v": 3}'::jsonb, 1)
2026-09-30 07:52:58.284 UTC [1041] ERROR:  expected revision 1 but head is 2
2026-09-30 07:52:58.284 UTC [1041] CONTEXT:  PL/pgSQL function correct_fact(text,timestamp with time zone,timestamp with time zone,jsonb,integer) line 24 at RAISE
2026-09-30 07:52:58.284 UTC [1041] STATEMENT:  SELECT correct_fact('race-3', '2026-09-21T10:00:00+00:00'::timestamptz, '2026-09-21T12:00:00+00:00'::timestamptz, '{"v": 2}'::jsonb, 1)
2026-09-30 07:52:58.294 UTC [1041] ERROR:  expected revision 2 but head is 3
2026-09-30 07:52:58.294 UTC [1041] CONTEXT:  PL/pgSQL function correct_fact(text,timestamp with time zone,timestamp with time zone,jsonb,integer) line 24 at RAISE
2026-09-30 07:52:58.294 UTC [1041] STATEMENT:  SELECT correct_fact('race-3', '2026-09-21T10:00:00+00:00'::timestamptz, '2026-09-21T12:00:00+00:00'::timestamptz, '{"v": 4}'::jsonb, 2)
2026-09-30 07:52:58.310 UTC [1043] ERROR:  expected revision 3 but head is 4
2026-09-30 07:52:58.310 UTC [1043] CONTEXT:  PL/pgSQL function correct_fact(text,timestamp with time zone,timestamp with time zone,jsonb,integer) line 24 at RAISE
2026-09-30 07:52:58.310 UTC [1043] STATEMENT:  SELECT correct_fact('race-3', '2026-09-21T10:00:00+00:00'::timestamptz, '2026-09-21T12:00:00+00:00'::timestamptz, '{"v": 2}'::jsonb, 3)
2026-09-30 07:52:58.314 UTC [1045] ERROR:  expected revision 3 but head is 4
2026-09-30 07:52:58.314 UTC [1045] CONTEXT:  PL/pgSQL function correct_fact(text,timestamp with time zone,timestamp with time zone,jsonb,integer) line 24 at RAISE
2026-09-30 07:52:58.314 UTC [1045] STATEMENT:  SELECT correct_fact('race-3', '2026-09-21T10:00:00+00:00'::timestamptz, '2026-09-21T12:00:00+00:00'::timestamptz, '{"v": 1}'::jsonb, 3)
2026-09-30 07:52:58.314 UTC [1046] ERROR:  expected revision 3 but head is 4
2026-09-30 07:52:58.314 UTC [1046] CONTEXT:  PL/pgSQL function correct_fact(text,timestamp with time zone,timestamp with time zone,jsonb,integer) line 24 at RAISE
2026-09-30 07:52:58.314 UTC [1046] STATEMENT:  SELECT correct_fact('race-3', '2026-09-21T10:00:00+00:00'::timestamptz, '2026-09-21T12:00:00+00:00'::timestamptz, '{"v": 4}'::jsonb, 3)
2026-09-30 07:52:58.328 UTC [1047] ERROR:  expected revision 5 but head is 6
2026-09-30 07:52:58.328 UTC [1047] CONTEXT:  PL/pgSQL function correct_fact(text,timestamp with time zone,timestamp with time zone,jsonb,integer) line 24 at RAISE
2026-09-30 07:52:58.328 UTC [1047] STATEMENT:  SELECT correct_fact('race-3', '2026-09-21T10:00:00+00:00'::timestamptz, '2026-09-21T12:00:00+00:00'::timestamptz, '{"v": 1}'::jsonb, 5)
2026-09-30 07:52:58.580 UTC [1051] ERROR:  expected revision 0 but head is 1
2026-09-30 07:52:58.580 UTC [1051] CONTEXT:  PL/pgSQL function correct_fact(text,timestamp with time zone,timestamp with time zone,jsonb,integer) line 24 at RAISE
2026-09-30 07:52:58.580 UTC [1051] STATEMENT:  SELECT correct_fact('lab-result-D','2026-09-21T00:00:00+00:00'::timestamptz,'2026-09-21T01:00:00+00:00'::timestamptz,'{"result": 2}'::jsonb,0)
2026-09-30 07:52:58.585 UTC [1052] ERROR:  valid interval must be non-empty half-open [from, to)
2026-09-30 07:52:58.585 UTC [1052] CONTEXT:  PL/pgSQL function correct_fact(text,timestamp with time zone,timestamp with time zone,jsonb,integer) line 8 at RAISE
2026-09-30 07:52:58.585 UTC [1052] STATEMENT:  SELECT correct_fact('lab-result-E','2026-09-21T05:00:00+00:00'::timestamptz,'2026-09-21T05:00:00+00:00'::timestamptz,'{"result": 1}'::jsonb,0)
2026-09-30 07:52:58.586 UTC [1052] ERROR:  valid interval must be non-empty half-open [from, to)
2026-09-30 07:52:58.586 UTC [1052] CONTEXT:  PL/pgSQL function correct_fact(text,timestamp with time zone,timestamp with time zone,jsonb,integer) line 8 at RAISE
2026-09-30 07:52:58.586 UTC [1052] STATEMENT:  SELECT correct_fact('lab-result-E','2026-09-21T09:00:00+00:00'::timestamptz,'2026-09-21T03:00:00+00:00'::timestamptz,'{"result": 1}'::jsonb,0)
2026-09-30 07:52:58.613 UTC [1054] ERROR:  fact history is append-only; deletes are forbidden
2026-09-30 07:52:58.613 UTC [1054] CONTEXT:  PL/pgSQL function fact_versions_immutable() line 4 at RAISE
2026-09-30 07:52:58.613 UTC [1054] STATEMENT:  DELETE FROM fact_versions WHERE object_id='del'
2026-09-30 07:52:58.624 UTC [1055] ERROR:  fact rows are immutable; only assert_to may be closed once
2026-09-30 07:52:58.624 UTC [1055] CONTEXT:  PL/pgSQL function fact_versions_immutable() line 22 at RAISE
2026-09-30 07:52:58.624 UTC [1055] STATEMENT:  UPDATE fact_versions SET value='{"v":999}' WHERE object_id='upd'
2026-09-30 07:52:58.624 UTC [1055] ERROR:  fact rows are immutable; only assert_to may be closed once
2026-09-30 07:52:58.624 UTC [1055] CONTEXT:  PL/pgSQL function fact_versions_immutable() line 22 at RAISE
2026-09-30 07:52:58.624 UTC [1055] STATEMENT:  UPDATE fact_versions SET valid_from=valid_from WHERE object_id='upd'
2026-09-30 07:52:58.625 UTC [1055] ERROR:  fact rows are immutable; only assert_to may be closed once
2026-09-30 07:52:58.625 UTC [1055] CONTEXT:  PL/pgSQL function fact_versions_immutable() line 22 at RAISE
2026-09-30 07:52:58.625 UTC [1055] STATEMENT:  UPDATE fact_versions SET assert_from=assert_from+1 WHERE object_id='upd'
2026-09-30 07:52:58.625 UTC [1055] ERROR:  fact rows are immutable; only assert_to may be closed once
2026-09-30 07:52:58.625 UTC [1055] CONTEXT:  PL/pgSQL function fact_versions_immutable() line 22 at RAISE
2026-09-30 07:52:58.625 UTC [1055] STATEMENT:  UPDATE fact_versions SET assert_to=99 WHERE assert_to IS NOT NULL
2026-09-30 07:54:02.567 UTC [374] LOG:  checkpoint complete: wrote 1120 buffers (6.8%); 0 WAL file(s) added, 0 removed, 1 recycled; write=115.582 s, sync=0.047 s, total=115.647 s; sync files=432, longest=0.001 s, average=0.001 s; distance=6050 kB, estimate=6050 kB
2026-09-30 07:54:10.782 UTC [1076] ERROR:  expected revision 0 but head is 1
2026-09-30 07:54:10.782 UTC [1076] CONTEXT:  PL/pgSQL function correct_fact(text,timestamp with time zone,timestamp with time zone,jsonb,integer) line 24 at RAISE
2026-09-30 07:54:10.782 UTC [1076] STATEMENT:  SELECT correct_fact('race-1', '2026-09-21T03:00:00+00:00'::timestamptz, '2026-09-21T04:00:00+00:00'::timestamptz, '{"who": 3}'::jsonb, 0)
2026-09-30 07:54:10.789 UTC [1076] ERROR:  expected revision 0 but head is 1
2026-09-30 07:54:10.789 UTC [1076] CONTEXT:  PL/pgSQL function correct_fact(text,timestamp with time zone,timestamp with time zone,jsonb,integer) line 24 at RAISE
2026-09-30 07:54:10.789 UTC [1076] STATEMENT:  SELECT correct_fact('race-1', '2026-09-21T07:00:00+00:00'::timestamptz, '2026-09-21T08:00:00+00:00'::timestamptz, '{"who": 7}'::jsonb, 0)
2026-09-30 07:54:10.795 UTC [1095] ERROR:  expected revision 0 but head is 1
2026-09-30 07:54:10.795 UTC [1095] CONTEXT:  PL/pgSQL function correct_fact(text,timestamp with time zone,timestamp with time zone,jsonb,integer) line 24 at RAISE
2026-09-30 07:54:10.795 UTC [1095] STATEMENT:  SELECT correct_fact('race-1', '2026-09-21T02:00:00+00:00'::timestamptz, '2026-09-21T03:00:00+00:00'::timestamptz, '{"who": 2}'::jsonb, 0)
2026-09-30 07:54:10.797 UTC [1093] ERROR:  expected revision 0 but head is 1
2026-09-30 07:54:10.797 UTC [1093] CONTEXT:  PL/pgSQL function correct_fact(text,timestamp with time zone,timestamp with time zone,jsonb,integer) line 24 at RAISE
2026-09-30 07:54:10.797 UTC [1093] STATEMENT:  SELECT correct_fact('race-1', '2026-09-21T01:00:00+00:00'::timestamptz, '2026-09-21T02:00:00+00:00'::timestamptz, '{"who": 1}'::jsonb, 0)
2026-09-30 07:54:10.798 UTC [1097] ERROR:  expected revision 0 but head is 1
2026-09-30 07:54:10.798 UTC [1097] CONTEXT:  PL/pgSQL function correct_fact(text,timestamp with time zone,timestamp with time zone,jsonb,integer) line 24 at RAISE
2026-09-30 07:54:10.798 UTC [1097] STATEMENT:  SELECT correct_fact('race-1', '2026-09-21T04:00:00+00:00'::timestamptz, '2026-09-21T05:00:00+00:00'::timestamptz, '{"who": 4}'::jsonb, 0)
2026-09-30 07:54:10.801 UTC [1100] ERROR:  expected revision 0 but head is 1
2026-09-30 07:54:10.801 UTC [1100] CONTEXT:  PL/pgSQL function correct_fact(text,timestamp with time zone,timestamp with time zone,jsonb,integer) line 24 at RAISE
2026-09-30 07:54:10.801 UTC [1100] STATEMENT:  SELECT correct_fact('race-1', '2026-09-21T05:00:00+00:00'::timestamptz, '2026-09-21T06:00:00+00:00'::timestamptz, '{"who": 5}'::jsonb, 0)
2026-09-30 07:54:10.806 UTC [1099] ERROR:  expected revision 0 but head is 1
2026-09-30 07:54:10.806 UTC [1099] CONTEXT:  PL/pgSQL function correct_fact(text,timestamp with time zone,timestamp with time zone,jsonb,integer) line 24 at RAISE
2026-09-30 07:54:10.806 UTC [1099] STATEMENT:  SELECT correct_fact('race-1', '2026-09-21T06:00:00+00:00'::timestamptz, '2026-09-21T07:00:00+00:00'::timestamptz, '{"who": 6}'::jsonb, 0)
2026-09-30 07:54:10.872 UTC [1107] ERROR:  expected revision 0 but head is 1
2026-09-30 07:54:10.872 UTC [1107] CONTEXT:  PL/pgSQL function correct_fact(text,timestamp with time zone,timestamp with time zone,jsonb,integer) line 24 at RAISE
2026-09-30 07:54:10.872 UTC [1107] STATEMENT:  SELECT correct_fact('race-2', '2026-09-21T02:00:00+00:00'::timestamptz, '2026-09-21T03:00:00+00:00'::timestamptz, '{"v": 2}'::jsonb, 0)
2026-09-30 07:54:10.873 UTC [1111] ERROR:  expected revision 0 but head is 1
2026-09-30 07:54:10.873 UTC [1111] CONTEXT:  PL/pgSQL function correct_fact(text,timestamp with time zone,timestamp with time zone,jsonb,integer) line 24 at RAISE
2026-09-30 07:54:10.873 UTC [1111] STATEMENT:  SELECT correct_fact('race-2', '2026-09-21T00:00:00+00:00'::timestamptz, '2026-09-21T01:00:00+00:00'::timestamptz, '{"v": 0}'::jsonb, 0)
2026-09-30 07:54:10.883 UTC [1111] ERROR:  expected revision 1 but head is 2
2026-09-30 07:54:10.883 UTC [1111] CONTEXT:  PL/pgSQL function correct_fact(text,timestamp with time zone,timestamp with time zone,jsonb,integer) line 24 at RAISE
2026-09-30 07:54:10.883 UTC [1111] STATEMENT:  SELECT correct_fact('race-2', '2026-09-21T05:00:00+00:00'::timestamptz, '2026-09-21T06:00:00+00:00'::timestamptz, '{"v": 5}'::jsonb, 1)
2026-09-30 07:54:10.886 UTC [1112] ERROR:  expected revision 0 but head is 2
2026-09-30 07:54:10.886 UTC [1112] CONTEXT:  PL/pgSQL function correct_fact(text,timestamp with time zone,timestamp with time zone,jsonb,integer) line 24 at RAISE
2026-09-30 07:54:10.886 UTC [1112] STATEMENT:  SELECT correct_fact('race-2', '2026-09-21T01:00:00+00:00'::timestamptz, '2026-09-21T02:00:00+00:00'::timestamptz, '{"v": 1}'::jsonb, 0)
2026-09-30 07:54:10.893 UTC [1111] ERROR:  expected revision 2 but head is 3
2026-09-30 07:54:10.893 UTC [1111] CONTEXT:  PL/pgSQL function correct_fact(text,timestamp with time zone,timestamp with time zone,jsonb,integer) line 24 at RAISE
2026-09-30 07:54:10.893 UTC [1111] STATEMENT:  SELECT correct_fact('race-2', '2026-09-21T07:00:00+00:00'::timestamptz, '2026-09-21T08:00:00+00:00'::timestamptz, '{"v": 7}'::jsonb, 2)
2026-09-30 07:54:10.896 UTC [1107] ERROR:  expected revision 2 but head is 3
2026-09-30 07:54:10.896 UTC [1107] CONTEXT:  PL/pgSQL function correct_fact(text,timestamp with time zone,timestamp with time zone,jsonb,integer) line 24 at RAISE
2026-09-30 07:54:10.896 UTC [1107] STATEMENT:  SELECT correct_fact('race-2', '2026-09-21T02:00:00+00:00'::timestamptz, '2026-09-21T03:00:00+00:00'::timestamptz, '{"v": 2}'::jsonb, 2)
2026-09-30 07:54:10.903 UTC [1115] ERROR:  expected revision 2 but head is 4
2026-09-30 07:54:10.903 UTC [1115] CONTEXT:  PL/pgSQL function correct_fact(text,timestamp with time zone,timestamp with time zone,jsonb,integer) line 24 at RAISE
2026-09-30 07:54:10.903 UTC [1115] STATEMENT:  SELECT correct_fact('race-2', '2026-09-21T06:00:00+00:00'::timestamptz, '2026-09-21T07:00:00+00:00'::timestamptz, '{"v": 6}'::jsonb, 2)
2026-09-30 07:54:10.919 UTC [1121] ERROR:  expected revision 4 but head is 5
2026-09-30 07:54:10.919 UTC [1121] CONTEXT:  PL/pgSQL function correct_fact(text,timestamp with time zone,timestamp with time zone,jsonb,integer) line 24 at RAISE
2026-09-30 07:54:10.919 UTC [1121] STATEMENT:  SELECT correct_fact('race-2', '2026-09-21T07:00:00+00:00'::timestamptz, '2026-09-21T08:00:00+00:00'::timestamptz, '{"v": 7}'::jsonb, 4)
2026-09-30 07:54:10.920 UTC [1120] ERROR:  expected revision 4 but head is 5
2026-09-30 07:54:10.920 UTC [1120] CONTEXT:  PL/pgSQL function correct_fact(text,timestamp with time zone,timestamp with time zone,jsonb,integer) line 24 at RAISE
2026-09-30 07:54:10.920 UTC [1120] STATEMENT:  SELECT correct_fact('race-2', '2026-09-21T01:00:00+00:00'::timestamptz, '2026-09-21T02:00:00+00:00'::timestamptz, '{"v": 1}'::jsonb, 4)
2026-09-30 07:54:10.928 UTC [1122] ERROR:  expected revision 4 but head is 6
2026-09-30 07:54:10.928 UTC [1122] CONTEXT:  PL/pgSQL function correct_fact(text,timestamp with time zone,timestamp with time zone,jsonb,integer) line 24 at RAISE
2026-09-30 07:54:10.928 UTC [1122] STATEMENT:  SELECT correct_fact('race-2', '2026-09-21T09:00:00+00:00'::timestamptz, '2026-09-21T10:00:00+00:00'::timestamptz, '{"v": 9}'::jsonb, 4)
2026-09-30 07:54:10.929 UTC [1121] ERROR:  expected revision 5 but head is 6
2026-09-30 07:54:10.929 UTC [1121] CONTEXT:  PL/pgSQL function correct_fact(text,timestamp with time zone,timestamp with time zone,jsonb,integer) line 24 at RAISE
2026-09-30 07:54:10.929 UTC [1121] STATEMENT:  SELECT correct_fact('race-2', '2026-09-21T10:00:00+00:00'::timestamptz, '2026-09-21T11:00:00+00:00'::timestamptz, '{"v": 10}'::jsonb, 5)
2026-09-30 07:54:10.929 UTC [1124] ERROR:  expected revision 5 but head is 6
2026-09-30 07:54:10.929 UTC [1124] CONTEXT:  PL/pgSQL function correct_fact(text,timestamp with time zone,timestamp with time zone,jsonb,integer) line 24 at RAISE
2026-09-30 07:54:10.929 UTC [1124] STATEMENT:  SELECT correct_fact('race-2', '2026-09-21T06:00:00+00:00'::timestamptz, '2026-09-21T07:00:00+00:00'::timestamptz, '{"v": 6}'::jsonb, 5)
2026-09-30 07:54:10.937 UTC [1126] ERROR:  expected revision 6 but head is 7
2026-09-30 07:54:10.937 UTC [1126] CONTEXT:  PL/pgSQL function correct_fact(text,timestamp with time zone,timestamp with time zone,jsonb,integer) line 24 at RAISE
2026-09-30 07:54:10.937 UTC [1126] STATEMENT:  SELECT correct_fact('race-2', '2026-09-21T07:00:00+00:00'::timestamptz, '2026-09-21T08:00:00+00:00'::timestamptz, '{"v": 7}'::jsonb, 6)
2026-09-30 07:54:10.938 UTC [1125] ERROR:  expected revision 6 but head is 7
2026-09-30 07:54:10.938 UTC [1125] CONTEXT:  PL/pgSQL function correct_fact(text,timestamp with time zone,timestamp with time zone,jsonb,integer) line 24 at RAISE
2026-09-30 07:54:10.938 UTC [1125] STATEMENT:  SELECT correct_fact('race-2', '2026-09-21T01:00:00+00:00'::timestamptz, '2026-09-21T02:00:00+00:00'::timestamptz, '{"v": 1}'::jsonb, 6)
2026-09-30 07:54:10.950 UTC [1129] ERROR:  expected revision 8 but head is 10
2026-09-30 07:54:10.950 UTC [1129] CONTEXT:  PL/pgSQL function correct_fact(text,timestamp with time zone,timestamp with time zone,jsonb,integer) line 24 at RAISE
2026-09-30 07:54:10.950 UTC [1129] STATEMENT:  SELECT correct_fact('race-2', '2026-09-21T10:00:00+00:00'::timestamptz, '2026-09-21T11:00:00+00:00'::timestamptz, '{"v": 10}'::jsonb, 8)
2026-09-30 07:54:10.954 UTC [1130] ERROR:  expected revision 9 but head is 10
2026-09-30 07:54:10.954 UTC [1130] CONTEXT:  PL/pgSQL function correct_fact(text,timestamp with time zone,timestamp with time zone,jsonb,integer) line 24 at RAISE
2026-09-30 07:54:10.954 UTC [1130] STATEMENT:  SELECT correct_fact('race-2', '2026-09-21T01:00:00+00:00'::timestamptz, '2026-09-21T02:00:00+00:00'::timestamptz, '{"v": 1}'::jsonb, 9)
2026-09-30 07:54:11.012 UTC [1138] ERROR:  expected revision 1 but head is 2
2026-09-30 07:54:11.012 UTC [1138] CONTEXT:  PL/pgSQL function correct_fact(text,timestamp with time zone,timestamp with time zone,jsonb,integer) line 24 at RAISE
2026-09-30 07:54:11.012 UTC [1138] STATEMENT:  SELECT correct_fact('race-3', '2026-09-21T10:00:00+00:00'::timestamptz, '2026-09-21T12:00:00+00:00'::timestamptz, '{"v": 4}'::jsonb, 1)
2026-09-30 07:54:11.013 UTC [1122] ERROR:  expected revision 1 but head is 2
2026-09-30 07:54:11.013 UTC [1122] CONTEXT:  PL/pgSQL function correct_fact(text,timestamp with time zone,timestamp with time zone,jsonb,integer) line 24 at RAISE
2026-09-30 07:54:11.013 UTC [1122] STATEMENT:  SELECT correct_fact('race-3', '2026-09-21T10:00:00+00:00'::timestamptz, '2026-09-21T12:00:00+00:00'::timestamptz, '{"v": 1}'::jsonb, 1)
2026-09-30 07:54:11.021 UTC [1141] ERROR:  expected revision 2 but head is 3
2026-09-30 07:54:11.021 UTC [1141] CONTEXT:  PL/pgSQL function correct_fact(text,timestamp with time zone,timestamp with time zone,jsonb,integer) line 24 at RAISE
2026-09-30 07:54:11.021 UTC [1141] STATEMENT:  SELECT correct_fact('race-3', '2026-09-21T10:00:00+00:00'::timestamptz, '2026-09-21T12:00:00+00:00'::timestamptz, '{"v": 2}'::jsonb, 2)
2026-09-30 07:54:11.021 UTC [1142] ERROR:  expected revision 2 but head is 3
2026-09-30 07:54:11.021 UTC [1142] CONTEXT:  PL/pgSQL function correct_fact(text,timestamp with time zone,timestamp with time zone,jsonb,integer) line 24 at RAISE
2026-09-30 07:54:11.021 UTC [1142] STATEMENT:  SELECT correct_fact('race-3', '2026-09-21T10:00:00+00:00'::timestamptz, '2026-09-21T12:00:00+00:00'::timestamptz, '{"v": 3}'::jsonb, 2)
2026-09-30 07:54:11.022 UTC [1138] ERROR:  expected revision 2 but head is 3
2026-09-30 07:54:11.022 UTC [1138] CONTEXT:  PL/pgSQL function correct_fact(text,timestamp with time zone,timestamp with time zone,jsonb,integer) line 24 at RAISE
2026-09-30 07:54:11.022 UTC [1138] STATEMENT:  SELECT correct_fact('race-3', '2026-09-21T10:00:00+00:00'::timestamptz, '2026-09-21T12:00:00+00:00'::timestamptz, '{"v": 1}'::jsonb, 2)
2026-09-30 07:54:11.028 UTC [1143] ERROR:  expected revision 2 but head is 3
2026-09-30 07:54:11.028 UTC [1143] CONTEXT:  PL/pgSQL function correct_fact(text,timestamp with time zone,timestamp with time zone,jsonb,integer) line 24 at RAISE
2026-09-30 07:54:11.028 UTC [1143] STATEMENT:  SELECT correct_fact('race-3', '2026-09-21T10:00:00+00:00'::timestamptz, '2026-09-21T12:00:00+00:00'::timestamptz, '{"v": 4}'::jsonb, 2)
2026-09-30 07:54:11.038 UTC [1145] ERROR:  expected revision 3 but head is 4
2026-09-30 07:54:11.038 UTC [1145] CONTEXT:  PL/pgSQL function correct_fact(text,timestamp with time zone,timestamp with time zone,jsonb,integer) line 24 at RAISE
2026-09-30 07:54:11.038 UTC [1145] STATEMENT:  SELECT correct_fact('race-3', '2026-09-21T10:00:00+00:00'::timestamptz, '2026-09-21T12:00:00+00:00'::timestamptz, '{"v": 2}'::jsonb, 3)
2026-09-30 07:54:11.039 UTC [1144] ERROR:  expected revision 3 but head is 4
2026-09-30 07:54:11.039 UTC [1144] CONTEXT:  PL/pgSQL function correct_fact(text,timestamp with time zone,timestamp with time zone,jsonb,integer) line 24 at RAISE
2026-09-30 07:54:11.039 UTC [1144] STATEMENT:  SELECT correct_fact('race-3', '2026-09-21T10:00:00+00:00'::timestamptz, '2026-09-21T12:00:00+00:00'::timestamptz, '{"v": 3}'::jsonb, 3)
2026-09-30 07:54:11.052 UTC [1147] ERROR:  expected revision 5 but head is 6
2026-09-30 07:54:11.052 UTC [1147] CONTEXT:  PL/pgSQL function correct_fact(text,timestamp with time zone,timestamp with time zone,jsonb,integer) line 24 at RAISE
2026-09-30 07:54:11.052 UTC [1147] STATEMENT:  SELECT correct_fact('race-3', '2026-09-21T10:00:00+00:00'::timestamptz, '2026-09-21T12:00:00+00:00'::timestamptz, '{"v": 3}'::jsonb, 5)
2026-09-30 07:54:11.310 UTC [1151] ERROR:  expected revision 0 but head is 1
2026-09-30 07:54:11.310 UTC [1151] CONTEXT:  PL/pgSQL function correct_fact(text,timestamp with time zone,timestamp with time zone,jsonb,integer) line 24 at RAISE
2026-09-30 07:54:11.310 UTC [1151] STATEMENT:  SELECT correct_fact('lab-result-D','2026-09-21T00:00:00+00:00'::timestamptz,'2026-09-21T01:00:00+00:00'::timestamptz,'{"result": 2}'::jsonb,0)
2026-09-30 07:54:11.315 UTC [1152] ERROR:  valid interval must be non-empty half-open [from, to)
2026-09-30 07:54:11.315 UTC [1152] CONTEXT:  PL/pgSQL function correct_fact(text,timestamp with time zone,timestamp with time zone,jsonb,integer) line 8 at RAISE
2026-09-30 07:54:11.315 UTC [1152] STATEMENT:  SELECT correct_fact('lab-result-E','2026-09-21T05:00:00+00:00'::timestamptz,'2026-09-21T05:00:00+00:00'::timestamptz,'{"result": 1}'::jsonb,0)
2026-09-30 07:54:11.315 UTC [1152] ERROR:  valid interval must be non-empty half-open [from, to)
2026-09-30 07:54:11.315 UTC [1152] CONTEXT:  PL/pgSQL function correct_fact(text,timestamp with time zone,timestamp with time zone,jsonb,integer) line 8 at RAISE
2026-09-30 07:54:11.315 UTC [1152] STATEMENT:  SELECT correct_fact('lab-result-E','2026-09-21T09:00:00+00:00'::timestamptz,'2026-09-21T03:00:00+00:00'::timestamptz,'{"result": 1}'::jsonb,0)
2026-09-30 07:54:11.347 UTC [1154] ERROR:  fact history is append-only; deletes are forbidden
2026-09-30 07:54:11.347 UTC [1154] CONTEXT:  PL/pgSQL function fact_versions_immutable() line 4 at RAISE
2026-09-30 07:54:11.347 UTC [1154] STATEMENT:  DELETE FROM fact_versions WHERE object_id='del'
2026-09-30 07:54:11.360 UTC [1155] ERROR:  fact rows are immutable; only assert_to may be closed once
2026-09-30 07:54:11.360 UTC [1155] CONTEXT:  PL/pgSQL function fact_versions_immutable() line 22 at RAISE
2026-09-30 07:54:11.360 UTC [1155] STATEMENT:  UPDATE fact_versions SET value='{"v":999}' WHERE object_id='upd'
2026-09-30 07:54:11.361 UTC [1155] ERROR:  fact rows are immutable; only assert_to may be closed once
2026-09-30 07:54:11.361 UTC [1155] CONTEXT:  PL/pgSQL function fact_versions_immutable() line 22 at RAISE
2026-09-30 07:54:11.361 UTC [1155] STATEMENT:  UPDATE fact_versions SET valid_from=valid_from WHERE object_id='upd'
2026-09-30 07:54:11.361 UTC [1155] ERROR:  fact rows are immutable; only assert_to may be closed once
2026-09-30 07:54:11.361 UTC [1155] CONTEXT:  PL/pgSQL function fact_versions_immutable() line 22 at RAISE
2026-09-30 07:54:11.361 UTC [1155] STATEMENT:  UPDATE fact_versions SET assert_from=assert_from+1 WHERE object_id='upd'
2026-09-30 07:54:11.362 UTC [1155] ERROR:  fact rows are immutable; only assert_to may be closed once
2026-09-30 07:54:11.362 UTC [1155] CONTEXT:  PL/pgSQL function fact_versions_immutable() line 22 at RAISE
2026-09-30 07:54:11.362 UTC [1155] STATEMENT:  UPDATE fact_versions SET assert_to=99 WHERE assert_to IS NOT NULL
2026-09-30 07:54:11.978 UTC [1161] ERROR:  expected revision 0 but head is 1
2026-09-30 07:54:11.978 UTC [1161] CONTEXT:  PL/pgSQL function correct_fact(text,timestamp with time zone,timestamp with time zone,jsonb,integer) line 24 at RAISE
2026-09-30 07:54:11.978 UTC [1161] STATEMENT:  SELECT correct_fact('race-1', '2026-09-21T02:00:00+00:00'::timestamptz, '2026-09-21T03:00:00+00:00'::timestamptz, '{"who": 2}'::jsonb, 0)
2026-09-30 07:54:11.984 UTC [1176] ERROR:  expected revision 0 but head is 1
2026-09-30 07:54:11.984 UTC [1176] CONTEXT:  PL/pgSQL function correct_fact(text,timestamp with time zone,timestamp with time zone,jsonb,integer) line 24 at RAISE
2026-09-30 07:54:11.984 UTC [1176] STATEMENT:  SELECT correct_fact('race-1', '2026-09-21T01:00:00+00:00'::timestamptz, '2026-09-21T02:00:00+00:00'::timestamptz, '{"who": 1}'::jsonb, 0)
2026-09-30 07:54:11.985 UTC [1161] ERROR:  expected revision 0 but head is 1
2026-09-30 07:54:11.985 UTC [1161] CONTEXT:  PL/pgSQL function correct_fact(text,timestamp with time zone,timestamp with time zone,jsonb,integer) line 24 at RAISE
2026-09-30 07:54:11.985 UTC [1161] STATEMENT:  SELECT correct_fact('race-1', '2026-09-21T05:00:00+00:00'::timestamptz, '2026-09-21T06:00:00+00:00'::timestamptz, '{"who": 5}'::jsonb, 0)
2026-09-30 07:54:11.991 UTC [1180] ERROR:  expected revision 0 but head is 1
2026-09-30 07:54:11.991 UTC [1180] CONTEXT:  PL/pgSQL function correct_fact(text,timestamp with time zone,timestamp with time zone,jsonb,integer) line 24 at RAISE
2026-09-30 07:54:11.991 UTC [1180] STATEMENT:  SELECT correct_fact('race-1', '2026-09-21T03:00:00+00:00'::timestamptz, '2026-09-21T04:00:00+00:00'::timestamptz, '{"who": 3}'::jsonb, 0)
2026-09-30 07:54:11.992 UTC [1184] ERROR:  expected revision 0 but head is 1
2026-09-30 07:54:11.992 UTC [1184] CONTEXT:  PL/pgSQL function correct_fact(text,timestamp with time zone,timestamp with time zone,jsonb,integer) line 24 at RAISE
2026-09-30 07:54:11.992 UTC [1184] STATEMENT:  SELECT correct_fact('race-1', '2026-09-21T07:00:00+00:00'::timestamptz, '2026-09-21T08:00:00+00:00'::timestamptz, '{"who": 7}'::jsonb, 0)
2026-09-30 07:54:12.012 UTC [1183] ERROR:  expected revision 0 but head is 1
2026-09-30 07:54:12.012 UTC [1183] CONTEXT:  PL/pgSQL function correct_fact(text,timestamp with time zone,timestamp with time zone,jsonb,integer) line 24 at RAISE
2026-09-30 07:54:12.012 UTC [1183] STATEMENT:  SELECT correct_fact('race-1', '2026-09-21T04:00:00+00:00'::timestamptz, '2026-09-21T05:00:00+00:00'::timestamptz, '{"who": 4}'::jsonb, 0)
2026-09-30 07:54:12.014 UTC [1185] ERROR:  expected revision 0 but head is 1
2026-09-30 07:54:12.014 UTC [1185] CONTEXT:  PL/pgSQL function correct_fact(text,timestamp with time zone,timestamp with time zone,jsonb,integer) line 24 at RAISE
2026-09-30 07:54:12.014 UTC [1185] STATEMENT:  SELECT correct_fact('race-1', '2026-09-21T06:00:00+00:00'::timestamptz, '2026-09-21T07:00:00+00:00'::timestamptz, '{"who": 6}'::jsonb, 0)
2026-09-30 07:54:12.134 UTC [1190] ERROR:  expected revision 0 but head is 1
2026-09-30 07:54:12.134 UTC [1190] CONTEXT:  PL/pgSQL function correct_fact(text,timestamp with time zone,timestamp with time zone,jsonb,integer) line 24 at RAISE
2026-09-30 07:54:12.134 UTC [1190] STATEMENT:  SELECT correct_fact('race-2', '2026-09-21T02:00:00+00:00'::timestamptz, '2026-09-21T03:00:00+00:00'::timestamptz, '{"v": 2}'::jsonb, 0)
2026-09-30 07:54:12.138 UTC [1195] ERROR:  expected revision 0 but head is 1
2026-09-30 07:54:12.138 UTC [1195] CONTEXT:  PL/pgSQL function correct_fact(text,timestamp with time zone,timestamp with time zone,jsonb,integer) line 24 at RAISE
2026-09-30 07:54:12.138 UTC [1195] STATEMENT:  SELECT correct_fact('race-2', '2026-09-21T01:00:00+00:00'::timestamptz, '2026-09-21T02:00:00+00:00'::timestamptz, '{"v": 1}'::jsonb, 0)
2026-09-30 07:54:12.149 UTC [1196] ERROR:  expected revision 1 but head is 2
2026-09-30 07:54:12.149 UTC [1196] CONTEXT:  PL/pgSQL function correct_fact(text,timestamp with time zone,timestamp with time zone,jsonb,integer) line 24 at RAISE
2026-09-30 07:54:12.149 UTC [1196] STATEMENT:  SELECT correct_fact('race-2', '2026-09-21T05:00:00+00:00'::timestamptz, '2026-09-21T06:00:00+00:00'::timestamptz, '{"v": 5}'::jsonb, 1)
2026-09-30 07:54:12.153 UTC [1198] ERROR:  expected revision 1 but head is 2
2026-09-30 07:54:12.153 UTC [1198] CONTEXT:  PL/pgSQL function correct_fact(text,timestamp with time zone,timestamp with time zone,jsonb,integer) line 24 at RAISE
2026-09-30 07:54:12.153 UTC [1198] STATEMENT:  SELECT correct_fact('race-2', '2026-09-21T04:00:00+00:00'::timestamptz, '2026-09-21T05:00:00+00:00'::timestamptz, '{"v": 4}'::jsonb, 1)
2026-09-30 07:54:12.154 UTC [1190] ERROR:  expected revision 1 but head is 2
2026-09-30 07:54:12.154 UTC [1190] CONTEXT:  PL/pgSQL function correct_fact(text,timestamp with time zone,timestamp with time zone,jsonb,integer) line 24 at RAISE
2026-09-30 07:54:12.154 UTC [1190] STATEMENT:  SELECT correct_fact('race-2', '2026-09-21T06:00:00+00:00'::timestamptz, '2026-09-21T07:00:00+00:00'::timestamptz, '{"v": 6}'::jsonb, 1)
2026-09-30 07:54:12.168 UTC [1196] ERROR:  expected revision 2 but head is 3
2026-09-30 07:54:12.168 UTC [1196] CONTEXT:  PL/pgSQL function correct_fact(text,timestamp with time zone,timestamp with time zone,jsonb,integer) line 24 at RAISE
2026-09-30 07:54:12.168 UTC [1196] STATEMENT:  SELECT correct_fact('race-2', '2026-09-21T07:00:00+00:00'::timestamptz, '2026-09-21T08:00:00+00:00'::timestamptz, '{"v": 7}'::jsonb, 2)
2026-09-30 07:54:12.184 UTC [1202] ERROR:  expected revision 2 but head is 4
2026-09-30 07:54:12.184 UTC [1202] CONTEXT:  PL/pgSQL function correct_fact(text,timestamp with time zone,timestamp with time zone,jsonb,integer) line 24 at RAISE
2026-09-30 07:54:12.184 UTC [1202] STATEMENT:  SELECT correct_fact('race-2', '2026-09-21T05:00:00+00:00'::timestamptz, '2026-09-21T06:00:00+00:00'::timestamptz, '{"v": 5}'::jsonb, 2)
2026-09-30 07:54:12.184 UTC [1201] ERROR:  expected revision 2 but head is 4
2026-09-30 07:54:12.184 UTC [1201] CONTEXT:  PL/pgSQL function correct_fact(text,timestamp with time zone,timestamp with time zone,jsonb,integer) line 24 at RAISE
2026-09-30 07:54:12.184 UTC [1201] STATEMENT:  SELECT correct_fact('race-2', '2026-09-21T02:00:00+00:00'::timestamptz, '2026-09-21T03:00:00+00:00'::timestamptz, '{"v": 2}'::jsonb, 2)
2026-09-30 07:54:12.185 UTC [1200] ERROR:  expected revision 3 but head is 4
2026-09-30 07:54:12.185 UTC [1200] CONTEXT:  PL/pgSQL function correct_fact(text,timestamp with time zone,timestamp with time zone,jsonb,integer) line 24 at RAISE
2026-09-30 07:54:12.185 UTC [1200] STATEMENT:  SELECT correct_fact('race-2', '2026-09-21T06:00:00+00:00'::timestamptz, '2026-09-21T07:00:00+00:00'::timestamptz, '{"v": 6}'::jsonb, 3)
2026-09-30 07:54:12.185 UTC [1203] ERROR:  expected revision 3 but head is 4
2026-09-30 07:54:12.185 UTC [1203] CONTEXT:  PL/pgSQL function correct_fact(text,timestamp with time zone,timestamp with time zone,jsonb,integer) line 24 at RAISE
2026-09-30 07:54:12.185 UTC [1203] STATEMENT:  SELECT correct_fact('race-2', '2026-09-21T07:00:00+00:00'::timestamptz, '2026-09-21T08:00:00+00:00'::timestamptz, '{"v": 7}'::jsonb, 3)
2026-09-30 07:54:12.189 UTC [1204] ERROR:  expected revision 3 but head is 4
2026-09-30 07:54:12.189 UTC [1204] CONTEXT:  PL/pgSQL function correct_fact(text,timestamp with time zone,timestamp with time zone,jsonb,integer) line 24 at RAISE
2026-09-30 07:54:12.189 UTC [1204] STATEMENT:  SELECT correct_fact('race-2', '2026-09-21T04:00:00+00:00'::timestamptz, '2026-09-21T05:00:00+00:00'::timestamptz, '{"v": 4}'::jsonb, 3)
2026-09-30 07:54:12.202 UTC [1204] ERROR:  expected revision 4 but head is 5
2026-09-30 07:54:12.202 UTC [1204] CONTEXT:  PL/pgSQL function correct_fact(text,timestamp with time zone,timestamp with time zone,jsonb,integer) line 24 at RAISE
2026-09-30 07:54:12.202 UTC [1204] STATEMENT:  SELECT correct_fact('race-2', '2026-09-21T02:00:00+00:00'::timestamptz, '2026-09-21T03:00:00+00:00'::timestamptz, '{"v": 2}'::jsonb, 4)
2026-09-30 07:54:12.213 UTC [1206] ERROR:  expected revision 4 but head is 6
2026-09-30 07:54:12.213 UTC [1206] CONTEXT:  PL/pgSQL function correct_fact(text,timestamp with time zone,timestamp with time zone,jsonb,integer) line 24 at RAISE
2026-09-30 07:54:12.213 UTC [1206] STATEMENT:  SELECT correct_fact('race-2', '2026-09-21T06:00:00+00:00'::timestamptz, '2026-09-21T07:00:00+00:00'::timestamptz, '{"v": 6}'::jsonb, 4)
2026-09-30 07:54:12.220 UTC [1208] ERROR:  expected revision 4 but head is 6
2026-09-30 07:54:12.220 UTC [1208] CONTEXT:  PL/pgSQL function correct_fact(text,timestamp with time zone,timestamp with time zone,jsonb,integer) line 24 at RAISE
2026-09-30 07:54:12.220 UTC [1208] STATEMENT:  SELECT correct_fact('race-2', '2026-09-21T07:00:00+00:00'::timestamptz, '2026-09-21T08:00:00+00:00'::timestamptz, '{"v": 7}'::jsonb, 4)
2026-09-30 07:54:12.227 UTC [1209] ERROR:  expected revision 5 but head is 7
2026-09-30 07:54:12.227 UTC [1209] CONTEXT:  PL/pgSQL function correct_fact(text,timestamp with time zone,timestamp with time zone,jsonb,integer) line 24 at RAISE
2026-09-30 07:54:12.227 UTC [1209] STATEMENT:  SELECT correct_fact('race-2', '2026-09-21T05:00:00+00:00'::timestamptz, '2026-09-21T06:00:00+00:00'::timestamptz, '{"v": 5}'::jsonb, 5)
2026-09-30 07:54:12.227 UTC [1208] ERROR:  expected revision 6 but head is 7
2026-09-30 07:54:12.227 UTC [1208] CONTEXT:  PL/pgSQL function correct_fact(text,timestamp with time zone,timestamp with time zone,jsonb,integer) line 24 at RAISE
2026-09-30 07:54:12.227 UTC [1208] STATEMENT:  SELECT correct_fact('race-2', '2026-09-21T06:00:00+00:00'::timestamptz, '2026-09-21T07:00:00+00:00'::timestamptz, '{"v": 6}'::jsonb, 6)
2026-09-30 07:54:12.230 UTC [1211] ERROR:  expected revision 5 but head is 7
2026-09-30 07:54:12.230 UTC [1211] CONTEXT:  PL/pgSQL function correct_fact(text,timestamp with time zone,timestamp with time zone,jsonb,integer) line 24 at RAISE
2026-09-30 07:54:12.230 UTC [1211] STATEMENT:  SELECT correct_fact('race-2', '2026-09-21T04:00:00+00:00'::timestamptz, '2026-09-21T05:00:00+00:00'::timestamptz, '{"v": 4}'::jsonb, 5)
2026-09-30 07:54:12.239 UTC [1209] ERROR:  expected revision 7 but head is 8
2026-09-30 07:54:12.239 UTC [1209] CONTEXT:  PL/pgSQL function correct_fact(text,timestamp with time zone,timestamp with time zone,jsonb,integer) line 24 at RAISE
2026-09-30 07:54:12.239 UTC [1209] STATEMENT:  SELECT correct_fact('race-2', '2026-09-21T07:00:00+00:00'::timestamptz, '2026-09-21T08:00:00+00:00'::timestamptz, '{"v": 7}'::jsonb, 7)
2026-09-30 07:54:12.272 UTC [1211] ERROR:  expected revision 8 but head is 9
2026-09-30 07:54:12.272 UTC [1211] CONTEXT:  PL/pgSQL function correct_fact(text,timestamp with time zone,timestamp with time zone,jsonb,integer) line 24 at RAISE
2026-09-30 07:54:12.272 UTC [1211] STATEMENT:  SELECT correct_fact('race-2', '2026-09-21T04:00:00+00:00'::timestamptz, '2026-09-21T05:00:00+00:00'::timestamptz, '{"v": 4}'::jsonb, 8)
2026-09-30 07:54:12.273 UTC [1212] ERROR:  expected revision 8 but head is 9
2026-09-30 07:54:12.273 UTC [1212] CONTEXT:  PL/pgSQL function correct_fact(text,timestamp with time zone,timestamp with time zone,jsonb,integer) line 24 at RAISE
2026-09-30 07:54:12.273 UTC [1212] STATEMENT:  SELECT correct_fact('race-2', '2026-09-21T05:00:00+00:00'::timestamptz, '2026-09-21T06:00:00+00:00'::timestamptz, '{"v": 5}'::jsonb, 8)
2026-09-30 07:54:12.292 UTC [1214] ERROR:  expected revision 10 but head is 11
2026-09-30 07:54:12.292 UTC [1214] CONTEXT:  PL/pgSQL function correct_fact(text,timestamp with time zone,timestamp with time zone,jsonb,integer) line 24 at RAISE
2026-09-30 07:54:12.292 UTC [1214] STATEMENT:  SELECT correct_fact('race-2', '2026-09-21T04:00:00+00:00'::timestamptz, '2026-09-21T05:00:00+00:00'::timestamptz, '{"v": 4}'::jsonb, 10)
2026-09-30 07:54:12.375 UTC [1225] ERROR:  expected revision 1 but head is 2
2026-09-30 07:54:12.375 UTC [1225] CONTEXT:  PL/pgSQL function correct_fact(text,timestamp with time zone,timestamp with time zone,jsonb,integer) line 24 at RAISE
2026-09-30 07:54:12.375 UTC [1225] STATEMENT:  SELECT correct_fact('race-3', '2026-09-21T10:00:00+00:00'::timestamptz, '2026-09-21T12:00:00+00:00'::timestamptz, '{"v": 5}'::jsonb, 1)
2026-09-30 07:54:12.376 UTC [1223] ERROR:  expected revision 1 but head is 2
2026-09-30 07:54:12.376 UTC [1223] CONTEXT:  PL/pgSQL function correct_fact(text,timestamp with time zone,timestamp with time zone,jsonb,integer) line 24 at RAISE
2026-09-30 07:54:12.376 UTC [1223] STATEMENT:  SELECT correct_fact('race-3', '2026-09-21T10:00:00+00:00'::timestamptz, '2026-09-21T12:00:00+00:00'::timestamptz, '{"v": 2}'::jsonb, 1)
2026-09-30 07:54:12.379 UTC [1227] ERROR:  expected revision 1 but head is 2
2026-09-30 07:54:12.379 UTC [1227] CONTEXT:  PL/pgSQL function correct_fact(text,timestamp with time zone,timestamp with time zone,jsonb,integer) line 24 at RAISE
2026-09-30 07:54:12.379 UTC [1227] STATEMENT:  SELECT correct_fact('race-3', '2026-09-21T10:00:00+00:00'::timestamptz, '2026-09-21T12:00:00+00:00'::timestamptz, '{"v": 1}'::jsonb, 1)
2026-09-30 07:54:12.380 UTC [1226] ERROR:  expected revision 1 but head is 2
2026-09-30 07:54:12.380 UTC [1226] CONTEXT:  PL/pgSQL function correct_fact(text,timestamp with time zone,timestamp with time zone,jsonb,integer) line 24 at RAISE
2026-09-30 07:54:12.380 UTC [1226] STATEMENT:  SELECT correct_fact('race-3', '2026-09-21T10:00:00+00:00'::timestamptz, '2026-09-21T12:00:00+00:00'::timestamptz, '{"v": 4}'::jsonb, 1)
2026-09-30 07:54:12.386 UTC [1226] ERROR:  expected revision 2 but head is 3
2026-09-30 07:54:12.386 UTC [1226] CONTEXT:  PL/pgSQL function correct_fact(text,timestamp with time zone,timestamp with time zone,jsonb,integer) line 24 at RAISE
2026-09-30 07:54:12.386 UTC [1226] STATEMENT:  SELECT correct_fact('race-3', '2026-09-21T10:00:00+00:00'::timestamptz, '2026-09-21T12:00:00+00:00'::timestamptz, '{"v": 5}'::jsonb, 2)
2026-09-30 07:54:12.397 UTC [1229] ERROR:  expected revision 2 but head is 4
2026-09-30 07:54:12.397 UTC [1229] CONTEXT:  PL/pgSQL function correct_fact(text,timestamp with time zone,timestamp with time zone,jsonb,integer) line 24 at RAISE
2026-09-30 07:54:12.397 UTC [1229] STATEMENT:  SELECT correct_fact('race-3', '2026-09-21T10:00:00+00:00'::timestamptz, '2026-09-21T12:00:00+00:00'::timestamptz, '{"v": 2}'::jsonb, 2)
2026-09-30 07:54:12.398 UTC [1228] ERROR:  expected revision 3 but head is 4
2026-09-30 07:54:12.398 UTC [1228] CONTEXT:  PL/pgSQL function correct_fact(text,timestamp with time zone,timestamp with time zone,jsonb,integer) line 24 at RAISE
2026-09-30 07:54:12.398 UTC [1228] STATEMENT:  SELECT correct_fact('race-3', '2026-09-21T10:00:00+00:00'::timestamptz, '2026-09-21T12:00:00+00:00'::timestamptz, '{"v": 4}'::jsonb, 3)
2026-09-30 07:54:12.404 UTC [1232] ERROR:  expected revision 3 but head is 4
2026-09-30 07:54:12.404 UTC [1232] CONTEXT:  PL/pgSQL function correct_fact(text,timestamp with time zone,timestamp with time zone,jsonb,integer) line 24 at RAISE
2026-09-30 07:54:12.404 UTC [1232] STATEMENT:  SELECT correct_fact('race-3', '2026-09-21T10:00:00+00:00'::timestamptz, '2026-09-21T12:00:00+00:00'::timestamptz, '{"v": 1}'::jsonb, 3)
2026-09-30 07:54:12.414 UTC [1233] ERROR:  expected revision 4 but head is 5
2026-09-30 07:54:12.414 UTC [1233] CONTEXT:  PL/pgSQL function correct_fact(text,timestamp with time zone,timestamp with time zone,jsonb,integer) line 24 at RAISE
2026-09-30 07:54:12.414 UTC [1233] STATEMENT:  SELECT correct_fact('race-3', '2026-09-21T10:00:00+00:00'::timestamptz, '2026-09-21T12:00:00+00:00'::timestamptz, '{"v": 2}'::jsonb, 4)
2026-09-30 07:54:12.716 UTC [1238] ERROR:  expected revision 0 but head is 1
2026-09-30 07:54:12.716 UTC [1238] CONTEXT:  PL/pgSQL function correct_fact(text,timestamp with time zone,timestamp with time zone,jsonb,integer) line 24 at RAISE
2026-09-30 07:54:12.716 UTC [1238] STATEMENT:  SELECT correct_fact('lab-result-D','2026-09-21T00:00:00+00:00'::timestamptz,'2026-09-21T01:00:00+00:00'::timestamptz,'{"result": 2}'::jsonb,0)
2026-09-30 07:54:12.721 UTC [1239] ERROR:  valid interval must be non-empty half-open [from, to)
2026-09-30 07:54:12.721 UTC [1239] CONTEXT:  PL/pgSQL function correct_fact(text,timestamp with time zone,timestamp with time zone,jsonb,integer) line 8 at RAISE
2026-09-30 07:54:12.721 UTC [1239] STATEMENT:  SELECT correct_fact('lab-result-E','2026-09-21T05:00:00+00:00'::timestamptz,'2026-09-21T05:00:00+00:00'::timestamptz,'{"result": 1}'::jsonb,0)
2026-09-30 07:54:12.722 UTC [1239] ERROR:  valid interval must be non-empty half-open [from, to)
2026-09-30 07:54:12.722 UTC [1239] CONTEXT:  PL/pgSQL function correct_fact(text,timestamp with time zone,timestamp with time zone,jsonb,integer) line 8 at RAISE
2026-09-30 07:54:12.722 UTC [1239] STATEMENT:  SELECT correct_fact('lab-result-E','2026-09-21T09:00:00+00:00'::timestamptz,'2026-09-21T03:00:00+00:00'::timestamptz,'{"result": 1}'::jsonb,0)
2026-09-30 07:54:12.751 UTC [1241] ERROR:  fact history is append-only; deletes are forbidden
2026-09-30 07:54:12.751 UTC [1241] CONTEXT:  PL/pgSQL function fact_versions_immutable() line 4 at RAISE
2026-09-30 07:54:12.751 UTC [1241] STATEMENT:  DELETE FROM fact_versions WHERE object_id='del'
2026-09-30 07:54:12.766 UTC [1242] ERROR:  fact rows are immutable; only assert_to may be closed once
2026-09-30 07:54:12.766 UTC [1242] CONTEXT:  PL/pgSQL function fact_versions_immutable() line 22 at RAISE
2026-09-30 07:54:12.766 UTC [1242] STATEMENT:  UPDATE fact_versions SET value='{"v":999}' WHERE object_id='upd'
2026-09-30 07:54:12.766 UTC [1242] ERROR:  fact rows are immutable; only assert_to may be closed once
2026-09-30 07:54:12.766 UTC [1242] CONTEXT:  PL/pgSQL function fact_versions_immutable() line 22 at RAISE
2026-09-30 07:54:12.766 UTC [1242] STATEMENT:  UPDATE fact_versions SET valid_from=valid_from WHERE object_id='upd'
2026-09-30 07:54:12.766 UTC [1242] ERROR:  fact rows are immutable; only assert_to may be closed once
2026-09-30 07:54:12.766 UTC [1242] CONTEXT:  PL/pgSQL function fact_versions_immutable() line 22 at RAISE
2026-09-30 07:54:12.766 UTC [1242] STATEMENT:  UPDATE fact_versions SET assert_from=assert_from+1 WHERE object_id='upd'
2026-09-30 07:54:12.767 UTC [1242] ERROR:  fact rows are immutable; only assert_to may be closed once
2026-09-30 07:54:12.767 UTC [1242] CONTEXT:  PL/pgSQL function fact_versions_immutable() line 22 at RAISE
2026-09-30 07:54:12.767 UTC [1242] STATEMENT:  UPDATE fact_versions SET assert_to=99 WHERE assert_to IS NOT NULL
2026-09-30 07:54:13.380 UTC [1248] ERROR:  expected revision 0 but head is 1
2026-09-30 07:54:13.380 UTC [1248] CONTEXT:  PL/pgSQL function correct_fact(text,timestamp with time zone,timestamp with time zone,jsonb,integer) line 24 at RAISE
2026-09-30 07:54:13.380 UTC [1248] STATEMENT:  SELECT correct_fact('race-1', '2026-09-21T03:00:00+00:00'::timestamptz, '2026-09-21T04:00:00+00:00'::timestamptz, '{"who": 3}'::jsonb, 0)
2026-09-30 07:54:13.385 UTC [1261] ERROR:  expected revision 0 but head is 1
2026-09-30 07:54:13.385 UTC [1261] CONTEXT:  PL/pgSQL function correct_fact(text,timestamp with time zone,timestamp with time zone,jsonb,integer) line 24 at RAISE
2026-09-30 07:54:13.385 UTC [1261] STATEMENT:  SELECT correct_fact('race-1', '2026-09-21T01:00:00+00:00'::timestamptz, '2026-09-21T02:00:00+00:00'::timestamptz, '{"who": 1}'::jsonb, 0)
2026-09-30 07:54:13.385 UTC [1248] ERROR:  expected revision 0 but head is 1
2026-09-30 07:54:13.385 UTC [1248] CONTEXT:  PL/pgSQL function correct_fact(text,timestamp with time zone,timestamp with time zone,jsonb,integer) line 24 at RAISE
2026-09-30 07:54:13.385 UTC [1248] STATEMENT:  SELECT correct_fact('race-1', '2026-09-21T04:00:00+00:00'::timestamptz, '2026-09-21T05:00:00+00:00'::timestamptz, '{"who": 4}'::jsonb, 0)
2026-09-30 07:54:13.385 UTC [1263] ERROR:  expected revision 0 but head is 1
2026-09-30 07:54:13.385 UTC [1263] CONTEXT:  PL/pgSQL function correct_fact(text,timestamp with time zone,timestamp with time zone,jsonb,integer) line 24 at RAISE
2026-09-30 07:54:13.385 UTC [1263] STATEMENT:  SELECT correct_fact('race-1', '2026-09-21T02:00:00+00:00'::timestamptz, '2026-09-21T03:00:00+00:00'::timestamptz, '{"who": 2}'::jsonb, 0)
2026-09-30 07:54:13.386 UTC [1261] ERROR:  expected revision 0 but head is 1
2026-09-30 07:54:13.386 UTC [1261] CONTEXT:  PL/pgSQL function correct_fact(text,timestamp with time zone,timestamp with time zone,jsonb,integer) line 24 at RAISE
2026-09-30 07:54:13.386 UTC [1261] STATEMENT:  SELECT correct_fact('race-1', '2026-09-21T06:00:00+00:00'::timestamptz, '2026-09-21T07:00:00+00:00'::timestamptz, '{"who": 6}'::jsonb, 0)
2026-09-30 07:54:13.387 UTC [1263] ERROR:  expected revision 0 but head is 1
2026-09-30 07:54:13.387 UTC [1263] CONTEXT:  PL/pgSQL function correct_fact(text,timestamp with time zone,timestamp with time zone,jsonb,integer) line 24 at RAISE
2026-09-30 07:54:13.387 UTC [1263] STATEMENT:  SELECT correct_fact('race-1', '2026-09-21T07:00:00+00:00'::timestamptz, '2026-09-21T08:00:00+00:00'::timestamptz, '{"who": 7}'::jsonb, 0)
2026-09-30 07:54:13.391 UTC [1269] ERROR:  expected revision 0 but head is 1
2026-09-30 07:54:13.391 UTC [1269] CONTEXT:  PL/pgSQL function correct_fact(text,timestamp with time zone,timestamp with time zone,jsonb,integer) line 24 at RAISE
2026-09-30 07:54:13.391 UTC [1269] STATEMENT:  SELECT correct_fact('race-1', '2026-09-21T05:00:00+00:00'::timestamptz, '2026-09-21T06:00:00+00:00'::timestamptz, '{"who": 5}'::jsonb, 0)
2026-09-30 07:54:13.432 UTC [1261] ERROR:  expected revision 0 but head is 1
2026-09-30 07:54:13.432 UTC [1261] CONTEXT:  PL/pgSQL function correct_fact(text,timestamp with time zone,timestamp with time zone,jsonb,integer) line 24 at RAISE
2026-09-30 07:54:13.432 UTC [1261] STATEMENT:  SELECT correct_fact('race-2', '2026-09-21T01:00:00+00:00'::timestamptz, '2026-09-21T02:00:00+00:00'::timestamptz, '{"v": 1}'::jsonb, 0)
2026-09-30 07:54:13.438 UTC [1278] ERROR:  expected revision 0 but head is 1
2026-09-30 07:54:13.438 UTC [1278] CONTEXT:  PL/pgSQL function correct_fact(text,timestamp with time zone,timestamp with time zone,jsonb,integer) line 24 at RAISE
2026-09-30 07:54:13.438 UTC [1278] STATEMENT:  SELECT correct_fact('race-2', '2026-09-21T04:00:00+00:00'::timestamptz, '2026-09-21T05:00:00+00:00'::timestamptz, '{"v": 4}'::jsonb, 0)
2026-09-30 07:54:13.438 UTC [1282] ERROR:  expected revision 0 but head is 1
2026-09-30 07:54:13.438 UTC [1282] CONTEXT:  PL/pgSQL function correct_fact(text,timestamp with time zone,timestamp with time zone,jsonb,integer) line 24 at RAISE
2026-09-30 07:54:13.438 UTC [1282] STATEMENT:  SELECT correct_fact('race-2', '2026-09-21T03:00:00+00:00'::timestamptz, '2026-09-21T04:00:00+00:00'::timestamptz, '{"v": 3}'::jsonb, 0)
2026-09-30 07:54:13.439 UTC [1281] ERROR:  expected revision 0 but head is 1
2026-09-30 07:54:13.439 UTC [1281] CONTEXT:  PL/pgSQL function correct_fact(text,timestamp with time zone,timestamp with time zone,jsonb,integer) line 24 at RAISE
2026-09-30 07:54:13.439 UTC [1281] STATEMENT:  SELECT correct_fact('race-2', '2026-09-21T02:00:00+00:00'::timestamptz, '2026-09-21T03:00:00+00:00'::timestamptz, '{"v": 2}'::jsonb, 0)
2026-09-30 07:54:13.451 UTC [1278] ERROR:  expected revision 1 but head is 2
2026-09-30 07:54:13.451 UTC [1278] CONTEXT:  PL/pgSQL function correct_fact(text,timestamp with time zone,timestamp with time zone,jsonb,integer) line 24 at RAISE
2026-09-30 07:54:13.451 UTC [1278] STATEMENT:  SELECT correct_fact('race-2', '2026-09-21T01:00:00+00:00'::timestamptz, '2026-09-21T02:00:00+00:00'::timestamptz, '{"v": 1}'::jsonb, 1)
2026-09-30 07:54:13.451 UTC [1285] ERROR:  expected revision 1 but head is 2
2026-09-30 07:54:13.451 UTC [1285] CONTEXT:  PL/pgSQL function correct_fact(text,timestamp with time zone,timestamp with time zone,jsonb,integer) line 24 at RAISE
2026-09-30 07:54:13.451 UTC [1285] STATEMENT:  SELECT correct_fact('race-2', '2026-09-21T06:00:00+00:00'::timestamptz, '2026-09-21T07:00:00+00:00'::timestamptz, '{"v": 6}'::jsonb, 1)
2026-09-30 07:54:13.469 UTC [1289] ERROR:  expected revision 2 but head is 4
2026-09-30 07:54:13.469 UTC [1289] CONTEXT:  PL/pgSQL function correct_fact(text,timestamp with time zone,timestamp with time zone,jsonb,integer) line 24 at RAISE
2026-09-30 07:54:13.469 UTC [1289] STATEMENT:  SELECT correct_fact('race-2', '2026-09-21T03:00:00+00:00'::timestamptz, '2026-09-21T04:00:00+00:00'::timestamptz, '{"v": 3}'::jsonb, 2)
2026-09-30 07:54:13.471 UTC [1290] ERROR:  expected revision 2 but head is 4
2026-09-30 07:54:13.471 UTC [1290] CONTEXT:  PL/pgSQL function correct_fact(text,timestamp with time zone,timestamp with time zone,jsonb,integer) line 24 at RAISE
2026-09-30 07:54:13.471 UTC [1290] STATEMENT:  SELECT correct_fact('race-2', '2026-09-21T02:00:00+00:00'::timestamptz, '2026-09-21T03:00:00+00:00'::timestamptz, '{"v": 2}'::jsonb, 2)
2026-09-30 07:54:13.471 UTC [1292] ERROR:  expected revision 2 but head is 4
2026-09-30 07:54:13.471 UTC [1292] CONTEXT:  PL/pgSQL function correct_fact(text,timestamp with time zone,timestamp with time zone,jsonb,integer) line 24 at RAISE
2026-09-30 07:54:13.471 UTC [1292] STATEMENT:  SELECT correct_fact('race-2', '2026-09-21T07:00:00+00:00'::timestamptz, '2026-09-21T08:00:00+00:00'::timestamptz, '{"v": 7}'::jsonb, 2)
2026-09-30 07:54:13.476 UTC [1291] ERROR:  expected revision 4 but head is 5
2026-09-30 07:54:13.476 UTC [1291] CONTEXT:  PL/pgSQL function correct_fact(text,timestamp with time zone,timestamp with time zone,jsonb,integer) line 24 at RAISE
2026-09-30 07:54:13.476 UTC [1291] STATEMENT:  SELECT correct_fact('race-2', '2026-09-21T06:00:00+00:00'::timestamptz, '2026-09-21T07:00:00+00:00'::timestamptz, '{"v": 6}'::jsonb, 4)
2026-09-30 07:54:13.487 UTC [1294] ERROR:  expected revision 4 but head is 6
2026-09-30 07:54:13.487 UTC [1294] CONTEXT:  PL/pgSQL function correct_fact(text,timestamp with time zone,timestamp with time zone,jsonb,integer) line 24 at RAISE
2026-09-30 07:54:13.487 UTC [1294] STATEMENT:  SELECT correct_fact('race-2', '2026-09-21T09:00:00+00:00'::timestamptz, '2026-09-21T10:00:00+00:00'::timestamptz, '{"v": 9}'::jsonb, 4)
2026-09-30 07:54:13.492 UTC [1295] ERROR:  expected revision 5 but head is 6
2026-09-30 07:54:13.492 UTC [1295] CONTEXT:  PL/pgSQL function correct_fact(text,timestamp with time zone,timestamp with time zone,jsonb,integer) line 24 at RAISE
2026-09-30 07:54:13.492 UTC [1295] STATEMENT:  SELECT correct_fact('race-2', '2026-09-21T06:00:00+00:00'::timestamptz, '2026-09-21T07:00:00+00:00'::timestamptz, '{"v": 6}'::jsonb, 5)
2026-09-30 07:54:13.497 UTC [1298] ERROR:  expected revision 5 but head is 7
2026-09-30 07:54:13.497 UTC [1298] CONTEXT:  PL/pgSQL function correct_fact(text,timestamp with time zone,timestamp with time zone,jsonb,integer) line 24 at RAISE
2026-09-30 07:54:13.497 UTC [1298] STATEMENT:  SELECT correct_fact('race-2', '2026-09-21T07:00:00+00:00'::timestamptz, '2026-09-21T08:00:00+00:00'::timestamptz, '{"v": 7}'::jsonb, 5)
2026-09-30 07:54:13.497 UTC [1299] ERROR:  expected revision 5 but head is 7
2026-09-30 07:54:13.497 UTC [1299] CONTEXT:  PL/pgSQL function correct_fact(text,timestamp with time zone,timestamp with time zone,jsonb,integer) line 24 at RAISE
2026-09-30 07:54:13.497 UTC [1299] STATEMENT:  SELECT correct_fact('race-2', '2026-09-21T02:00:00+00:00'::timestamptz, '2026-09-21T03:00:00+00:00'::timestamptz, '{"v": 2}'::jsonb, 5)
2026-09-30 07:54:13.511 UTC [1301] ERROR:  expected revision 7 but head is 8
2026-09-30 07:54:13.511 UTC [1301] CONTEXT:  PL/pgSQL function correct_fact(text,timestamp with time zone,timestamp with time zone,jsonb,integer) line 24 at RAISE
2026-09-30 07:54:13.511 UTC [1301] STATEMENT:  SELECT correct_fact('race-2', '2026-09-21T11:00:00+00:00'::timestamptz, '2026-09-21T12:00:00+00:00'::timestamptz, '{"v": 11}'::jsonb, 7)
2026-09-30 07:54:13.512 UTC [1302] ERROR:  expected revision 7 but head is 8
2026-09-30 07:54:13.512 UTC [1302] CONTEXT:  PL/pgSQL function correct_fact(text,timestamp with time zone,timestamp with time zone,jsonb,integer) line 24 at RAISE
2026-09-30 07:54:13.512 UTC [1302] STATEMENT:  SELECT correct_fact('race-2', '2026-09-21T06:00:00+00:00'::timestamptz, '2026-09-21T07:00:00+00:00'::timestamptz, '{"v": 6}'::jsonb, 7)
2026-09-30 07:54:13.526 UTC [1305] ERROR:  expected revision 8 but head is 10
2026-09-30 07:54:13.526 UTC [1305] CONTEXT:  PL/pgSQL function correct_fact(text,timestamp with time zone,timestamp with time zone,jsonb,integer) line 24 at RAISE
2026-09-30 07:54:13.526 UTC [1305] STATEMENT:  SELECT correct_fact('race-2', '2026-09-21T02:00:00+00:00'::timestamptz, '2026-09-21T03:00:00+00:00'::timestamptz, '{"v": 2}'::jsonb, 8)
2026-09-30 07:54:13.529 UTC [1306] ERROR:  expected revision 9 but head is 10
2026-09-30 07:54:13.529 UTC [1306] CONTEXT:  PL/pgSQL function correct_fact(text,timestamp with time zone,timestamp with time zone,jsonb,integer) line 24 at RAISE
2026-09-30 07:54:13.529 UTC [1306] STATEMENT:  SELECT correct_fact('race-2', '2026-09-21T11:00:00+00:00'::timestamptz, '2026-09-21T12:00:00+00:00'::timestamptz, '{"v": 11}'::jsonb, 9)
2026-09-30 07:54:13.598 UTC [1314] ERROR:  expected revision 1 but head is 2
2026-09-30 07:54:13.598 UTC [1314] CONTEXT:  PL/pgSQL function correct_fact(text,timestamp with time zone,timestamp with time zone,jsonb,integer) line 24 at RAISE
2026-09-30 07:54:13.598 UTC [1314] STATEMENT:  SELECT correct_fact('race-3', '2026-09-21T10:00:00+00:00'::timestamptz, '2026-09-21T12:00:00+00:00'::timestamptz, '{"v": 1}'::jsonb, 1)
2026-09-30 07:54:13.599 UTC [1298] ERROR:  expected revision 1 but head is 2
2026-09-30 07:54:13.599 UTC [1298] CONTEXT:  PL/pgSQL function correct_fact(text,timestamp with time zone,timestamp with time zone,jsonb,integer) line 24 at RAISE
2026-09-30 07:54:13.599 UTC [1298] STATEMENT:  SELECT correct_fact('race-3', '2026-09-21T10:00:00+00:00'::timestamptz, '2026-09-21T12:00:00+00:00'::timestamptz, '{"v": 2}'::jsonb, 1)
2026-09-30 07:54:13.600 UTC [1317] ERROR:  expected revision 1 but head is 2
2026-09-30 07:54:13.600 UTC [1317] CONTEXT:  PL/pgSQL function correct_fact(text,timestamp with time zone,timestamp with time zone,jsonb,integer) line 24 at RAISE
2026-09-30 07:54:13.600 UTC [1317] STATEMENT:  SELECT correct_fact('race-3', '2026-09-21T10:00:00+00:00'::timestamptz, '2026-09-21T12:00:00+00:00'::timestamptz, '{"v": 5}'::jsonb, 1)
2026-09-30 07:54:13.613 UTC [1318] ERROR:  expected revision 1 but head is 4
2026-09-30 07:54:13.613 UTC [1318] CONTEXT:  PL/pgSQL function correct_fact(text,timestamp with time zone,timestamp with time zone,jsonb,integer) line 24 at RAISE
2026-09-30 07:54:13.613 UTC [1318] STATEMENT:  SELECT correct_fact('race-3', '2026-09-21T10:00:00+00:00'::timestamptz, '2026-09-21T12:00:00+00:00'::timestamptz, '{"v": 3}'::jsonb, 1)
2026-09-30 07:54:13.623 UTC [1322] ERROR:  expected revision 4 but head is 6
2026-09-30 07:54:13.623 UTC [1322] CONTEXT:  PL/pgSQL function correct_fact(text,timestamp with time zone,timestamp with time zone,jsonb,integer) line 24 at RAISE
2026-09-30 07:54:13.623 UTC [1322] STATEMENT:  SELECT correct_fact('race-3', '2026-09-21T10:00:00+00:00'::timestamptz, '2026-09-21T12:00:00+00:00'::timestamptz, '{"v": 5}'::jsonb, 4)
2026-09-30 07:54:13.943 UTC [1326] ERROR:  expected revision 0 but head is 1
2026-09-30 07:54:13.943 UTC [1326] CONTEXT:  PL/pgSQL function correct_fact(text,timestamp with time zone,timestamp with time zone,jsonb,integer) line 24 at RAISE
2026-09-30 07:54:13.943 UTC [1326] STATEMENT:  SELECT correct_fact('lab-result-D','2026-09-21T00:00:00+00:00'::timestamptz,'2026-09-21T01:00:00+00:00'::timestamptz,'{"result": 2}'::jsonb,0)
2026-09-30 07:54:13.948 UTC [1327] ERROR:  valid interval must be non-empty half-open [from, to)
2026-09-30 07:54:13.948 UTC [1327] CONTEXT:  PL/pgSQL function correct_fact(text,timestamp with time zone,timestamp with time zone,jsonb,integer) line 8 at RAISE
2026-09-30 07:54:13.948 UTC [1327] STATEMENT:  SELECT correct_fact('lab-result-E','2026-09-21T05:00:00+00:00'::timestamptz,'2026-09-21T05:00:00+00:00'::timestamptz,'{"result": 1}'::jsonb,0)
2026-09-30 07:54:13.949 UTC [1327] ERROR:  valid interval must be non-empty half-open [from, to)
2026-09-30 07:54:13.949 UTC [1327] CONTEXT:  PL/pgSQL function correct_fact(text,timestamp with time zone,timestamp with time zone,jsonb,integer) line 8 at RAISE
2026-09-30 07:54:13.949 UTC [1327] STATEMENT:  SELECT correct_fact('lab-result-E','2026-09-21T09:00:00+00:00'::timestamptz,'2026-09-21T03:00:00+00:00'::timestamptz,'{"result": 1}'::jsonb,0)
2026-09-30 07:54:13.983 UTC [1329] ERROR:  fact history is append-only; deletes are forbidden
2026-09-30 07:54:13.983 UTC [1329] CONTEXT:  PL/pgSQL function fact_versions_immutable() line 4 at RAISE
2026-09-30 07:54:13.983 UTC [1329] STATEMENT:  DELETE FROM fact_versions WHERE object_id='del'
2026-09-30 07:54:14.009 UTC [1330] ERROR:  fact rows are immutable; only assert_to may be closed once
2026-09-30 07:54:14.009 UTC [1330] CONTEXT:  PL/pgSQL function fact_versions_immutable() line 22 at RAISE
2026-09-30 07:54:14.009 UTC [1330] STATEMENT:  UPDATE fact_versions SET value='{"v":999}' WHERE object_id='upd'
2026-09-30 07:54:14.009 UTC [1330] ERROR:  fact rows are immutable; only assert_to may be closed once
2026-09-30 07:54:14.009 UTC [1330] CONTEXT:  PL/pgSQL function fact_versions_immutable() line 22 at RAISE
2026-09-30 07:54:14.009 UTC [1330] STATEMENT:  UPDATE fact_versions SET valid_from=valid_from WHERE object_id='upd'
2026-09-30 07:54:14.009 UTC [1330] ERROR:  fact rows are immutable; only assert_to may be closed once
2026-09-30 07:54:14.009 UTC [1330] CONTEXT:  PL/pgSQL function fact_versions_immutable() line 22 at RAISE
2026-09-30 07:54:14.009 UTC [1330] STATEMENT:  UPDATE fact_versions SET assert_from=assert_from+1 WHERE object_id='upd'
2026-09-30 07:54:14.010 UTC [1330] ERROR:  fact rows are immutable; only assert_to may be closed once
2026-09-30 07:54:14.010 UTC [1330] CONTEXT:  PL/pgSQL function fact_versions_immutable() line 22 at RAISE
2026-09-30 07:54:14.010 UTC [1330] STATEMENT:  UPDATE fact_versions SET assert_to=99 WHERE assert_to IS NOT NULL
2026-09-30 07:55:28.146 UTC [1418] ERROR:  expected revision 1 but head is 2
2026-09-30 07:55:28.146 UTC [1418] CONTEXT:  PL/pgSQL function correct_fact(text,timestamp with time zone,timestamp with time zone,jsonb,integer) line 24 at RAISE
2026-09-30 07:55:28.146 UTC [1418] STATEMENT:  SELECT correct_fact('stress', '2026-09-21T10:00:00+00:00'::timestamptz, '2026-09-21T12:00:00+00:00'::timestamptz, '{"v": 24}'::jsonb, 1)
2026-09-30 07:55:28.149 UTC [1424] ERROR:  expected revision 1 but head is 2
2026-09-30 07:55:28.149 UTC [1424] CONTEXT:  PL/pgSQL function correct_fact(text,timestamp with time zone,timestamp with time zone,jsonb,integer) line 24 at RAISE
2026-09-30 07:55:28.149 UTC [1424] STATEMENT:  SELECT correct_fact('stress', '2026-09-21T10:00:00+00:00'::timestamptz, '2026-09-21T12:00:00+00:00'::timestamptz, '{"v": 19}'::jsonb, 1)
2026-09-30 07:55:28.155 UTC [1417] ERROR:  expected revision 1 but head is 2
2026-09-30 07:55:28.155 UTC [1417] CONTEXT:  PL/pgSQL function correct_fact(text,timestamp with time zone,timestamp with time zone,jsonb,integer) line 24 at RAISE
2026-09-30 07:55:28.155 UTC [1417] STATEMENT:  SELECT correct_fact('stress', '2026-09-21T10:00:00+00:00'::timestamptz, '2026-09-21T12:00:00+00:00'::timestamptz, '{"v": 3}'::jsonb, 1)
2026-09-30 07:55:28.157 UTC [1418] ERROR:  expected revision 1 but head is 2
2026-09-30 07:55:28.157 UTC [1418] CONTEXT:  PL/pgSQL function correct_fact(text,timestamp with time zone,timestamp with time zone,jsonb,integer) line 24 at RAISE
2026-09-30 07:55:28.157 UTC [1418] STATEMENT:  SELECT correct_fact('stress', '2026-09-21T10:00:00+00:00'::timestamptz, '2026-09-21T12:00:00+00:00'::timestamptz, '{"v": 38}'::jsonb, 1)
2026-09-30 07:55:28.159 UTC [1421] ERROR:  expected revision 1 but head is 2
2026-09-30 07:55:28.159 UTC [1421] CONTEXT:  PL/pgSQL function correct_fact(text,timestamp with time zone,timestamp with time zone,jsonb,integer) line 24 at RAISE
2026-09-30 07:55:28.159 UTC [1421] STATEMENT:  SELECT correct_fact('stress', '2026-09-21T10:00:00+00:00'::timestamptz, '2026-09-21T12:00:00+00:00'::timestamptz, '{"v": 26}'::jsonb, 1)
2026-09-30 07:55:28.162 UTC [1428] ERROR:  expected revision 1 but head is 2
2026-09-30 07:55:28.162 UTC [1428] CONTEXT:  PL/pgSQL function correct_fact(text,timestamp with time zone,timestamp with time zone,jsonb,integer) line 24 at RAISE
2026-09-30 07:55:28.162 UTC [1428] STATEMENT:  SELECT correct_fact('stress', '2026-09-21T10:00:00+00:00'::timestamptz, '2026-09-21T12:00:00+00:00'::timestamptz, '{"v": 9}'::jsonb, 1)
2026-09-30 07:55:28.163 UTC [1431] ERROR:  expected revision 1 but head is 2
2026-09-30 07:55:28.163 UTC [1431] CONTEXT:  PL/pgSQL function correct_fact(text,timestamp with time zone,timestamp with time zone,jsonb,integer) line 24 at RAISE
2026-09-30 07:55:28.163 UTC [1431] STATEMENT:  SELECT correct_fact('stress', '2026-09-21T10:00:00+00:00'::timestamptz, '2026-09-21T12:00:00+00:00'::timestamptz, '{"v": 6}'::jsonb, 1)
2026-09-30 07:55:28.163 UTC [1427] ERROR:  expected revision 1 but head is 2
2026-09-30 07:55:28.163 UTC [1427] CONTEXT:  PL/pgSQL function correct_fact(text,timestamp with time zone,timestamp with time zone,jsonb,integer) line 24 at RAISE
2026-09-30 07:55:28.163 UTC [1427] STATEMENT:  SELECT correct_fact('stress', '2026-09-21T10:00:00+00:00'::timestamptz, '2026-09-21T12:00:00+00:00'::timestamptz, '{"v": 25}'::jsonb, 1)
2026-09-30 07:55:28.164 UTC [1429] ERROR:  expected revision 1 but head is 2
2026-09-30 07:55:28.164 UTC [1429] CONTEXT:  PL/pgSQL function correct_fact(text,timestamp with time zone,timestamp with time zone,jsonb,integer) line 24 at RAISE
2026-09-30 07:55:28.164 UTC [1429] STATEMENT:  SELECT correct_fact('stress', '2026-09-21T10:00:00+00:00'::timestamptz, '2026-09-21T12:00:00+00:00'::timestamptz, '{"v": 22}'::jsonb, 1)
2026-09-30 07:55:28.165 UTC [1426] ERROR:  expected revision 1 but head is 2
2026-09-30 07:55:28.165 UTC [1426] CONTEXT:  PL/pgSQL function correct_fact(text,timestamp with time zone,timestamp with time zone,jsonb,integer) line 24 at RAISE
2026-09-30 07:55:28.165 UTC [1426] STATEMENT:  SELECT correct_fact('stress', '2026-09-21T10:00:00+00:00'::timestamptz, '2026-09-21T12:00:00+00:00'::timestamptz, '{"v": 10}'::jsonb, 1)
2026-09-30 07:55:28.166 UTC [1430] ERROR:  expected revision 1 but head is 2
2026-09-30 07:55:28.166 UTC [1430] CONTEXT:  PL/pgSQL function correct_fact(text,timestamp with time zone,timestamp with time zone,jsonb,integer) line 24 at RAISE
2026-09-30 07:55:28.166 UTC [1430] STATEMENT:  SELECT correct_fact('stress', '2026-09-21T10:00:00+00:00'::timestamptz, '2026-09-21T12:00:00+00:00'::timestamptz, '{"v": 12}'::jsonb, 1)
2026-09-30 07:55:28.166 UTC [1417] ERROR:  expected revision 1 but head is 2
2026-09-30 07:55:28.166 UTC [1417] CONTEXT:  PL/pgSQL function correct_fact(text,timestamp with time zone,timestamp with time zone,jsonb,integer) line 24 at RAISE
2026-09-30 07:55:28.166 UTC [1417] STATEMENT:  SELECT correct_fact('stress', '2026-09-21T10:00:00+00:00'::timestamptz, '2026-09-21T12:00:00+00:00'::timestamptz, '{"v": 14}'::jsonb, 1)
2026-09-30 07:55:28.167 UTC [1431] ERROR:  expected revision 1 but head is 2
2026-09-30 07:55:28.167 UTC [1431] CONTEXT:  PL/pgSQL function correct_fact(text,timestamp with time zone,timestamp with time zone,jsonb,integer) line 24 at RAISE
2026-09-30 07:55:28.167 UTC [1431] STATEMENT:  SELECT correct_fact('stress', '2026-09-21T10:00:00+00:00'::timestamptz, '2026-09-21T12:00:00+00:00'::timestamptz, '{"v": 36}'::jsonb, 1)
2026-09-30 07:55:28.181 UTC [1426] ERROR:  expected revision 1 but head is 2
2026-09-30 07:55:28.181 UTC [1426] CONTEXT:  PL/pgSQL function correct_fact(text,timestamp with time zone,timestamp with time zone,jsonb,integer) line 24 at RAISE
2026-09-30 07:55:28.181 UTC [1426] STATEMENT:  SELECT correct_fact('stress', '2026-09-21T10:00:00+00:00'::timestamptz, '2026-09-21T12:00:00+00:00'::timestamptz, '{"v": 30}'::jsonb, 1)
2026-09-30 07:55:28.185 UTC [1417] ERROR:  expected revision 1 but head is 2
2026-09-30 07:55:28.185 UTC [1417] CONTEXT:  PL/pgSQL function correct_fact(text,timestamp with time zone,timestamp with time zone,jsonb,integer) line 24 at RAISE
2026-09-30 07:55:28.185 UTC [1417] STATEMENT:  SELECT correct_fact('stress', '2026-09-21T10:00:00+00:00'::timestamptz, '2026-09-21T12:00:00+00:00'::timestamptz, '{"v": 15}'::jsonb, 1)
2026-09-30 07:55:28.189 UTC [1432] ERROR:  expected revision 1 but head is 2
2026-09-30 07:55:28.189 UTC [1432] CONTEXT:  PL/pgSQL function correct_fact(text,timestamp with time zone,timestamp with time zone,jsonb,integer) line 24 at RAISE
2026-09-30 07:55:28.189 UTC [1432] STATEMENT:  SELECT correct_fact('stress', '2026-09-21T10:00:00+00:00'::timestamptz, '2026-09-21T12:00:00+00:00'::timestamptz, '{"v": 1}'::jsonb, 1)
2026-09-30 07:55:28.193 UTC [1433] ERROR:  expected revision 1 but head is 2
2026-09-30 07:55:28.193 UTC [1433] CONTEXT:  PL/pgSQL function correct_fact(text,timestamp with time zone,timestamp with time zone,jsonb,integer) line 24 at RAISE
2026-09-30 07:55:28.193 UTC [1433] STATEMENT:  SELECT correct_fact('stress', '2026-09-21T10:00:00+00:00'::timestamptz, '2026-09-21T12:00:00+00:00'::timestamptz, '{"v": 28}'::jsonb, 1)
2026-09-30 07:55:28.194 UTC [1417] ERROR:  expected revision 1 but head is 2
2026-09-30 07:55:28.194 UTC [1417] CONTEXT:  PL/pgSQL function correct_fact(text,timestamp with time zone,timestamp with time zone,jsonb,integer) line 24 at RAISE
2026-09-30 07:55:28.194 UTC [1417] STATEMENT:  SELECT correct_fact('stress', '2026-09-21T10:00:00+00:00'::timestamptz, '2026-09-21T12:00:00+00:00'::timestamptz, '{"v": 32}'::jsonb, 1)
2026-09-30 07:55:28.195 UTC [1434] ERROR:  expected revision 1 but head is 2
2026-09-30 07:55:28.195 UTC [1434] CONTEXT:  PL/pgSQL function correct_fact(text,timestamp with time zone,timestamp with time zone,jsonb,integer) line 24 at RAISE
2026-09-30 07:55:28.195 UTC [1434] STATEMENT:  SELECT correct_fact('stress', '2026-09-21T10:00:00+00:00'::timestamptz, '2026-09-21T12:00:00+00:00'::timestamptz, '{"v": 4}'::jsonb, 1)
2026-09-30 07:55:28.198 UTC [1435] ERROR:  expected revision 1 but head is 2
2026-09-30 07:55:28.198 UTC [1435] CONTEXT:  PL/pgSQL function correct_fact(text,timestamp with time zone,timestamp with time zone,jsonb,integer) line 24 at RAISE
2026-09-30 07:55:28.198 UTC [1435] STATEMENT:  SELECT correct_fact('stress', '2026-09-21T10:00:00+00:00'::timestamptz, '2026-09-21T12:00:00+00:00'::timestamptz, '{"v": 7}'::jsonb, 1)
2026-09-30 07:55:28.199 UTC [1436] ERROR:  expected revision 1 but head is 2
2026-09-30 07:55:28.199 UTC [1436] CONTEXT:  PL/pgSQL function correct_fact(text,timestamp with time zone,timestamp with time zone,jsonb,integer) line 24 at RAISE
2026-09-30 07:55:28.199 UTC [1436] STATEMENT:  SELECT correct_fact('stress', '2026-09-21T10:00:00+00:00'::timestamptz, '2026-09-21T12:00:00+00:00'::timestamptz, '{"v": 16}'::jsonb, 1)
2026-09-30 07:55:28.201 UTC [1433] ERROR:  expected revision 1 but head is 2
2026-09-30 07:55:28.201 UTC [1433] CONTEXT:  PL/pgSQL function correct_fact(text,timestamp with time zone,timestamp with time zone,jsonb,integer) line 24 at RAISE
2026-09-30 07:55:28.201 UTC [1433] STATEMENT:  SELECT correct_fact('stress', '2026-09-21T10:00:00+00:00'::timestamptz, '2026-09-21T12:00:00+00:00'::timestamptz, '{"v": 0}'::jsonb, 1)
2026-09-30 07:55:28.202 UTC [1436] ERROR:  expected revision 1 but head is 2
2026-09-30 07:55:28.202 UTC [1436] CONTEXT:  PL/pgSQL function correct_fact(text,timestamp with time zone,timestamp with time zone,jsonb,integer) line 24 at RAISE
2026-09-30 07:55:28.202 UTC [1436] STATEMENT:  SELECT correct_fact('stress', '2026-09-21T10:00:00+00:00'::timestamptz, '2026-09-21T12:00:00+00:00'::timestamptz, '{"v": 29}'::jsonb, 1)
2026-09-30 07:55:28.207 UTC [1435] ERROR:  expected revision 1 but head is 2
2026-09-30 07:55:28.207 UTC [1435] CONTEXT:  PL/pgSQL function correct_fact(text,timestamp with time zone,timestamp with time zone,jsonb,integer) line 24 at RAISE
2026-09-30 07:55:28.207 UTC [1435] STATEMENT:  SELECT correct_fact('stress', '2026-09-21T10:00:00+00:00'::timestamptz, '2026-09-21T12:00:00+00:00'::timestamptz, '{"v": 23}'::jsonb, 1)
2026-09-30 07:55:28.215 UTC [1435] ERROR:  expected revision 1 but head is 2
2026-09-30 07:55:28.215 UTC [1435] CONTEXT:  PL/pgSQL function correct_fact(text,timestamp with time zone,timestamp with time zone,jsonb,integer) line 24 at RAISE
2026-09-30 07:55:28.215 UTC [1435] STATEMENT:  SELECT correct_fact('stress', '2026-09-21T10:00:00+00:00'::timestamptz, '2026-09-21T12:00:00+00:00'::timestamptz, '{"v": 35}'::jsonb, 1)
2026-09-30 07:55:28.221 UTC [1435] ERROR:  expected revision 1 but head is 2
2026-09-30 07:55:28.221 UTC [1435] CONTEXT:  PL/pgSQL function correct_fact(text,timestamp with time zone,timestamp with time zone,jsonb,integer) line 24 at RAISE
2026-09-30 07:55:28.221 UTC [1435] STATEMENT:  SELECT correct_fact('stress', '2026-09-21T10:00:00+00:00'::timestamptz, '2026-09-21T12:00:00+00:00'::timestamptz, '{"v": 11}'::jsonb, 1)
2026-09-30 07:55:28.221 UTC [1437] ERROR:  expected revision 1 but head is 2
2026-09-30 07:55:28.221 UTC [1437] CONTEXT:  PL/pgSQL function correct_fact(text,timestamp with time zone,timestamp with time zone,jsonb,integer) line 24 at RAISE
2026-09-30 07:55:28.221 UTC [1437] STATEMENT:  SELECT correct_fact('stress', '2026-09-21T10:00:00+00:00'::timestamptz, '2026-09-21T12:00:00+00:00'::timestamptz, '{"v": 27}'::jsonb, 1)
2026-09-30 07:55:28.222 UTC [1438] ERROR:  expected revision 1 but head is 2
2026-09-30 07:55:28.222 UTC [1438] CONTEXT:  PL/pgSQL function correct_fact(text,timestamp with time zone,timestamp with time zone,jsonb,integer) line 24 at RAISE
2026-09-30 07:55:28.222 UTC [1438] STATEMENT:  SELECT correct_fact('stress', '2026-09-21T10:00:00+00:00'::timestamptz, '2026-09-21T12:00:00+00:00'::timestamptz, '{"v": 8}'::jsonb, 1)
2026-09-30 07:55:28.227 UTC [1444] ERROR:  expected revision 1 but head is 2
2026-09-30 07:55:28.227 UTC [1444] CONTEXT:  PL/pgSQL function correct_fact(text,timestamp with time zone,timestamp with time zone,jsonb,integer) line 24 at RAISE
2026-09-30 07:55:28.227 UTC [1444] STATEMENT:  SELECT correct_fact('stress', '2026-09-21T10:00:00+00:00'::timestamptz, '2026-09-21T12:00:00+00:00'::timestamptz, '{"v": 37}'::jsonb, 1)
2026-09-30 07:55:28.228 UTC [1441] ERROR:  expected revision 1 but head is 2
2026-09-30 07:55:28.228 UTC [1441] CONTEXT:  PL/pgSQL function correct_fact(text,timestamp with time zone,timestamp with time zone,jsonb,integer) line 24 at RAISE
2026-09-30 07:55:28.228 UTC [1441] STATEMENT:  SELECT correct_fact('stress', '2026-09-21T10:00:00+00:00'::timestamptz, '2026-09-21T12:00:00+00:00'::timestamptz, '{"v": 34}'::jsonb, 1)
2026-09-30 07:55:28.229 UTC [1443] ERROR:  expected revision 1 but head is 2
2026-09-30 07:55:28.229 UTC [1443] CONTEXT:  PL/pgSQL function correct_fact(text,timestamp with time zone,timestamp with time zone,jsonb,integer) line 24 at RAISE
2026-09-30 07:55:28.229 UTC [1443] STATEMENT:  SELECT correct_fact('stress', '2026-09-21T10:00:00+00:00'::timestamptz, '2026-09-21T12:00:00+00:00'::timestamptz, '{"v": 17}'::jsonb, 1)
2026-09-30 07:55:28.229 UTC [1442] ERROR:  expected revision 1 but head is 2
2026-09-30 07:55:28.229 UTC [1442] CONTEXT:  PL/pgSQL function correct_fact(text,timestamp with time zone,timestamp with time zone,jsonb,integer) line 24 at RAISE
2026-09-30 07:55:28.229 UTC [1442] STATEMENT:  SELECT correct_fact('stress', '2026-09-21T10:00:00+00:00'::timestamptz, '2026-09-21T12:00:00+00:00'::timestamptz, '{"v": 31}'::jsonb, 1)
2026-09-30 07:55:28.230 UTC [1440] ERROR:  expected revision 1 but head is 2
2026-09-30 07:55:28.230 UTC [1440] CONTEXT:  PL/pgSQL function correct_fact(text,timestamp with time zone,timestamp with time zone,jsonb,integer) line 24 at RAISE
2026-09-30 07:55:28.230 UTC [1440] STATEMENT:  SELECT correct_fact('stress', '2026-09-21T10:00:00+00:00'::timestamptz, '2026-09-21T12:00:00+00:00'::timestamptz, '{"v": 33}'::jsonb, 1)
2026-09-30 07:55:28.230 UTC [1435] ERROR:  expected revision 1 but head is 2
2026-09-30 07:55:28.230 UTC [1435] CONTEXT:  PL/pgSQL function correct_fact(text,timestamp with time zone,timestamp with time zone,jsonb,integer) line 24 at RAISE
2026-09-30 07:55:28.230 UTC [1435] STATEMENT:  SELECT correct_fact('stress', '2026-09-21T10:00:00+00:00'::timestamptz, '2026-09-21T12:00:00+00:00'::timestamptz, '{"v": 13}'::jsonb, 1)
2026-09-30 07:55:28.231 UTC [1444] ERROR:  expected revision 1 but head is 2
2026-09-30 07:55:28.231 UTC [1444] CONTEXT:  PL/pgSQL function correct_fact(text,timestamp with time zone,timestamp with time zone,jsonb,integer) line 24 at RAISE
2026-09-30 07:55:28.231 UTC [1444] STATEMENT:  SELECT correct_fact('stress', '2026-09-21T10:00:00+00:00'::timestamptz, '2026-09-21T12:00:00+00:00'::timestamptz, '{"v": 20}'::jsonb, 1)
2026-09-30 07:55:28.236 UTC [1439] ERROR:  expected revision 1 but head is 2
2026-09-30 07:55:28.236 UTC [1439] CONTEXT:  PL/pgSQL function correct_fact(text,timestamp with time zone,timestamp with time zone,jsonb,integer) line 24 at RAISE
2026-09-30 07:55:28.236 UTC [1439] STATEMENT:  SELECT correct_fact('stress', '2026-09-21T10:00:00+00:00'::timestamptz, '2026-09-21T12:00:00+00:00'::timestamptz, '{"v": 21}'::jsonb, 1)
2026-09-30 07:55:28.237 UTC [1445] ERROR:  expected revision 1 but head is 2
2026-09-30 07:55:28.237 UTC [1445] CONTEXT:  PL/pgSQL function correct_fact(text,timestamp with time zone,timestamp with time zone,jsonb,integer) line 24 at RAISE
2026-09-30 07:55:28.237 UTC [1445] STATEMENT:  SELECT correct_fact('stress', '2026-09-21T10:00:00+00:00'::timestamptz, '2026-09-21T12:00:00+00:00'::timestamptz, '{"v": 2}'::jsonb, 1)
2026-09-30 07:55:28.240 UTC [1446] ERROR:  expected revision 1 but head is 2
2026-09-30 07:55:28.240 UTC [1446] CONTEXT:  PL/pgSQL function correct_fact(text,timestamp with time zone,timestamp with time zone,jsonb,integer) line 24 at RAISE
2026-09-30 07:55:28.240 UTC [1446] STATEMENT:  SELECT correct_fact('stress', '2026-09-21T10:00:00+00:00'::timestamptz, '2026-09-21T12:00:00+00:00'::timestamptz, '{"v": 5}'::jsonb, 1)
2026-09-30 07:55:28.241 UTC [1447] ERROR:  expected revision 1 but head is 2
2026-09-30 07:55:28.241 UTC [1447] CONTEXT:  PL/pgSQL function correct_fact(text,timestamp with time zone,timestamp with time zone,jsonb,integer) line 24 at RAISE
2026-09-30 07:55:28.241 UTC [1447] STATEMENT:  SELECT correct_fact('stress', '2026-09-21T10:00:00+00:00'::timestamptz, '2026-09-21T12:00:00+00:00'::timestamptz, '{"v": 18}'::jsonb, 1)
2026-09-30 07:55:28.313 UTC [1465] ERROR:  expected revision 2 but head is 3
2026-09-30 07:55:28.313 UTC [1465] CONTEXT:  PL/pgSQL function correct_fact(text,timestamp with time zone,timestamp with time zone,jsonb,integer) line 24 at RAISE
2026-09-30 07:55:28.313 UTC [1465] STATEMENT:  SELECT correct_fact('stress', '2026-09-21T10:00:00+00:00'::timestamptz, '2026-09-21T12:00:00+00:00'::timestamptz, '{"v": 38}'::jsonb, 2)
2026-09-30 07:55:28.313 UTC [1459] ERROR:  expected revision 2 but head is 3
2026-09-30 07:55:28.313 UTC [1459] CONTEXT:  PL/pgSQL function correct_fact(text,timestamp with time zone,timestamp with time zone,jsonb,integer) line 24 at RAISE
2026-09-30 07:55:28.313 UTC [1459] STATEMENT:  SELECT correct_fact('stress', '2026-09-21T10:00:00+00:00'::timestamptz, '2026-09-21T12:00:00+00:00'::timestamptz, '{"v": 19}'::jsonb, 2)
2026-09-30 07:55:28.315 UTC [1462] ERROR:  expected revision 2 but head is 3
2026-09-30 07:55:28.315 UTC [1462] CONTEXT:  PL/pgSQL function correct_fact(text,timestamp with time zone,timestamp with time zone,jsonb,integer) line 24 at RAISE
2026-09-30 07:55:28.315 UTC [1462] STATEMENT:  SELECT correct_fact('stress', '2026-09-21T10:00:00+00:00'::timestamptz, '2026-09-21T12:00:00+00:00'::timestamptz, '{"v": 25}'::jsonb, 2)
2026-09-30 07:55:28.318 UTC [1459] ERROR:  expected revision 2 but head is 3
2026-09-30 07:55:28.318 UTC [1459] CONTEXT:  PL/pgSQL function correct_fact(text,timestamp with time zone,timestamp with time zone,jsonb,integer) line 24 at RAISE
2026-09-30 07:55:28.318 UTC [1459] STATEMENT:  SELECT correct_fact('stress', '2026-09-21T10:00:00+00:00'::timestamptz, '2026-09-21T12:00:00+00:00'::timestamptz, '{"v": 10}'::jsonb, 2)
2026-09-30 07:55:28.326 UTC [1465] ERROR:  expected revision 2 but head is 3
2026-09-30 07:55:28.326 UTC [1465] CONTEXT:  PL/pgSQL function correct_fact(text,timestamp with time zone,timestamp with time zone,jsonb,integer) line 24 at RAISE
2026-09-30 07:55:28.326 UTC [1465] STATEMENT:  SELECT correct_fact('stress', '2026-09-21T10:00:00+00:00'::timestamptz, '2026-09-21T12:00:00+00:00'::timestamptz, '{"v": 22}'::jsonb, 2)
2026-09-30 07:55:28.328 UTC [1459] ERROR:  expected revision 2 but head is 3
2026-09-30 07:55:28.328 UTC [1459] CONTEXT:  PL/pgSQL function correct_fact(text,timestamp with time zone,timestamp with time zone,jsonb,integer) line 24 at RAISE
2026-09-30 07:55:28.328 UTC [1459] STATEMENT:  SELECT correct_fact('stress', '2026-09-21T10:00:00+00:00'::timestamptz, '2026-09-21T12:00:00+00:00'::timestamptz, '{"v": 6}'::jsonb, 2)
2026-09-30 07:55:28.331 UTC [1467] ERROR:  expected revision 2 but head is 3
2026-09-30 07:55:28.331 UTC [1467] CONTEXT:  PL/pgSQL function correct_fact(text,timestamp with time zone,timestamp with time zone,jsonb,integer) line 24 at RAISE
2026-09-30 07:55:28.331 UTC [1467] STATEMENT:  SELECT correct_fact('stress', '2026-09-21T10:00:00+00:00'::timestamptz, '2026-09-21T12:00:00+00:00'::timestamptz, '{"v": 12}'::jsonb, 2)
2026-09-30 07:55:28.334 UTC [1468] ERROR:  expected revision 2 but head is 3
2026-09-30 07:55:28.334 UTC [1468] CONTEXT:  PL/pgSQL function correct_fact(text,timestamp with time zone,timestamp with time zone,jsonb,integer) line 24 at RAISE
2026-09-30 07:55:28.334 UTC [1468] STATEMENT:  SELECT correct_fact('stress', '2026-09-21T10:00:00+00:00'::timestamptz, '2026-09-21T12:00:00+00:00'::timestamptz, '{"v": 24}'::jsonb, 2)
2026-09-30 07:55:28.338 UTC [1469] ERROR:  expected revision 2 but head is 3
2026-09-30 07:55:28.338 UTC [1469] CONTEXT:  PL/pgSQL function correct_fact(text,timestamp with time zone,timestamp with time zone,jsonb,integer) line 24 at RAISE
2026-09-30 07:55:28.338 UTC [1469] STATEMENT:  SELECT correct_fact('stress', '2026-09-21T10:00:00+00:00'::timestamptz, '2026-09-21T12:00:00+00:00'::timestamptz, '{"v": 9}'::jsonb, 2)
2026-09-30 07:55:28.343 UTC [1466] ERROR:  expected revision 2 but head is 3
2026-09-30 07:55:28.343 UTC [1466] CONTEXT:  PL/pgSQL function correct_fact(text,timestamp with time zone,timestamp with time zone,jsonb,integer) line 24 at RAISE
2026-09-30 07:55:28.343 UTC [1466] STATEMENT:  SELECT correct_fact('stress', '2026-09-21T10:00:00+00:00'::timestamptz, '2026-09-21T12:00:00+00:00'::timestamptz, '{"v": 26}'::jsonb, 2)
2026-09-30 07:55:28.353 UTC [1468] ERROR:  expected revision 2 but head is 3
2026-09-30 07:55:28.353 UTC [1468] CONTEXT:  PL/pgSQL function correct_fact(text,timestamp with time zone,timestamp with time zone,jsonb,integer) line 24 at RAISE
2026-09-30 07:55:28.353 UTC [1468] STATEMENT:  SELECT correct_fact('stress', '2026-09-21T10:00:00+00:00'::timestamptz, '2026-09-21T12:00:00+00:00'::timestamptz, '{"v": 14}'::jsonb, 2)
2026-09-30 07:55:28.355 UTC [1465] ERROR:  expected revision 2 but head is 3
2026-09-30 07:55:28.355 UTC [1465] CONTEXT:  PL/pgSQL function correct_fact(text,timestamp with time zone,timestamp with time zone,jsonb,integer) line 24 at RAISE
2026-09-30 07:55:28.355 UTC [1465] STATEMENT:  SELECT correct_fact('stress', '2026-09-21T10:00:00+00:00'::timestamptz, '2026-09-21T12:00:00+00:00'::timestamptz, '{"v": 7}'::jsonb, 2)
2026-09-30 07:55:28.363 UTC [1470] ERROR:  expected revision 2 but head is 3
2026-09-30 07:55:28.363 UTC [1470] CONTEXT:  PL/pgSQL function correct_fact(text,timestamp with time zone,timestamp with time zone,jsonb,integer) line 24 at RAISE
2026-09-30 07:55:28.363 UTC [1470] STATEMENT:  SELECT correct_fact('stress', '2026-09-21T10:00:00+00:00'::timestamptz, '2026-09-21T12:00:00+00:00'::timestamptz, '{"v": 1}'::jsonb, 2)
2026-09-30 07:55:28.365 UTC [1472] ERROR:  expected revision 2 but head is 3
2026-09-30 07:55:28.365 UTC [1472] CONTEXT:  PL/pgSQL function correct_fact(text,timestamp with time zone,timestamp with time zone,jsonb,integer) line 24 at RAISE
2026-09-30 07:55:28.365 UTC [1472] STATEMENT:  SELECT correct_fact('stress', '2026-09-21T10:00:00+00:00'::timestamptz, '2026-09-21T12:00:00+00:00'::timestamptz, '{"v": 28}'::jsonb, 2)
2026-09-30 07:55:28.366 UTC [1471] ERROR:  expected revision 2 but head is 3
2026-09-30 07:55:28.366 UTC [1471] CONTEXT:  PL/pgSQL function correct_fact(text,timestamp with time zone,timestamp with time zone,jsonb,integer) line 24 at RAISE
2026-09-30 07:55:28.366 UTC [1471] STATEMENT:  SELECT correct_fact('stress', '2026-09-21T10:00:00+00:00'::timestamptz, '2026-09-21T12:00:00+00:00'::timestamptz, '{"v": 30}'::jsonb, 2)
2026-09-30 07:55:28.367 UTC [1465] ERROR:  expected revision 2 but head is 3
2026-09-30 07:55:28.367 UTC [1465] CONTEXT:  PL/pgSQL function correct_fact(text,timestamp with time zone,timestamp with time zone,jsonb,integer) line 24 at RAISE
2026-09-30 07:55:28.367 UTC [1465] STATEMENT:  SELECT correct_fact('stress', '2026-09-21T10:00:00+00:00'::timestamptz, '2026-09-21T12:00:00+00:00'::timestamptz, '{"v": 23}'::jsonb, 2)
2026-09-30 07:55:28.368 UTC [1468] ERROR:  expected revision 2 but head is 3
2026-09-30 07:55:28.368 UTC [1468] CONTEXT:  PL/pgSQL function correct_fact(text,timestamp with time zone,timestamp with time zone,jsonb,integer) line 24 at RAISE
2026-09-30 07:55:28.368 UTC [1468] STATEMENT:  SELECT correct_fact('stress', '2026-09-21T10:00:00+00:00'::timestamptz, '2026-09-21T12:00:00+00:00'::timestamptz, '{"v": 0}'::jsonb, 2)
2026-09-30 07:55:28.374 UTC [1472] ERROR:  expected revision 2 but head is 3
2026-09-30 07:55:28.374 UTC [1472] CONTEXT:  PL/pgSQL function correct_fact(text,timestamp with time zone,timestamp with time zone,jsonb,integer) line 24 at RAISE
2026-09-30 07:55:28.374 UTC [1472] STATEMENT:  SELECT correct_fact('stress', '2026-09-21T10:00:00+00:00'::timestamptz, '2026-09-21T12:00:00+00:00'::timestamptz, '{"v": 34}'::jsonb, 2)
2026-09-30 07:55:28.376 UTC [1465] ERROR:  expected revision 2 but head is 3
2026-09-30 07:55:28.376 UTC [1465] CONTEXT:  PL/pgSQL function correct_fact(text,timestamp with time zone,timestamp with time zone,jsonb,integer) line 24 at RAISE
2026-09-30 07:55:28.376 UTC [1465] STATEMENT:  SELECT correct_fact('stress', '2026-09-21T10:00:00+00:00'::timestamptz, '2026-09-21T12:00:00+00:00'::timestamptz, '{"v": 20}'::jsonb, 2)
2026-09-30 07:55:28.383 UTC [1478] ERROR:  expected revision 2 but head is 3
2026-09-30 07:55:28.383 UTC [1478] CONTEXT:  PL/pgSQL function correct_fact(text,timestamp with time zone,timestamp with time zone,jsonb,integer) line 24 at RAISE
2026-09-30 07:55:28.383 UTC [1478] STATEMENT:  SELECT correct_fact('stress', '2026-09-21T10:00:00+00:00'::timestamptz, '2026-09-21T12:00:00+00:00'::timestamptz, '{"v": 31}'::jsonb, 2)
2026-09-30 07:55:28.384 UTC [1482] ERROR:  expected revision 2 but head is 3
2026-09-30 07:55:28.384 UTC [1482] CONTEXT:  PL/pgSQL function correct_fact(text,timestamp with time zone,timestamp with time zone,jsonb,integer) line 24 at RAISE
2026-09-30 07:55:28.384 UTC [1482] STATEMENT:  SELECT correct_fact('stress', '2026-09-21T10:00:00+00:00'::timestamptz, '2026-09-21T12:00:00+00:00'::timestamptz, '{"v": 37}'::jsonb, 2)
2026-09-30 07:55:28.384 UTC [1479] ERROR:  expected revision 2 but head is 3
2026-09-30 07:55:28.384 UTC [1479] CONTEXT:  PL/pgSQL function correct_fact(text,timestamp with time zone,timestamp with time zone,jsonb,integer) line 24 at RAISE
2026-09-30 07:55:28.384 UTC [1479] STATEMENT:  SELECT correct_fact('stress', '2026-09-21T10:00:00+00:00'::timestamptz, '2026-09-21T12:00:00+00:00'::timestamptz, '{"v": 8}'::jsonb, 2)
2026-09-30 07:55:28.385 UTC [1475] ERROR:  expected revision 2 but head is 3
2026-09-30 07:55:28.385 UTC [1475] CONTEXT:  PL/pgSQL function correct_fact(text,timestamp with time zone,timestamp with time zone,jsonb,integer) line 24 at RAISE
2026-09-30 07:55:28.385 UTC [1475] STATEMENT:  SELECT correct_fact('stress', '2026-09-21T10:00:00+00:00'::timestamptz, '2026-09-21T12:00:00+00:00'::timestamptz, '{"v": 16}'::jsonb, 2)
2026-09-30 07:55:28.385 UTC [1476] ERROR:  expected revision 2 but head is 3
2026-09-30 07:55:28.385 UTC [1476] CONTEXT:  PL/pgSQL function correct_fact(text,timestamp with time zone,timestamp with time zone,jsonb,integer) line 24 at RAISE
2026-09-30 07:55:28.385 UTC [1476] STATEMENT:  SELECT correct_fact('stress', '2026-09-21T10:00:00+00:00'::timestamptz, '2026-09-21T12:00:00+00:00'::timestamptz, '{"v": 15}'::jsonb, 2)
2026-09-30 07:55:28.385 UTC [1474] ERROR:  expected revision 2 but head is 3
2026-09-30 07:55:28.385 UTC [1474] CONTEXT:  PL/pgSQL function correct_fact(text,timestamp with time zone,timestamp with time zone,jsonb,integer) line 24 at RAISE
2026-09-30 07:55:28.385 UTC [1474] STATEMENT:  SELECT correct_fact('stress', '2026-09-21T10:00:00+00:00'::timestamptz, '2026-09-21T12:00:00+00:00'::timestamptz, '{"v": 36}'::jsonb, 2)
2026-09-30 07:55:28.387 UTC [1473] ERROR:  expected revision 2 but head is 3
2026-09-30 07:55:28.387 UTC [1473] CONTEXT:  PL/pgSQL function correct_fact(text,timestamp with time zone,timestamp with time zone,jsonb,integer) line 24 at RAISE
2026-09-30 07:55:28.387 UTC [1473] STATEMENT:  SELECT correct_fact('stress', '2026-09-21T10:00:00+00:00'::timestamptz, '2026-09-21T12:00:00+00:00'::timestamptz, '{"v": 29}'::jsonb, 2)
2026-09-30 07:55:28.387 UTC [1472] ERROR:  expected revision 2 but head is 3
2026-09-30 07:55:28.387 UTC [1472] CONTEXT:  PL/pgSQL function correct_fact(text,timestamp with time zone,timestamp with time zone,jsonb,integer) line 24 at RAISE
2026-09-30 07:55:28.387 UTC [1472] STATEMENT:  SELECT correct_fact('stress', '2026-09-21T10:00:00+00:00'::timestamptz, '2026-09-21T12:00:00+00:00'::timestamptz, '{"v": 17}'::jsonb, 2)
2026-09-30 07:55:28.388 UTC [1480] ERROR:  expected revision 2 but head is 3
2026-09-30 07:55:28.388 UTC [1480] CONTEXT:  PL/pgSQL function correct_fact(text,timestamp with time zone,timestamp with time zone,jsonb,integer) line 24 at RAISE
2026-09-30 07:55:28.388 UTC [1480] STATEMENT:  SELECT correct_fact('stress', '2026-09-21T10:00:00+00:00'::timestamptz, '2026-09-21T12:00:00+00:00'::timestamptz, '{"v": 27}'::jsonb, 2)
2026-09-30 07:55:28.389 UTC [1481] ERROR:  expected revision 2 but head is 3
2026-09-30 07:55:28.389 UTC [1481] CONTEXT:  PL/pgSQL function correct_fact(text,timestamp with time zone,timestamp with time zone,jsonb,integer) line 24 at RAISE
2026-09-30 07:55:28.389 UTC [1481] STATEMENT:  SELECT correct_fact('stress', '2026-09-21T10:00:00+00:00'::timestamptz, '2026-09-21T12:00:00+00:00'::timestamptz, '{"v": 11}'::jsonb, 2)
2026-09-30 07:55:28.389 UTC [1483] ERROR:  expected revision 2 but head is 3
2026-09-30 07:55:28.389 UTC [1483] CONTEXT:  PL/pgSQL function correct_fact(text,timestamp with time zone,timestamp with time zone,jsonb,integer) line 24 at RAISE
2026-09-30 07:55:28.389 UTC [1483] STATEMENT:  SELECT correct_fact('stress', '2026-09-21T10:00:00+00:00'::timestamptz, '2026-09-21T12:00:00+00:00'::timestamptz, '{"v": 32}'::jsonb, 2)
2026-09-30 07:55:28.390 UTC [1485] ERROR:  expected revision 2 but head is 3
2026-09-30 07:55:28.390 UTC [1485] CONTEXT:  PL/pgSQL function correct_fact(text,timestamp with time zone,timestamp with time zone,jsonb,integer) line 24 at RAISE
2026-09-30 07:55:28.390 UTC [1485] STATEMENT:  SELECT correct_fact('stress', '2026-09-21T10:00:00+00:00'::timestamptz, '2026-09-21T12:00:00+00:00'::timestamptz, '{"v": 4}'::jsonb, 2)
2026-09-30 07:55:28.390 UTC [1486] ERROR:  expected revision 2 but head is 3
2026-09-30 07:55:28.390 UTC [1486] CONTEXT:  PL/pgSQL function correct_fact(text,timestamp with time zone,timestamp with time zone,jsonb,integer) line 24 at RAISE
2026-09-30 07:55:28.390 UTC [1486] STATEMENT:  SELECT correct_fact('stress', '2026-09-21T10:00:00+00:00'::timestamptz, '2026-09-21T12:00:00+00:00'::timestamptz, '{"v": 35}'::jsonb, 2)
2026-09-30 07:55:28.390 UTC [1479] ERROR:  expected revision 2 but head is 3
2026-09-30 07:55:28.390 UTC [1479] CONTEXT:  PL/pgSQL function correct_fact(text,timestamp with time zone,timestamp with time zone,jsonb,integer) line 24 at RAISE
2026-09-30 07:55:28.390 UTC [1479] STATEMENT:  SELECT correct_fact('stress', '2026-09-21T10:00:00+00:00'::timestamptz, '2026-09-21T12:00:00+00:00'::timestamptz, '{"v": 18}'::jsonb, 2)
2026-09-30 07:55:28.396 UTC [1488] ERROR:  expected revision 2 but head is 3
2026-09-30 07:55:28.396 UTC [1488] CONTEXT:  PL/pgSQL function correct_fact(text,timestamp with time zone,timestamp with time zone,jsonb,integer) line 24 at RAISE
2026-09-30 07:55:28.396 UTC [1488] STATEMENT:  SELECT correct_fact('stress', '2026-09-21T10:00:00+00:00'::timestamptz, '2026-09-21T12:00:00+00:00'::timestamptz, '{"v": 33}'::jsonb, 2)
2026-09-30 07:55:28.400 UTC [1490] ERROR:  expected revision 2 but head is 3
2026-09-30 07:55:28.400 UTC [1490] CONTEXT:  PL/pgSQL function correct_fact(text,timestamp with time zone,timestamp with time zone,jsonb,integer) line 24 at RAISE
2026-09-30 07:55:28.400 UTC [1490] STATEMENT:  SELECT correct_fact('stress', '2026-09-21T10:00:00+00:00'::timestamptz, '2026-09-21T12:00:00+00:00'::timestamptz, '{"v": 5}'::jsonb, 2)
2026-09-30 07:55:28.401 UTC [1492] ERROR:  expected revision 2 but head is 3
2026-09-30 07:55:28.401 UTC [1492] CONTEXT:  PL/pgSQL function correct_fact(text,timestamp with time zone,timestamp with time zone,jsonb,integer) line 24 at RAISE
2026-09-30 07:55:28.401 UTC [1492] STATEMENT:  SELECT correct_fact('stress', '2026-09-21T10:00:00+00:00'::timestamptz, '2026-09-21T12:00:00+00:00'::timestamptz, '{"v": 21}'::jsonb, 2)
2026-09-30 07:55:28.405 UTC [1491] ERROR:  expected revision 2 but head is 3
2026-09-30 07:55:28.405 UTC [1491] CONTEXT:  PL/pgSQL function correct_fact(text,timestamp with time zone,timestamp with time zone,jsonb,integer) line 24 at RAISE
2026-09-30 07:55:28.405 UTC [1491] STATEMENT:  SELECT correct_fact('stress', '2026-09-21T10:00:00+00:00'::timestamptz, '2026-09-21T12:00:00+00:00'::timestamptz, '{"v": 2}'::jsonb, 2)
2026-09-30 07:55:28.405 UTC [1493] ERROR:  expected revision 2 but head is 3
2026-09-30 07:55:28.405 UTC [1493] CONTEXT:  PL/pgSQL function correct_fact(text,timestamp with time zone,timestamp with time zone,jsonb,integer) line 24 at RAISE
2026-09-30 07:55:28.405 UTC [1493] STATEMENT:  SELECT correct_fact('stress', '2026-09-21T10:00:00+00:00'::timestamptz, '2026-09-21T12:00:00+00:00'::timestamptz, '{"v": 13}'::jsonb, 2)
2026-09-30 07:55:28.489 UTC [1502] ERROR:  expected revision 3 but head is 4
2026-09-30 07:55:28.489 UTC [1502] CONTEXT:  PL/pgSQL function correct_fact(text,timestamp with time zone,timestamp with time zone,jsonb,integer) line 24 at RAISE
2026-09-30 07:55:28.489 UTC [1502] STATEMENT:  SELECT correct_fact('stress', '2026-09-21T10:00:00+00:00'::timestamptz, '2026-09-21T12:00:00+00:00'::timestamptz, '{"v": 28}'::jsonb, 3)
2026-09-30 07:55:28.491 UTC [1505] ERROR:  expected revision 3 but head is 4
2026-09-30 07:55:28.491 UTC [1505] CONTEXT:  PL/pgSQL function correct_fact(text,timestamp with time zone,timestamp with time zone,jsonb,integer) line 24 at RAISE
2026-09-30 07:55:28.491 UTC [1505] STATEMENT:  SELECT correct_fact('stress', '2026-09-21T10:00:00+00:00'::timestamptz, '2026-09-21T12:00:00+00:00'::timestamptz, '{"v": 14}'::jsonb, 3)
2026-09-30 07:55:28.491 UTC [1508] ERROR:  expected revision 3 but head is 4
2026-09-30 07:55:28.491 UTC [1508] CONTEXT:  PL/pgSQL function correct_fact(text,timestamp with time zone,timestamp with time zone,jsonb,integer) line 24 at RAISE
2026-09-30 07:55:28.491 UTC [1508] STATEMENT:  SELECT correct_fact('stress', '2026-09-21T10:00:00+00:00'::timestamptz, '2026-09-21T12:00:00+00:00'::timestamptz, '{"v": 38}'::jsonb, 3)
2026-09-30 07:55:28.492 UTC [1504] ERROR:  expected revision 3 but head is 4
2026-09-30 07:55:28.492 UTC [1504] CONTEXT:  PL/pgSQL function correct_fact(text,timestamp with time zone,timestamp with time zone,jsonb,integer) line 24 at RAISE
2026-09-30 07:55:28.492 UTC [1504] STATEMENT:  SELECT correct_fact('stress', '2026-09-21T10:00:00+00:00'::timestamptz, '2026-09-21T12:00:00+00:00'::timestamptz, '{"v": 26}'::jsonb, 3)
2026-09-30 07:55:28.492 UTC [1510] ERROR:  expected revision 3 but head is 4
2026-09-30 07:55:28.492 UTC [1510] CONTEXT:  PL/pgSQL function correct_fact(text,timestamp with time zone,timestamp with time zone,jsonb,integer) line 24 at RAISE
2026-09-30 07:55:28.492 UTC [1510] STATEMENT:  SELECT correct_fact('stress', '2026-09-21T10:00:00+00:00'::timestamptz, '2026-09-21T12:00:00+00:00'::timestamptz, '{"v": 6}'::jsonb, 3)
2026-09-30 07:55:28.492 UTC [1503] ERROR:  expected revision 3 but head is 4
2026-09-30 07:55:28.492 UTC [1503] CONTEXT:  PL/pgSQL function correct_fact(text,timestamp with time zone,timestamp with time zone,jsonb,integer) line 24 at RAISE
2026-09-30 07:55:28.492 UTC [1503] STATEMENT:  SELECT correct_fact('stress', '2026-09-21T10:00:00+00:00'::timestamptz, '2026-09-21T12:00:00+00:00'::timestamptz, '{"v": 27}'::jsonb, 3)
2026-09-30 07:55:28.494 UTC [1506] ERROR:  expected revision 3 but head is 4
2026-09-30 07:55:28.494 UTC [1506] CONTEXT:  PL/pgSQL function correct_fact(text,timestamp with time zone,timestamp with time zone,jsonb,integer) line 24 at RAISE
2026-09-30 07:55:28.494 UTC [1506] STATEMENT:  SELECT correct_fact('stress', '2026-09-21T10:00:00+00:00'::timestamptz, '2026-09-21T12:00:00+00:00'::timestamptz, '{"v": 19}'::jsonb, 3)
2026-09-30 07:55:28.494 UTC [1509] ERROR:  expected revision 3 but head is 4
2026-09-30 07:55:28.494 UTC [1509] CONTEXT:  PL/pgSQL function correct_fact(text,timestamp with time zone,timestamp with time zone,jsonb,integer) line 24 at RAISE
2026-09-30 07:55:28.494 UTC [1509] STATEMENT:  SELECT correct_fact('stress', '2026-09-21T10:00:00+00:00'::timestamptz, '2026-09-21T12:00:00+00:00'::timestamptz, '{"v": 25}'::jsonb, 3)
2026-09-30 07:55:28.495 UTC [1511] ERROR:  expected revision 3 but head is 4
2026-09-30 07:55:28.495 UTC [1511] CONTEXT:  PL/pgSQL function correct_fact(text,timestamp with time zone,timestamp with time zone,jsonb,integer) line 24 at RAISE
2026-09-30 07:55:28.495 UTC [1511] STATEMENT:  SELECT correct_fact('stress', '2026-09-21T10:00:00+00:00'::timestamptz, '2026-09-21T12:00:00+00:00'::timestamptz, '{"v": 10}'::jsonb, 3)
2026-09-30 07:55:28.495 UTC [1512] ERROR:  expected revision 3 but head is 4
2026-09-30 07:55:28.495 UTC [1512] CONTEXT:  PL/pgSQL function correct_fact(text,timestamp with time zone,timestamp with time zone,jsonb,integer) line 24 at RAISE
2026-09-30 07:55:28.495 UTC [1512] STATEMENT:  SELECT correct_fact('stress', '2026-09-21T10:00:00+00:00'::timestamptz, '2026-09-21T12:00:00+00:00'::timestamptz, '{"v": 22}'::jsonb, 3)
2026-09-30 07:55:28.501 UTC [1515] ERROR:  expected revision 3 but head is 4
2026-09-30 07:55:28.501 UTC [1515] CONTEXT:  PL/pgSQL function correct_fact(text,timestamp with time zone,timestamp with time zone,jsonb,integer) line 24 at RAISE
2026-09-30 07:55:28.501 UTC [1515] STATEMENT:  SELECT correct_fact('stress', '2026-09-21T10:00:00+00:00'::timestamptz, '2026-09-21T12:00:00+00:00'::timestamptz, '{"v": 12}'::jsonb, 3)
2026-09-30 07:55:28.502 UTC [1513] ERROR:  expected revision 3 but head is 4
2026-09-30 07:55:28.502 UTC [1513] CONTEXT:  PL/pgSQL function correct_fact(text,timestamp with time zone,timestamp with time zone,jsonb,integer) line 24 at RAISE
2026-09-30 07:55:28.502 UTC [1513] STATEMENT:  SELECT correct_fact('stress', '2026-09-21T10:00:00+00:00'::timestamptz, '2026-09-21T12:00:00+00:00'::timestamptz, '{"v": 9}'::jsonb, 3)
2026-09-30 07:55:28.502 UTC [1505] ERROR:  expected revision 3 but head is 4
2026-09-30 07:55:28.502 UTC [1505] CONTEXT:  PL/pgSQL function correct_fact(text,timestamp with time zone,timestamp with time zone,jsonb,integer) line 24 at RAISE
2026-09-30 07:55:28.502 UTC [1505] STATEMENT:  SELECT correct_fact('stress', '2026-09-21T10:00:00+00:00'::timestamptz, '2026-09-21T12:00:00+00:00'::timestamptz, '{"v": 0}'::jsonb, 3)
2026-09-30 07:55:28.503 UTC [1514] ERROR:  expected revision 3 but head is 4
2026-09-30 07:55:28.503 UTC [1514] CONTEXT:  PL/pgSQL function correct_fact(text,timestamp with time zone,timestamp with time zone,jsonb,integer) line 24 at RAISE
2026-09-30 07:55:28.503 UTC [1514] STATEMENT:  SELECT correct_fact('stress', '2026-09-21T10:00:00+00:00'::timestamptz, '2026-09-21T12:00:00+00:00'::timestamptz, '{"v": 7}'::jsonb, 3)
2026-09-30 07:55:28.505 UTC [1505] ERROR:  expected revision 3 but head is 4
2026-09-30 07:55:28.505 UTC [1505] CONTEXT:  PL/pgSQL function correct_fact(text,timestamp with time zone,timestamp with time zone,jsonb,integer) line 24 at RAISE
2026-09-30 07:55:28.505 UTC [1505] STATEMENT:  SELECT correct_fact('stress', '2026-09-21T10:00:00+00:00'::timestamptz, '2026-09-21T12:00:00+00:00'::timestamptz, '{"v": 17}'::jsonb, 3)
2026-09-30 07:55:28.514 UTC [1517] ERROR:  expected revision 3 but head is 4
2026-09-30 07:55:28.514 UTC [1517] CONTEXT:  PL/pgSQL function correct_fact(text,timestamp with time zone,timestamp with time zone,jsonb,integer) line 24 at RAISE
2026-09-30 07:55:28.514 UTC [1517] STATEMENT:  SELECT correct_fact('stress', '2026-09-21T10:00:00+00:00'::timestamptz, '2026-09-21T12:00:00+00:00'::timestamptz, '{"v": 16}'::jsonb, 3)
2026-09-30 07:55:28.514 UTC [1513] ERROR:  expected revision 3 but head is 4
2026-09-30 07:55:28.514 UTC [1513] CONTEXT:  PL/pgSQL function correct_fact(text,timestamp with time zone,timestamp with time zone,jsonb,integer) line 24 at RAISE
2026-09-30 07:55:28.514 UTC [1513] STATEMENT:  SELECT correct_fact('stress', '2026-09-21T10:00:00+00:00'::timestamptz, '2026-09-21T12:00:00+00:00'::timestamptz, '{"v": 8}'::jsonb, 3)
2026-09-30 07:55:28.514 UTC [1516] ERROR:  expected revision 3 but head is 4
2026-09-30 07:55:28.514 UTC [1516] CONTEXT:  PL/pgSQL function correct_fact(text,timestamp with time zone,timestamp with time zone,jsonb,integer) line 24 at RAISE
2026-09-30 07:55:28.514 UTC [1516] STATEMENT:  SELECT correct_fact('stress', '2026-09-21T10:00:00+00:00'::timestamptz, '2026-09-21T12:00:00+00:00'::timestamptz, '{"v": 21}'::jsonb, 3)
2026-09-30 07:55:28.515 UTC [1519] ERROR:  expected revision 3 but head is 4
2026-09-30 07:55:28.515 UTC [1519] CONTEXT:  PL/pgSQL function correct_fact(text,timestamp with time zone,timestamp with time zone,jsonb,integer) line 24 at RAISE
2026-09-30 07:55:28.515 UTC [1519] STATEMENT:  SELECT correct_fact('stress', '2026-09-21T10:00:00+00:00'::timestamptz, '2026-09-21T12:00:00+00:00'::timestamptz, '{"v": 30}'::jsonb, 3)
2026-09-30 07:55:28.515 UTC [1518] ERROR:  expected revision 3 but head is 4
2026-09-30 07:55:28.515 UTC [1518] CONTEXT:  PL/pgSQL function correct_fact(text,timestamp with time zone,timestamp with time zone,jsonb,integer) line 24 at RAISE
2026-09-30 07:55:28.515 UTC [1518] STATEMENT:  SELECT correct_fact('stress', '2026-09-21T10:00:00+00:00'::timestamptz, '2026-09-21T12:00:00+00:00'::timestamptz, '{"v": 1}'::jsonb, 3)
2026-09-30 07:55:28.516 UTC [1516] ERROR:  expected revision 3 but head is 4
2026-09-30 07:55:28.516 UTC [1516] CONTEXT:  PL/pgSQL function correct_fact(text,timestamp with time zone,timestamp with time zone,jsonb,integer) line 24 at RAISE
2026-09-30 07:55:28.516 UTC [1516] STATEMENT:  SELECT correct_fact('stress', '2026-09-21T10:00:00+00:00'::timestamptz, '2026-09-21T12:00:00+00:00'::timestamptz, '{"v": 32}'::jsonb, 3)
2026-09-30 07:55:28.521 UTC [1513] ERROR:  expected revision 3 but head is 4
2026-09-30 07:55:28.521 UTC [1513] CONTEXT:  PL/pgSQL function correct_fact(text,timestamp with time zone,timestamp with time zone,jsonb,integer) line 24 at RAISE
2026-09-30 07:55:28.521 UTC [1513] STATEMENT:  SELECT correct_fact('stress', '2026-09-21T10:00:00+00:00'::timestamptz, '2026-09-21T12:00:00+00:00'::timestamptz, '{"v": 15}'::jsonb, 3)
2026-09-30 07:55:28.523 UTC [1518] ERROR:  expected revision 3 but head is 4
2026-09-30 07:55:28.523 UTC [1518] CONTEXT:  PL/pgSQL function correct_fact(text,timestamp with time zone,timestamp with time zone,jsonb,integer) line 24 at RAISE
2026-09-30 07:55:28.523 UTC [1518] STATEMENT:  SELECT correct_fact('stress', '2026-09-21T10:00:00+00:00'::timestamptz, '2026-09-21T12:00:00+00:00'::timestamptz, '{"v": 37}'::jsonb, 3)
2026-09-30 07:55:28.524 UTC [1520] ERROR:  expected revision 3 but head is 4
2026-09-30 07:55:28.524 UTC [1520] CONTEXT:  PL/pgSQL function correct_fact(text,timestamp with time zone,timestamp with time zone,jsonb,integer) line 24 at RAISE
2026-09-30 07:55:28.524 UTC [1520] STATEMENT:  SELECT correct_fact('stress', '2026-09-21T10:00:00+00:00'::timestamptz, '2026-09-21T12:00:00+00:00'::timestamptz, '{"v": 13}'::jsonb, 3)
2026-09-30 07:55:28.524 UTC [1522] ERROR:  expected revision 3 but head is 4
2026-09-30 07:55:28.524 UTC [1522] CONTEXT:  PL/pgSQL function correct_fact(text,timestamp with time zone,timestamp with time zone,jsonb,integer) line 24 at RAISE
2026-09-30 07:55:28.524 UTC [1522] STATEMENT:  SELECT correct_fact('stress', '2026-09-21T10:00:00+00:00'::timestamptz, '2026-09-21T12:00:00+00:00'::timestamptz, '{"v": 36}'::jsonb, 3)
2026-09-30 07:55:28.525 UTC [1521] ERROR:  expected revision 3 but head is 4
2026-09-30 07:55:28.525 UTC [1521] CONTEXT:  PL/pgSQL function correct_fact(text,timestamp with time zone,timestamp with time zone,jsonb,integer) line 24 at RAISE
2026-09-30 07:55:28.525 UTC [1521] STATEMENT:  SELECT correct_fact('stress', '2026-09-21T10:00:00+00:00'::timestamptz, '2026-09-21T12:00:00+00:00'::timestamptz, '{"v": 29}'::jsonb, 3)
2026-09-30 07:55:28.528 UTC [1513] ERROR:  expected revision 3 but head is 4
2026-09-30 07:55:28.528 UTC [1513] CONTEXT:  PL/pgSQL function correct_fact(text,timestamp with time zone,timestamp with time zone,jsonb,integer) line 24 at RAISE
2026-09-30 07:55:28.528 UTC [1513] STATEMENT:  SELECT correct_fact('stress', '2026-09-21T10:00:00+00:00'::timestamptz, '2026-09-21T12:00:00+00:00'::timestamptz, '{"v": 35}'::jsonb, 3)
2026-09-30 07:55:28.532 UTC [1523] ERROR:  expected revision 3 but head is 4
2026-09-30 07:55:28.532 UTC [1523] CONTEXT:  PL/pgSQL function correct_fact(text,timestamp with time zone,timestamp with time zone,jsonb,integer) line 24 at RAISE
2026-09-30 07:55:28.532 UTC [1523] STATEMENT:  SELECT correct_fact('stress', '2026-09-21T10:00:00+00:00'::timestamptz, '2026-09-21T12:00:00+00:00'::timestamptz, '{"v": 23}'::jsonb, 3)
2026-09-30 07:55:28.533 UTC [1513] ERROR:  expected revision 3 but head is 4
2026-09-30 07:55:28.533 UTC [1513] CONTEXT:  PL/pgSQL function correct_fact(text,timestamp with time zone,timestamp with time zone,jsonb,integer) line 24 at RAISE
2026-09-30 07:55:28.533 UTC [1513] STATEMENT:  SELECT correct_fact('stress', '2026-09-21T10:00:00+00:00'::timestamptz, '2026-09-21T12:00:00+00:00'::timestamptz, '{"v": 31}'::jsonb, 3)
2026-09-30 07:55:28.537 UTC [1523] ERROR:  expected revision 3 but head is 4
2026-09-30 07:55:28.537 UTC [1523] CONTEXT:  PL/pgSQL function correct_fact(text,timestamp with time zone,timestamp with time zone,jsonb,integer) line 24 at RAISE
2026-09-30 07:55:28.537 UTC [1523] STATEMENT:  SELECT correct_fact('stress', '2026-09-21T10:00:00+00:00'::timestamptz, '2026-09-21T12:00:00+00:00'::timestamptz, '{"v": 4}'::jsonb, 3)
2026-09-30 07:55:28.539 UTC [1523] ERROR:  expected revision 3 but head is 4
2026-09-30 07:55:28.539 UTC [1523] CONTEXT:  PL/pgSQL function correct_fact(text,timestamp with time zone,timestamp with time zone,jsonb,integer) line 24 at RAISE
2026-09-30 07:55:28.539 UTC [1523] STATEMENT:  SELECT correct_fact('stress', '2026-09-21T10:00:00+00:00'::timestamptz, '2026-09-21T12:00:00+00:00'::timestamptz, '{"v": 5}'::jsonb, 3)
2026-09-30 07:55:28.553 UTC [1527] ERROR:  expected revision 3 but head is 4
2026-09-30 07:55:28.553 UTC [1527] CONTEXT:  PL/pgSQL function correct_fact(text,timestamp with time zone,timestamp with time zone,jsonb,integer) line 24 at RAISE
2026-09-30 07:55:28.553 UTC [1527] STATEMENT:  SELECT correct_fact('stress', '2026-09-21T10:00:00+00:00'::timestamptz, '2026-09-21T12:00:00+00:00'::timestamptz, '{"v": 11}'::jsonb, 3)
2026-09-30 07:55:28.553 UTC [1523] ERROR:  expected revision 3 but head is 4
2026-09-30 07:55:28.553 UTC [1523] CONTEXT:  PL/pgSQL function correct_fact(text,timestamp with time zone,timestamp with time zone,jsonb,integer) line 24 at RAISE
2026-09-30 07:55:28.553 UTC [1523] STATEMENT:  SELECT correct_fact('stress', '2026-09-21T10:00:00+00:00'::timestamptz, '2026-09-21T12:00:00+00:00'::timestamptz, '{"v": 33}'::jsonb, 3)
2026-09-30 07:55:28.560 UTC [1526] ERROR:  expected revision 3 but head is 4
2026-09-30 07:55:28.560 UTC [1526] CONTEXT:  PL/pgSQL function correct_fact(text,timestamp with time zone,timestamp with time zone,jsonb,integer) line 24 at RAISE
2026-09-30 07:55:28.560 UTC [1526] STATEMENT:  SELECT correct_fact('stress', '2026-09-21T10:00:00+00:00'::timestamptz, '2026-09-21T12:00:00+00:00'::timestamptz, '{"v": 18}'::jsonb, 3)
2026-09-30 07:55:28.593 UTC [1531] ERROR:  expected revision 3 but head is 4
2026-09-30 07:55:28.593 UTC [1531] CONTEXT:  PL/pgSQL function correct_fact(text,timestamp with time zone,timestamp with time zone,jsonb,integer) line 24 at RAISE
2026-09-30 07:55:28.593 UTC [1531] STATEMENT:  SELECT correct_fact('stress', '2026-09-21T10:00:00+00:00'::timestamptz, '2026-09-21T12:00:00+00:00'::timestamptz, '{"v": 20}'::jsonb, 3)
2026-09-30 07:55:28.603 UTC [1533] ERROR:  expected revision 4 but head is 5
2026-09-30 07:55:28.603 UTC [1533] CONTEXT:  PL/pgSQL function correct_fact(text,timestamp with time zone,timestamp with time zone,jsonb,integer) line 24 at RAISE
2026-09-30 07:55:28.603 UTC [1533] STATEMENT:  SELECT correct_fact('stress', '2026-09-21T10:00:00+00:00'::timestamptz, '2026-09-21T12:00:00+00:00'::timestamptz, '{"v": 25}'::jsonb, 4)
2026-09-30 07:55:28.604 UTC [1534] ERROR:  expected revision 4 but head is 5
2026-09-30 07:55:28.604 UTC [1534] CONTEXT:  PL/pgSQL function correct_fact(text,timestamp with time zone,timestamp with time zone,jsonb,integer) line 24 at RAISE
2026-09-30 07:55:28.604 UTC [1534] STATEMENT:  SELECT correct_fact('stress', '2026-09-21T10:00:00+00:00'::timestamptz, '2026-09-21T12:00:00+00:00'::timestamptz, '{"v": 19}'::jsonb, 4)
2026-09-30 07:55:28.604 UTC [1531] ERROR:  expected revision 4 but head is 5
2026-09-30 07:55:28.604 UTC [1531] CONTEXT:  PL/pgSQL function correct_fact(text,timestamp with time zone,timestamp with time zone,jsonb,integer) line 24 at RAISE
2026-09-30 07:55:28.604 UTC [1531] STATEMENT:  SELECT correct_fact('stress', '2026-09-21T10:00:00+00:00'::timestamptz, '2026-09-21T12:00:00+00:00'::timestamptz, '{"v": 17}'::jsonb, 4)
2026-09-30 07:55:28.604 UTC [1535] ERROR:  expected revision 4 but head is 5
2026-09-30 07:55:28.604 UTC [1535] CONTEXT:  PL/pgSQL function correct_fact(text,timestamp with time zone,timestamp with time zone,jsonb,integer) line 24 at RAISE
2026-09-30 07:55:28.604 UTC [1535] STATEMENT:  SELECT correct_fact('stress', '2026-09-21T10:00:00+00:00'::timestamptz, '2026-09-21T12:00:00+00:00'::timestamptz, '{"v": 6}'::jsonb, 4)
2026-09-30 07:55:28.611 UTC [1534] ERROR:  expected revision 4 but head is 5
2026-09-30 07:55:28.611 UTC [1534] CONTEXT:  PL/pgSQL function correct_fact(text,timestamp with time zone,timestamp with time zone,jsonb,integer) line 24 at RAISE
2026-09-30 07:55:28.611 UTC [1534] STATEMENT:  SELECT correct_fact('stress', '2026-09-21T10:00:00+00:00'::timestamptz, '2026-09-21T12:00:00+00:00'::timestamptz, '{"v": 12}'::jsonb, 4)
2026-09-30 07:55:28.615 UTC [1534] ERROR:  expected revision 4 but head is 5
2026-09-30 07:55:28.615 UTC [1534] CONTEXT:  PL/pgSQL function correct_fact(text,timestamp with time zone,timestamp with time zone,jsonb,integer) line 24 at RAISE
2026-09-30 07:55:28.615 UTC [1534] STATEMENT:  SELECT correct_fact('stress', '2026-09-21T10:00:00+00:00'::timestamptz, '2026-09-21T12:00:00+00:00'::timestamptz, '{"v": 30}'::jsonb, 4)
2026-09-30 07:55:28.623 UTC [1534] ERROR:  expected revision 4 but head is 5
2026-09-30 07:55:28.623 UTC [1534] CONTEXT:  PL/pgSQL function correct_fact(text,timestamp with time zone,timestamp with time zone,jsonb,integer) line 24 at RAISE
2026-09-30 07:55:28.623 UTC [1534] STATEMENT:  SELECT correct_fact('stress', '2026-09-21T10:00:00+00:00'::timestamptz, '2026-09-21T12:00:00+00:00'::timestamptz, '{"v": 7}'::jsonb, 4)
2026-09-30 07:55:28.625 UTC [1536] ERROR:  expected revision 4 but head is 5
2026-09-30 07:55:28.625 UTC [1536] CONTEXT:  PL/pgSQL function correct_fact(text,timestamp with time zone,timestamp with time zone,jsonb,integer) line 24 at RAISE
2026-09-30 07:55:28.625 UTC [1536] STATEMENT:  SELECT correct_fact('stress', '2026-09-21T10:00:00+00:00'::timestamptz, '2026-09-21T12:00:00+00:00'::timestamptz, '{"v": 10}'::jsonb, 4)
2026-09-30 07:55:28.625 UTC [1538] ERROR:  expected revision 4 but head is 5
2026-09-30 07:55:28.625 UTC [1538] CONTEXT:  PL/pgSQL function correct_fact(text,timestamp with time zone,timestamp with time zone,jsonb,integer) line 24 at RAISE
2026-09-30 07:55:28.625 UTC [1538] STATEMENT:  SELECT correct_fact('stress', '2026-09-21T10:00:00+00:00'::timestamptz, '2026-09-21T12:00:00+00:00'::timestamptz, '{"v": 0}'::jsonb, 4)
2026-09-30 07:55:28.629 UTC [1539] ERROR:  expected revision 4 but head is 5
2026-09-30 07:55:28.629 UTC [1539] CONTEXT:  PL/pgSQL function correct_fact(text,timestamp with time zone,timestamp with time zone,jsonb,integer) line 24 at RAISE
2026-09-30 07:55:28.629 UTC [1539] STATEMENT:  SELECT correct_fact('stress', '2026-09-21T10:00:00+00:00'::timestamptz, '2026-09-21T12:00:00+00:00'::timestamptz, '{"v": 9}'::jsonb, 4)
2026-09-30 07:55:28.631 UTC [1540] ERROR:  expected revision 4 but head is 5
2026-09-30 07:55:28.631 UTC [1540] CONTEXT:  PL/pgSQL function correct_fact(text,timestamp with time zone,timestamp with time zone,jsonb,integer) line 24 at RAISE
2026-09-30 07:55:28.631 UTC [1540] STATEMENT:  SELECT correct_fact('stress', '2026-09-21T10:00:00+00:00'::timestamptz, '2026-09-21T12:00:00+00:00'::timestamptz, '{"v": 31}'::jsonb, 4)
2026-09-30 07:55:28.633 UTC [1537] ERROR:  expected revision 4 but head is 5
2026-09-30 07:55:28.633 UTC [1537] CONTEXT:  PL/pgSQL function correct_fact(text,timestamp with time zone,timestamp with time zone,jsonb,integer) line 24 at RAISE
2026-09-30 07:55:28.633 UTC [1537] STATEMENT:  SELECT correct_fact('stress', '2026-09-21T10:00:00+00:00'::timestamptz, '2026-09-21T12:00:00+00:00'::timestamptz, '{"v": 1}'::jsonb, 4)
2026-09-30 07:55:28.635 UTC [1539] ERROR:  expected revision 4 but head is 5
2026-09-30 07:55:28.635 UTC [1539] CONTEXT:  PL/pgSQL function correct_fact(text,timestamp with time zone,timestamp with time zone,jsonb,integer) line 24 at RAISE
2026-09-30 07:55:28.635 UTC [1539] STATEMENT:  SELECT correct_fact('stress', '2026-09-21T10:00:00+00:00'::timestamptz, '2026-09-21T12:00:00+00:00'::timestamptz, '{"v": 8}'::jsonb, 4)
2026-09-30 07:55:28.637 UTC [1541] ERROR:  expected revision 4 but head is 5
2026-09-30 07:55:28.637 UTC [1541] CONTEXT:  PL/pgSQL function correct_fact(text,timestamp with time zone,timestamp with time zone,jsonb,integer) line 24 at RAISE
2026-09-30 07:55:28.637 UTC [1541] STATEMENT:  SELECT correct_fact('stress', '2026-09-21T10:00:00+00:00'::timestamptz, '2026-09-21T12:00:00+00:00'::timestamptz, '{"v": 21}'::jsonb, 4)
2026-09-30 07:55:28.637 UTC [1540] ERROR:  expected revision 4 but head is 5
2026-09-30 07:55:28.637 UTC [1540] CONTEXT:  PL/pgSQL function correct_fact(text,timestamp with time zone,timestamp with time zone,jsonb,integer) line 24 at RAISE
2026-09-30 07:55:28.637 UTC [1540] STATEMENT:  SELECT correct_fact('stress', '2026-09-21T10:00:00+00:00'::timestamptz, '2026-09-21T12:00:00+00:00'::timestamptz, '{"v": 22}'::jsonb, 4)
2026-09-30 07:55:28.642 UTC [1542] ERROR:  expected revision 4 but head is 5
2026-09-30 07:55:28.642 UTC [1542] CONTEXT:  PL/pgSQL function correct_fact(text,timestamp with time zone,timestamp with time zone,jsonb,integer) line 24 at RAISE
2026-09-30 07:55:28.642 UTC [1542] STATEMENT:  SELECT correct_fact('stress', '2026-09-21T10:00:00+00:00'::timestamptz, '2026-09-21T12:00:00+00:00'::timestamptz, '{"v": 14}'::jsonb, 4)
2026-09-30 07:55:28.642 UTC [1537] ERROR:  expected revision 4 but head is 5
2026-09-30 07:55:28.642 UTC [1537] CONTEXT:  PL/pgSQL function correct_fact(text,timestamp with time zone,timestamp with time zone,jsonb,integer) line 24 at RAISE
2026-09-30 07:55:28.642 UTC [1537] STATEMENT:  SELECT correct_fact('stress', '2026-09-21T10:00:00+00:00'::timestamptz, '2026-09-21T12:00:00+00:00'::timestamptz, '{"v": 23}'::jsonb, 4)
2026-09-30 07:55:28.644 UTC [1542] ERROR:  expected revision 4 but head is 5
2026-09-30 07:55:28.644 UTC [1542] CONTEXT:  PL/pgSQL function correct_fact(text,timestamp with time zone,timestamp with time zone,jsonb,integer) line 24 at RAISE
2026-09-30 07:55:28.644 UTC [1542] STATEMENT:  SELECT correct_fact('stress', '2026-09-21T10:00:00+00:00'::timestamptz, '2026-09-21T12:00:00+00:00'::timestamptz, '{"v": 5}'::jsonb, 4)
2026-09-30 07:55:28.645 UTC [1537] ERROR:  expected revision 4 but head is 5
2026-09-30 07:55:28.645 UTC [1537] CONTEXT:  PL/pgSQL function correct_fact(text,timestamp with time zone,timestamp with time zone,jsonb,integer) line 24 at RAISE
2026-09-30 07:55:28.645 UTC [1537] STATEMENT:  SELECT correct_fact('stress', '2026-09-21T10:00:00+00:00'::timestamptz, '2026-09-21T12:00:00+00:00'::timestamptz, '{"v": 4}'::jsonb, 4)
2026-09-30 07:55:28.647 UTC [1537] ERROR:  expected revision 4 but head is 5
2026-09-30 07:55:28.647 UTC [1537] CONTEXT:  PL/pgSQL function correct_fact(text,timestamp with time zone,timestamp with time zone,jsonb,integer) line 24 at RAISE
2026-09-30 07:55:28.647 UTC [1537] STATEMENT:  SELECT correct_fact('stress', '2026-09-21T10:00:00+00:00'::timestamptz, '2026-09-21T12:00:00+00:00'::timestamptz, '{"v": 38}'::jsonb, 4)
2026-09-30 07:55:28.651 UTC [1542] ERROR:  expected revision 4 but head is 5
2026-09-30 07:55:28.651 UTC [1542] CONTEXT:  PL/pgSQL function correct_fact(text,timestamp with time zone,timestamp with time zone,jsonb,integer) line 24 at RAISE
2026-09-30 07:55:28.651 UTC [1542] STATEMENT:  SELECT correct_fact('stress', '2026-09-21T10:00:00+00:00'::timestamptz, '2026-09-21T12:00:00+00:00'::timestamptz, '{"v": 32}'::jsonb, 4)
2026-09-30 07:55:28.652 UTC [1543] ERROR:  expected revision 4 but head is 5
2026-09-30 07:55:28.652 UTC [1543] CONTEXT:  PL/pgSQL function correct_fact(text,timestamp with time zone,timestamp with time zone,jsonb,integer) line 24 at RAISE
2026-09-30 07:55:28.652 UTC [1543] STATEMENT:  SELECT correct_fact('stress', '2026-09-21T10:00:00+00:00'::timestamptz, '2026-09-21T12:00:00+00:00'::timestamptz, '{"v": 29}'::jsonb, 4)
2026-09-30 07:55:28.657 UTC [1542] ERROR:  expected revision 3 but head is 5
2026-09-30 07:55:28.657 UTC [1542] CONTEXT:  PL/pgSQL function correct_fact(text,timestamp with time zone,timestamp with time zone,jsonb,integer) line 24 at RAISE
2026-09-30 07:55:28.657 UTC [1542] STATEMENT:  SELECT correct_fact('stress', '2026-09-21T10:00:00+00:00'::timestamptz, '2026-09-21T12:00:00+00:00'::timestamptz, '{"v": 2}'::jsonb, 3)
2026-09-30 07:55:28.663 UTC [1545] ERROR:  expected revision 4 but head is 5
2026-09-30 07:55:28.663 UTC [1545] CONTEXT:  PL/pgSQL function correct_fact(text,timestamp with time zone,timestamp with time zone,jsonb,integer) line 24 at RAISE
2026-09-30 07:55:28.663 UTC [1545] STATEMENT:  SELECT correct_fact('stress', '2026-09-21T10:00:00+00:00'::timestamptz, '2026-09-21T12:00:00+00:00'::timestamptz, '{"v": 37}'::jsonb, 4)
2026-09-30 07:55:28.664 UTC [1547] ERROR:  expected revision 4 but head is 5
2026-09-30 07:55:28.664 UTC [1547] CONTEXT:  PL/pgSQL function correct_fact(text,timestamp with time zone,timestamp with time zone,jsonb,integer) line 24 at RAISE
2026-09-30 07:55:28.664 UTC [1547] STATEMENT:  SELECT correct_fact('stress', '2026-09-21T10:00:00+00:00'::timestamptz, '2026-09-21T12:00:00+00:00'::timestamptz, '{"v": 36}'::jsonb, 4)
2026-09-30 07:55:28.675 UTC [1545] ERROR:  expected revision 3 but head is 6
2026-09-30 07:55:28.675 UTC [1545] CONTEXT:  PL/pgSQL function correct_fact(text,timestamp with time zone,timestamp with time zone,jsonb,integer) line 24 at RAISE
2026-09-30 07:55:28.675 UTC [1545] STATEMENT:  SELECT correct_fact('stress', '2026-09-21T10:00:00+00:00'::timestamptz, '2026-09-21T12:00:00+00:00'::timestamptz, '{"v": 34}'::jsonb, 3)
2026-09-30 07:55:28.679 UTC [1545] ERROR:  expected revision 4 but head is 6
2026-09-30 07:55:28.679 UTC [1545] CONTEXT:  PL/pgSQL function correct_fact(text,timestamp with time zone,timestamp with time zone,jsonb,integer) line 24 at RAISE
2026-09-30 07:55:28.679 UTC [1545] STATEMENT:  SELECT correct_fact('stress', '2026-09-21T10:00:00+00:00'::timestamptz, '2026-09-21T12:00:00+00:00'::timestamptz, '{"v": 27}'::jsonb, 4)
2026-09-30 07:55:28.696 UTC [1551] ERROR:  expected revision 5 but head is 6
2026-09-30 07:55:28.696 UTC [1551] CONTEXT:  PL/pgSQL function correct_fact(text,timestamp with time zone,timestamp with time zone,jsonb,integer) line 24 at RAISE
2026-09-30 07:55:28.696 UTC [1551] STATEMENT:  SELECT correct_fact('stress', '2026-09-21T10:00:00+00:00'::timestamptz, '2026-09-21T12:00:00+00:00'::timestamptz, '{"v": 13}'::jsonb, 5)
2026-09-30 07:55:28.701 UTC [1552] ERROR:  expected revision 5 but head is 6
2026-09-30 07:55:28.701 UTC [1552] CONTEXT:  PL/pgSQL function correct_fact(text,timestamp with time zone,timestamp with time zone,jsonb,integer) line 24 at RAISE
2026-09-30 07:55:28.701 UTC [1552] STATEMENT:  SELECT correct_fact('stress', '2026-09-21T10:00:00+00:00'::timestamptz, '2026-09-21T12:00:00+00:00'::timestamptz, '{"v": 10}'::jsonb, 5)
2026-09-30 07:55:28.705 UTC [1552] ERROR:  expected revision 5 but head is 6
2026-09-30 07:55:28.705 UTC [1552] CONTEXT:  PL/pgSQL function correct_fact(text,timestamp with time zone,timestamp with time zone,jsonb,integer) line 24 at RAISE
2026-09-30 07:55:28.705 UTC [1552] STATEMENT:  SELECT correct_fact('stress', '2026-09-21T10:00:00+00:00'::timestamptz, '2026-09-21T12:00:00+00:00'::timestamptz, '{"v": 30}'::jsonb, 5)
2026-09-30 07:55:28.709 UTC [1552] ERROR:  expected revision 5 but head is 6
2026-09-30 07:55:28.709 UTC [1552] CONTEXT:  PL/pgSQL function correct_fact(text,timestamp with time zone,timestamp with time zone,jsonb,integer) line 24 at RAISE
2026-09-30 07:55:28.709 UTC [1552] STATEMENT:  SELECT correct_fact('stress', '2026-09-21T10:00:00+00:00'::timestamptz, '2026-09-21T12:00:00+00:00'::timestamptz, '{"v": 15}'::jsonb, 5)
2026-09-30 07:55:28.714 UTC [1552] ERROR:  expected revision 5 but head is 6
2026-09-30 07:55:28.714 UTC [1552] CONTEXT:  PL/pgSQL function correct_fact(text,timestamp with time zone,timestamp with time zone,jsonb,integer) line 24 at RAISE
2026-09-30 07:55:28.714 UTC [1552] STATEMENT:  SELECT correct_fact('stress', '2026-09-21T10:00:00+00:00'::timestamptz, '2026-09-21T12:00:00+00:00'::timestamptz, '{"v": 18}'::jsonb, 5)
2026-09-30 07:55:28.720 UTC [1555] ERROR:  expected revision 5 but head is 6
2026-09-30 07:55:28.720 UTC [1555] CONTEXT:  PL/pgSQL function correct_fact(text,timestamp with time zone,timestamp with time zone,jsonb,integer) line 24 at RAISE
2026-09-30 07:55:28.720 UTC [1555] STATEMENT:  SELECT correct_fact('stress', '2026-09-21T10:00:00+00:00'::timestamptz, '2026-09-21T12:00:00+00:00'::timestamptz, '{"v": 20}'::jsonb, 5)
2026-09-30 07:55:28.725 UTC [1552] ERROR:  expected revision 5 but head is 6
2026-09-30 07:55:28.725 UTC [1552] CONTEXT:  PL/pgSQL function correct_fact(text,timestamp with time zone,timestamp with time zone,jsonb,integer) line 24 at RAISE
2026-09-30 07:55:28.725 UTC [1552] STATEMENT:  SELECT correct_fact('stress', '2026-09-21T10:00:00+00:00'::timestamptz, '2026-09-21T12:00:00+00:00'::timestamptz, '{"v": 16}'::jsonb, 5)
2026-09-30 07:55:28.726 UTC [1557] ERROR:  expected revision 5 but head is 6
2026-09-30 07:55:28.726 UTC [1557] CONTEXT:  PL/pgSQL function correct_fact(text,timestamp with time zone,timestamp with time zone,jsonb,integer) line 24 at RAISE
2026-09-30 07:55:28.726 UTC [1557] STATEMENT:  SELECT correct_fact('stress', '2026-09-21T10:00:00+00:00'::timestamptz, '2026-09-21T12:00:00+00:00'::timestamptz, '{"v": 6}'::jsonb, 5)
2026-09-30 07:55:28.726 UTC [1556] ERROR:  expected revision 5 but head is 6
2026-09-30 07:55:28.726 UTC [1556] CONTEXT:  PL/pgSQL function correct_fact(text,timestamp with time zone,timestamp with time zone,jsonb,integer) line 24 at RAISE
2026-09-30 07:55:28.726 UTC [1556] STATEMENT:  SELECT correct_fact('stress', '2026-09-21T10:00:00+00:00'::timestamptz, '2026-09-21T12:00:00+00:00'::timestamptz, '{"v": 19}'::jsonb, 5)
2026-09-30 07:55:28.738 UTC [1560] ERROR:  expected revision 6 but head is 7
2026-09-30 07:55:28.738 UTC [1560] CONTEXT:  PL/pgSQL function correct_fact(text,timestamp with time zone,timestamp with time zone,jsonb,integer) line 24 at RAISE
2026-09-30 07:55:28.738 UTC [1560] STATEMENT:  SELECT correct_fact('stress', '2026-09-21T10:00:00+00:00'::timestamptz, '2026-09-21T12:00:00+00:00'::timestamptz, '{"v": 21}'::jsonb, 6)
2026-09-30 07:55:28.740 UTC [1552] ERROR:  expected revision 6 but head is 7
2026-09-30 07:55:28.740 UTC [1552] CONTEXT:  PL/pgSQL function correct_fact(text,timestamp with time zone,timestamp with time zone,jsonb,integer) line 24 at RAISE
2026-09-30 07:55:28.740 UTC [1552] STATEMENT:  SELECT correct_fact('stress', '2026-09-21T10:00:00+00:00'::timestamptz, '2026-09-21T12:00:00+00:00'::timestamptz, '{"v": 29}'::jsonb, 6)
2026-09-30 07:55:28.744 UTC [1559] ERROR:  expected revision 6 but head is 7
2026-09-30 07:55:28.744 UTC [1559] CONTEXT:  PL/pgSQL function correct_fact(text,timestamp with time zone,timestamp with time zone,jsonb,integer) line 24 at RAISE
2026-09-30 07:55:28.744 UTC [1559] STATEMENT:  SELECT correct_fact('stress', '2026-09-21T10:00:00+00:00'::timestamptz, '2026-09-21T12:00:00+00:00'::timestamptz, '{"v": 12}'::jsonb, 6)
2026-09-30 07:55:28.746 UTC [1565] ERROR:  expected revision 5 but head is 7
2026-09-30 07:55:28.746 UTC [1565] CONTEXT:  PL/pgSQL function correct_fact(text,timestamp with time zone,timestamp with time zone,jsonb,integer) line 24 at RAISE
2026-09-30 07:55:28.746 UTC [1565] STATEMENT:  SELECT correct_fact('stress', '2026-09-21T10:00:00+00:00'::timestamptz, '2026-09-21T12:00:00+00:00'::timestamptz, '{"v": 17}'::jsonb, 5)
2026-09-30 07:55:28.746 UTC [1563] ERROR:  expected revision 6 but head is 7
2026-09-30 07:55:28.746 UTC [1563] CONTEXT:  PL/pgSQL function correct_fact(text,timestamp with time zone,timestamp with time zone,jsonb,integer) line 24 at RAISE
2026-09-30 07:55:28.746 UTC [1563] STATEMENT:  SELECT correct_fact('stress', '2026-09-21T10:00:00+00:00'::timestamptz, '2026-09-21T12:00:00+00:00'::timestamptz, '{"v": 5}'::jsonb, 6)
2026-09-30 07:55:28.747 UTC [1562] ERROR:  expected revision 6 but head is 7
2026-09-30 07:55:28.747 UTC [1562] CONTEXT:  PL/pgSQL function correct_fact(text,timestamp with time zone,timestamp with time zone,jsonb,integer) line 24 at RAISE
2026-09-30 07:55:28.747 UTC [1562] STATEMENT:  SELECT correct_fact('stress', '2026-09-21T10:00:00+00:00'::timestamptz, '2026-09-21T12:00:00+00:00'::timestamptz, '{"v": 14}'::jsonb, 6)
2026-09-30 07:55:28.747 UTC [1560] ERROR:  expected revision 6 but head is 7
2026-09-30 07:55:28.747 UTC [1560] CONTEXT:  PL/pgSQL function correct_fact(text,timestamp with time zone,timestamp with time zone,jsonb,integer) line 24 at RAISE
2026-09-30 07:55:28.747 UTC [1560] STATEMENT:  SELECT correct_fact('stress', '2026-09-21T10:00:00+00:00'::timestamptz, '2026-09-21T12:00:00+00:00'::timestamptz, '{"v": 37}'::jsonb, 6)
2026-09-30 07:55:28.752 UTC [1563] ERROR:  expected revision 6 but head is 7
2026-09-30 07:55:28.752 UTC [1563] CONTEXT:  PL/pgSQL function correct_fact(text,timestamp with time zone,timestamp with time zone,jsonb,integer) line 24 at RAISE
2026-09-30 07:55:28.752 UTC [1563] STATEMENT:  SELECT correct_fact('stress', '2026-09-21T10:00:00+00:00'::timestamptz, '2026-09-21T12:00:00+00:00'::timestamptz, '{"v": 8}'::jsonb, 6)
2026-09-30 07:55:28.758 UTC [1563] ERROR:  expected revision 6 but head is 7
2026-09-30 07:55:28.758 UTC [1563] CONTEXT:  PL/pgSQL function correct_fact(text,timestamp with time zone,timestamp with time zone,jsonb,integer) line 24 at RAISE
2026-09-30 07:55:28.758 UTC [1563] STATEMENT:  SELECT correct_fact('stress', '2026-09-21T10:00:00+00:00'::timestamptz, '2026-09-21T12:00:00+00:00'::timestamptz, '{"v": 32}'::jsonb, 6)
2026-09-30 07:55:28.759 UTC [1563] ERROR:  expected revision 5 but head is 7
2026-09-30 07:55:28.759 UTC [1563] CONTEXT:  PL/pgSQL function correct_fact(text,timestamp with time zone,timestamp with time zone,jsonb,integer) line 24 at RAISE
2026-09-30 07:55:28.759 UTC [1563] STATEMENT:  SELECT correct_fact('stress', '2026-09-21T10:00:00+00:00'::timestamptz, '2026-09-21T12:00:00+00:00'::timestamptz, '{"v": 28}'::jsonb, 5)
2026-09-30 07:55:28.760 UTC [1567] ERROR:  expected revision 6 but head is 7
2026-09-30 07:55:28.760 UTC [1567] CONTEXT:  PL/pgSQL function correct_fact(text,timestamp with time zone,timestamp with time zone,jsonb,integer) line 24 at RAISE
2026-09-30 07:55:28.760 UTC [1567] STATEMENT:  SELECT correct_fact('stress', '2026-09-21T10:00:00+00:00'::timestamptz, '2026-09-21T12:00:00+00:00'::timestamptz, '{"v": 22}'::jsonb, 6)
2026-09-30 07:55:28.771 UTC [1568] ERROR:  expected revision 6 but head is 7
2026-09-30 07:55:28.771 UTC [1568] CONTEXT:  PL/pgSQL function correct_fact(text,timestamp with time zone,timestamp with time zone,jsonb,integer) line 24 at RAISE
2026-09-30 07:55:28.771 UTC [1568] STATEMENT:  SELECT correct_fact('stress', '2026-09-21T10:00:00+00:00'::timestamptz, '2026-09-21T12:00:00+00:00'::timestamptz, '{"v": 38}'::jsonb, 6)
2026-09-30 07:55:28.773 UTC [1568] ERROR:  expected revision 6 but head is 7
2026-09-30 07:55:28.773 UTC [1568] CONTEXT:  PL/pgSQL function correct_fact(text,timestamp with time zone,timestamp with time zone,jsonb,integer) line 24 at RAISE
2026-09-30 07:55:28.773 UTC [1568] STATEMENT:  SELECT correct_fact('stress', '2026-09-21T10:00:00+00:00'::timestamptz, '2026-09-21T12:00:00+00:00'::timestamptz, '{"v": 31}'::jsonb, 6)
2026-09-30 07:55:28.779 UTC [1570] ERROR:  expected revision 6 but head is 7
2026-09-30 07:55:28.779 UTC [1570] CONTEXT:  PL/pgSQL function correct_fact(text,timestamp with time zone,timestamp with time zone,jsonb,integer) line 24 at RAISE
2026-09-30 07:55:28.779 UTC [1570] STATEMENT:  SELECT correct_fact('stress', '2026-09-21T10:00:00+00:00'::timestamptz, '2026-09-21T12:00:00+00:00'::timestamptz, '{"v": 1}'::jsonb, 6)
2026-09-30 07:55:28.788 UTC [1572] ERROR:  expected revision 7 but head is 8
2026-09-30 07:55:28.788 UTC [1572] CONTEXT:  PL/pgSQL function correct_fact(text,timestamp with time zone,timestamp with time zone,jsonb,integer) line 24 at RAISE
2026-09-30 07:55:28.788 UTC [1572] STATEMENT:  SELECT correct_fact('stress', '2026-09-21T10:00:00+00:00'::timestamptz, '2026-09-21T12:00:00+00:00'::timestamptz, '{"v": 23}'::jsonb, 7)
2026-09-30 07:55:28.789 UTC [1573] ERROR:  expected revision 6 but head is 8
2026-09-30 07:55:28.789 UTC [1573] CONTEXT:  PL/pgSQL function correct_fact(text,timestamp with time zone,timestamp with time zone,jsonb,integer) line 24 at RAISE
2026-09-30 07:55:28.789 UTC [1573] STATEMENT:  SELECT correct_fact('stress', '2026-09-21T10:00:00+00:00'::timestamptz, '2026-09-21T12:00:00+00:00'::timestamptz, '{"v": 33}'::jsonb, 6)
2026-09-30 07:55:28.789 UTC [1570] ERROR:  expected revision 6 but head is 8
2026-09-30 07:55:28.789 UTC [1570] CONTEXT:  PL/pgSQL function correct_fact(text,timestamp with time zone,timestamp with time zone,jsonb,integer) line 24 at RAISE
2026-09-30 07:55:28.789 UTC [1570] STATEMENT:  SELECT correct_fact('stress', '2026-09-21T10:00:00+00:00'::timestamptz, '2026-09-21T12:00:00+00:00'::timestamptz, '{"v": 36}'::jsonb, 6)
2026-09-30 07:55:28.794 UTC [1568] ERROR:  expected revision 7 but head is 8
2026-09-30 07:55:28.794 UTC [1568] CONTEXT:  PL/pgSQL function correct_fact(text,timestamp with time zone,timestamp with time zone,jsonb,integer) line 24 at RAISE
2026-09-30 07:55:28.794 UTC [1568] STATEMENT:  SELECT correct_fact('stress', '2026-09-21T10:00:00+00:00'::timestamptz, '2026-09-21T12:00:00+00:00'::timestamptz, '{"v": 4}'::jsonb, 7)
2026-09-30 07:55:28.797 UTC [1576] ERROR:  expected revision 7 but head is 8
2026-09-30 07:55:28.797 UTC [1576] CONTEXT:  PL/pgSQL function correct_fact(text,timestamp with time zone,timestamp with time zone,jsonb,integer) line 24 at RAISE
2026-09-30 07:55:28.797 UTC [1576] STATEMENT:  SELECT correct_fact('stress', '2026-09-21T10:00:00+00:00'::timestamptz, '2026-09-21T12:00:00+00:00'::timestamptz, '{"v": 15}'::jsonb, 7)
2026-09-30 07:55:28.800 UTC [1568] ERROR:  expected revision 7 but head is 8
2026-09-30 07:55:28.800 UTC [1568] CONTEXT:  PL/pgSQL function correct_fact(text,timestamp with time zone,timestamp with time zone,jsonb,integer) line 24 at RAISE
2026-09-30 07:55:28.800 UTC [1568] STATEMENT:  SELECT correct_fact('stress', '2026-09-21T10:00:00+00:00'::timestamptz, '2026-09-21T12:00:00+00:00'::timestamptz, '{"v": 13}'::jsonb, 7)
2026-09-30 07:55:28.801 UTC [1568] ERROR:  expected revision 7 but head is 8
2026-09-30 07:55:28.801 UTC [1568] CONTEXT:  PL/pgSQL function correct_fact(text,timestamp with time zone,timestamp with time zone,jsonb,integer) line 24 at RAISE
2026-09-30 07:55:28.801 UTC [1568] STATEMENT:  SELECT correct_fact('stress', '2026-09-21T10:00:00+00:00'::timestamptz, '2026-09-21T12:00:00+00:00'::timestamptz, '{"v": 20}'::jsonb, 7)
2026-09-30 07:55:28.806 UTC [1568] ERROR:  expected revision 6 but head is 8
2026-09-30 07:55:28.806 UTC [1568] CONTEXT:  PL/pgSQL function correct_fact(text,timestamp with time zone,timestamp with time zone,jsonb,integer) line 24 at RAISE
2026-09-30 07:55:28.806 UTC [1568] STATEMENT:  SELECT correct_fact('stress', '2026-09-21T10:00:00+00:00'::timestamptz, '2026-09-21T12:00:00+00:00'::timestamptz, '{"v": 9}'::jsonb, 6)
2026-09-30 07:55:28.809 UTC [1568] ERROR:  expected revision 6 but head is 8
2026-09-30 07:55:28.809 UTC [1568] CONTEXT:  PL/pgSQL function correct_fact(text,timestamp with time zone,timestamp with time zone,jsonb,integer) line 24 at RAISE
2026-09-30 07:55:28.809 UTC [1568] STATEMENT:  SELECT correct_fact('stress', '2026-09-21T10:00:00+00:00'::timestamptz, '2026-09-21T12:00:00+00:00'::timestamptz, '{"v": 2}'::jsonb, 6)
2026-09-30 07:55:28.811 UTC [1577] ERROR:  expected revision 7 but head is 8
2026-09-30 07:55:28.811 UTC [1577] CONTEXT:  PL/pgSQL function correct_fact(text,timestamp with time zone,timestamp with time zone,jsonb,integer) line 24 at RAISE
2026-09-30 07:55:28.811 UTC [1577] STATEMENT:  SELECT correct_fact('stress', '2026-09-21T10:00:00+00:00'::timestamptz, '2026-09-21T12:00:00+00:00'::timestamptz, '{"v": 0}'::jsonb, 7)
2026-09-30 07:55:28.812 UTC [1578] ERROR:  expected revision 6 but head is 8
2026-09-30 07:55:28.812 UTC [1578] CONTEXT:  PL/pgSQL function correct_fact(text,timestamp with time zone,timestamp with time zone,jsonb,integer) line 24 at RAISE
2026-09-30 07:55:28.812 UTC [1578] STATEMENT:  SELECT correct_fact('stress', '2026-09-21T10:00:00+00:00'::timestamptz, '2026-09-21T12:00:00+00:00'::timestamptz, '{"v": 7}'::jsonb, 6)
2026-09-30 07:55:28.814 UTC [1579] ERROR:  expected revision 7 but head is 8
2026-09-30 07:55:28.814 UTC [1579] CONTEXT:  PL/pgSQL function correct_fact(text,timestamp with time zone,timestamp with time zone,jsonb,integer) line 24 at RAISE
2026-09-30 07:55:28.814 UTC [1579] STATEMENT:  SELECT correct_fact('stress', '2026-09-21T10:00:00+00:00'::timestamptz, '2026-09-21T12:00:00+00:00'::timestamptz, '{"v": 6}'::jsonb, 7)
2026-09-30 07:55:28.815 UTC [1568] ERROR:  expected revision 7 but head is 8
2026-09-30 07:55:28.815 UTC [1568] CONTEXT:  PL/pgSQL function correct_fact(text,timestamp with time zone,timestamp with time zone,jsonb,integer) line 24 at RAISE
2026-09-30 07:55:28.815 UTC [1568] STATEMENT:  SELECT correct_fact('stress', '2026-09-21T10:00:00+00:00'::timestamptz, '2026-09-21T12:00:00+00:00'::timestamptz, '{"v": 10}'::jsonb, 7)
2026-09-30 07:55:28.819 UTC [1579] ERROR:  expected revision 7 but head is 8
2026-09-30 07:55:28.819 UTC [1579] CONTEXT:  PL/pgSQL function correct_fact(text,timestamp with time zone,timestamp with time zone,jsonb,integer) line 24 at RAISE
2026-09-30 07:55:28.819 UTC [1579] STATEMENT:  SELECT correct_fact('stress', '2026-09-21T10:00:00+00:00'::timestamptz, '2026-09-21T12:00:00+00:00'::timestamptz, '{"v": 18}'::jsonb, 7)
2026-09-30 07:55:28.821 UTC [1579] ERROR:  expected revision 7 but head is 8
2026-09-30 07:55:28.821 UTC [1579] CONTEXT:  PL/pgSQL function correct_fact(text,timestamp with time zone,timestamp with time zone,jsonb,integer) line 24 at RAISE
2026-09-30 07:55:28.821 UTC [1579] STATEMENT:  SELECT correct_fact('stress', '2026-09-21T10:00:00+00:00'::timestamptz, '2026-09-21T12:00:00+00:00'::timestamptz, '{"v": 27}'::jsonb, 7)
2026-09-30 07:55:28.841 UTC [1581] ERROR:  expected revision 8 but head is 9
2026-09-30 07:55:28.841 UTC [1581] CONTEXT:  PL/pgSQL function correct_fact(text,timestamp with time zone,timestamp with time zone,jsonb,integer) line 24 at RAISE
2026-09-30 07:55:28.841 UTC [1581] STATEMENT:  SELECT correct_fact('stress', '2026-09-21T10:00:00+00:00'::timestamptz, '2026-09-21T12:00:00+00:00'::timestamptz, '{"v": 37}'::jsonb, 8)
2026-09-30 07:55:28.843 UTC [1586] ERROR:  expected revision 7 but head is 9
2026-09-30 07:55:28.843 UTC [1586] CONTEXT:  PL/pgSQL function correct_fact(text,timestamp with time zone,timestamp with time zone,jsonb,integer) line 24 at RAISE
2026-09-30 07:55:28.843 UTC [1586] STATEMENT:  SELECT correct_fact('stress', '2026-09-21T10:00:00+00:00'::timestamptz, '2026-09-21T12:00:00+00:00'::timestamptz, '{"v": 17}'::jsonb, 7)
2026-09-30 07:55:28.843 UTC [1584] ERROR:  expected revision 7 but head is 9
2026-09-30 07:55:28.843 UTC [1584] CONTEXT:  PL/pgSQL function correct_fact(text,timestamp with time zone,timestamp with time zone,jsonb,integer) line 24 at RAISE
2026-09-30 07:55:28.843 UTC [1584] STATEMENT:  SELECT correct_fact('stress', '2026-09-21T10:00:00+00:00'::timestamptz, '2026-09-21T12:00:00+00:00'::timestamptz, '{"v": 29}'::jsonb, 7)
2026-09-30 07:55:28.844 UTC [1585] ERROR:  expected revision 6 but head is 9
2026-09-30 07:55:28.844 UTC [1585] CONTEXT:  PL/pgSQL function correct_fact(text,timestamp with time zone,timestamp with time zone,jsonb,integer) line 24 at RAISE
2026-09-30 07:55:28.844 UTC [1585] STATEMENT:  SELECT correct_fact('stress', '2026-09-21T10:00:00+00:00'::timestamptz, '2026-09-21T12:00:00+00:00'::timestamptz, '{"v": 25}'::jsonb, 6)
2026-09-30 07:55:28.846 UTC [1583] ERROR:  expected revision 8 but head is 9
2026-09-30 07:55:28.846 UTC [1583] CONTEXT:  PL/pgSQL function correct_fact(text,timestamp with time zone,timestamp with time zone,jsonb,integer) line 24 at RAISE
2026-09-30 07:55:28.846 UTC [1583] STATEMENT:  SELECT correct_fact('stress', '2026-09-21T10:00:00+00:00'::timestamptz, '2026-09-21T12:00:00+00:00'::timestamptz, '{"v": 30}'::jsonb, 8)
2026-09-30 07:55:28.846 UTC [1586] ERROR:  expected revision 8 but head is 9
2026-09-30 07:55:28.846 UTC [1586] CONTEXT:  PL/pgSQL function correct_fact(text,timestamp with time zone,timestamp with time zone,jsonb,integer) line 24 at RAISE
2026-09-30 07:55:28.846 UTC [1586] STATEMENT:  SELECT correct_fact('stress', '2026-09-21T10:00:00+00:00'::timestamptz, '2026-09-21T12:00:00+00:00'::timestamptz, '{"v": 38}'::jsonb, 8)
2026-09-30 07:55:28.847 UTC [1588] ERROR:  expected revision 8 but head is 9
2026-09-30 07:55:28.847 UTC [1588] CONTEXT:  PL/pgSQL function correct_fact(text,timestamp with time zone,timestamp with time zone,jsonb,integer) line 24 at RAISE
2026-09-30 07:55:28.847 UTC [1588] STATEMENT:  SELECT correct_fact('stress', '2026-09-21T10:00:00+00:00'::timestamptz, '2026-09-21T12:00:00+00:00'::timestamptz, '{"v": 12}'::jsonb, 8)
2026-09-30 07:55:28.849 UTC [1589] ERROR:  expected revision 8 but head is 9
2026-09-30 07:55:28.849 UTC [1589] CONTEXT:  PL/pgSQL function correct_fact(text,timestamp with time zone,timestamp with time zone,jsonb,integer) line 24 at RAISE
2026-09-30 07:55:28.849 UTC [1589] STATEMENT:  SELECT correct_fact('stress', '2026-09-21T10:00:00+00:00'::timestamptz, '2026-09-21T12:00:00+00:00'::timestamptz, '{"v": 21}'::jsonb, 8)
2026-09-30 07:55:28.860 UTC [1586] ERROR:  expected revision 7 but head is 9
2026-09-30 07:55:28.860 UTC [1586] CONTEXT:  PL/pgSQL function correct_fact(text,timestamp with time zone,timestamp with time zone,jsonb,integer) line 24 at RAISE
2026-09-30 07:55:28.860 UTC [1586] STATEMENT:  SELECT correct_fact('stress', '2026-09-21T10:00:00+00:00'::timestamptz, '2026-09-21T12:00:00+00:00'::timestamptz, '{"v": 19}'::jsonb, 7)
2026-09-30 07:55:28.876 UTC [1591] ERROR:  expected revision 8 but head is 9
2026-09-30 07:55:28.876 UTC [1591] CONTEXT:  PL/pgSQL function correct_fact(text,timestamp with time zone,timestamp with time zone,jsonb,integer) line 24 at RAISE
2026-09-30 07:55:28.876 UTC [1591] STATEMENT:  SELECT correct_fact('stress', '2026-09-21T10:00:00+00:00'::timestamptz, '2026-09-21T12:00:00+00:00'::timestamptz, '{"v": 8}'::jsonb, 8)
2026-09-30 07:55:28.876 UTC [1595] ERROR:  expected revision 7 but head is 9
2026-09-30 07:55:28.876 UTC [1595] CONTEXT:  PL/pgSQL function correct_fact(text,timestamp with time zone,timestamp with time zone,jsonb,integer) line 24 at RAISE
2026-09-30 07:55:28.876 UTC [1595] STATEMENT:  SELECT correct_fact('stress', '2026-09-21T10:00:00+00:00'::timestamptz, '2026-09-21T12:00:00+00:00'::timestamptz, '{"v": 16}'::jsonb, 7)
2026-09-30 07:55:28.877 UTC [1594] ERROR:  expected revision 8 but head is 9
2026-09-30 07:55:28.877 UTC [1594] CONTEXT:  PL/pgSQL function correct_fact(text,timestamp with time zone,timestamp with time zone,jsonb,integer) line 24 at RAISE
2026-09-30 07:55:28.877 UTC [1594] STATEMENT:  SELECT correct_fact('stress', '2026-09-21T10:00:00+00:00'::timestamptz, '2026-09-21T12:00:00+00:00'::timestamptz, '{"v": 31}'::jsonb, 8)
2026-09-30 07:55:28.879 UTC [1593] ERROR:  expected revision 8 but head is 9
2026-09-30 07:55:28.879 UTC [1593] CONTEXT:  PL/pgSQL function correct_fact(text,timestamp with time zone,timestamp with time zone,jsonb,integer) line 24 at RAISE
2026-09-30 07:55:28.879 UTC [1593] STATEMENT:  SELECT correct_fact('stress', '2026-09-21T10:00:00+00:00'::timestamptz, '2026-09-21T12:00:00+00:00'::timestamptz, '{"v": 28}'::jsonb, 8)
2026-09-30 07:55:28.887 UTC [1597] ERROR:  expected revision 8 but head is 10
2026-09-30 07:55:28.887 UTC [1597] CONTEXT:  PL/pgSQL function correct_fact(text,timestamp with time zone,timestamp with time zone,jsonb,integer) line 24 at RAISE
2026-09-30 07:55:28.887 UTC [1597] STATEMENT:  SELECT correct_fact('stress', '2026-09-21T10:00:00+00:00'::timestamptz, '2026-09-21T12:00:00+00:00'::timestamptz, '{"v": 5}'::jsonb, 8)
2026-09-30 07:55:28.889 UTC [1598] ERROR:  expected revision 8 but head is 10
2026-09-30 07:55:28.889 UTC [1598] CONTEXT:  PL/pgSQL function correct_fact(text,timestamp with time zone,timestamp with time zone,jsonb,integer) line 24 at RAISE
2026-09-30 07:55:28.889 UTC [1598] STATEMENT:  SELECT correct_fact('stress', '2026-09-21T10:00:00+00:00'::timestamptz, '2026-09-21T12:00:00+00:00'::timestamptz, '{"v": 1}'::jsonb, 8)
2026-09-30 07:55:28.894 UTC [1591] ERROR:  expected revision 8 but head is 10
2026-09-30 07:55:28.894 UTC [1591] CONTEXT:  PL/pgSQL function correct_fact(text,timestamp with time zone,timestamp with time zone,jsonb,integer) line 24 at RAISE
2026-09-30 07:55:28.894 UTC [1591] STATEMENT:  SELECT correct_fact('stress', '2026-09-21T10:00:00+00:00'::timestamptz, '2026-09-21T12:00:00+00:00'::timestamptz, '{"v": 23}'::jsonb, 8)
2026-09-30 07:55:28.895 UTC [1591] ERROR:  expected revision 9 but head is 10
2026-09-30 07:55:28.895 UTC [1591] CONTEXT:  PL/pgSQL function correct_fact(text,timestamp with time zone,timestamp with time zone,jsonb,integer) line 24 at RAISE
2026-09-30 07:55:28.895 UTC [1591] STATEMENT:  SELECT correct_fact('stress', '2026-09-21T10:00:00+00:00'::timestamptz, '2026-09-21T12:00:00+00:00'::timestamptz, '{"v": 9}'::jsonb, 9)
2026-09-30 07:55:28.897 UTC [1591] ERROR:  expected revision 9 but head is 10
2026-09-30 07:55:28.897 UTC [1591] CONTEXT:  PL/pgSQL function correct_fact(text,timestamp with time zone,timestamp with time zone,jsonb,integer) line 24 at RAISE
2026-09-30 07:55:28.897 UTC [1591] STATEMENT:  SELECT correct_fact('stress', '2026-09-21T10:00:00+00:00'::timestamptz, '2026-09-21T12:00:00+00:00'::timestamptz, '{"v": 20}'::jsonb, 9)
2026-09-30 07:55:28.901 UTC [1591] ERROR:  expected revision 9 but head is 10
2026-09-30 07:55:28.901 UTC [1591] CONTEXT:  PL/pgSQL function correct_fact(text,timestamp with time zone,timestamp with time zone,jsonb,integer) line 24 at RAISE
2026-09-30 07:55:28.901 UTC [1591] STATEMENT:  SELECT correct_fact('stress', '2026-09-21T10:00:00+00:00'::timestamptz, '2026-09-21T12:00:00+00:00'::timestamptz, '{"v": 33}'::jsonb, 9)
2026-09-30 07:55:28.903 UTC [1591] ERROR:  expected revision 8 but head is 10
2026-09-30 07:55:28.903 UTC [1591] CONTEXT:  PL/pgSQL function correct_fact(text,timestamp with time zone,timestamp with time zone,jsonb,integer) line 24 at RAISE
2026-09-30 07:55:28.903 UTC [1591] STATEMENT:  SELECT correct_fact('stress', '2026-09-21T10:00:00+00:00'::timestamptz, '2026-09-21T12:00:00+00:00'::timestamptz, '{"v": 32}'::jsonb, 8)
2026-09-30 07:55:28.905 UTC [1591] ERROR:  expected revision 9 but head is 10
2026-09-30 07:55:28.905 UTC [1591] CONTEXT:  PL/pgSQL function correct_fact(text,timestamp with time zone,timestamp with time zone,jsonb,integer) line 24 at RAISE
2026-09-30 07:55:28.905 UTC [1591] STATEMENT:  SELECT correct_fact('stress', '2026-09-21T10:00:00+00:00'::timestamptz, '2026-09-21T12:00:00+00:00'::timestamptz, '{"v": 6}'::jsonb, 9)
2026-09-30 07:55:28.908 UTC [1600] ERROR:  expected revision 9 but head is 10
2026-09-30 07:55:28.908 UTC [1600] CONTEXT:  PL/pgSQL function correct_fact(text,timestamp with time zone,timestamp with time zone,jsonb,integer) line 24 at RAISE
2026-09-30 07:55:28.908 UTC [1600] STATEMENT:  SELECT correct_fact('stress', '2026-09-21T10:00:00+00:00'::timestamptz, '2026-09-21T12:00:00+00:00'::timestamptz, '{"v": 15}'::jsonb, 9)
2026-09-30 07:55:28.908 UTC [1591] ERROR:  expected revision 9 but head is 10
2026-09-30 07:55:28.908 UTC [1591] CONTEXT:  PL/pgSQL function correct_fact(text,timestamp with time zone,timestamp with time zone,jsonb,integer) line 24 at RAISE
2026-09-30 07:55:28.908 UTC [1591] STATEMENT:  SELECT correct_fact('stress', '2026-09-21T10:00:00+00:00'::timestamptz, '2026-09-21T12:00:00+00:00'::timestamptz, '{"v": 10}'::jsonb, 9)
2026-09-30 07:55:28.915 UTC [1591] ERROR:  expected revision 9 but head is 10
2026-09-30 07:55:28.915 UTC [1591] CONTEXT:  PL/pgSQL function correct_fact(text,timestamp with time zone,timestamp with time zone,jsonb,integer) line 24 at RAISE
2026-09-30 07:55:28.915 UTC [1591] STATEMENT:  SELECT correct_fact('stress', '2026-09-21T10:00:00+00:00'::timestamptz, '2026-09-21T12:00:00+00:00'::timestamptz, '{"v": 0}'::jsonb, 9)
2026-09-30 07:55:28.921 UTC [1601] ERROR:  expected revision 9 but head is 10
2026-09-30 07:55:28.921 UTC [1601] CONTEXT:  PL/pgSQL function correct_fact(text,timestamp with time zone,timestamp with time zone,jsonb,integer) line 24 at RAISE
2026-09-30 07:55:28.921 UTC [1601] STATEMENT:  SELECT correct_fact('stress', '2026-09-21T10:00:00+00:00'::timestamptz, '2026-09-21T12:00:00+00:00'::timestamptz, '{"v": 18}'::jsonb, 9)
2026-09-30 07:55:28.925 UTC [1602] ERROR:  expected revision 9 but head is 10
2026-09-30 07:55:28.925 UTC [1602] CONTEXT:  PL/pgSQL function correct_fact(text,timestamp with time zone,timestamp with time zone,jsonb,integer) line 24 at RAISE
2026-09-30 07:55:28.925 UTC [1602] STATEMENT:  SELECT correct_fact('stress', '2026-09-21T10:00:00+00:00'::timestamptz, '2026-09-21T12:00:00+00:00'::timestamptz, '{"v": 36}'::jsonb, 9)
2026-09-30 07:55:28.928 UTC [1605] ERROR:  expected revision 9 but head is 10
2026-09-30 07:55:28.928 UTC [1605] CONTEXT:  PL/pgSQL function correct_fact(text,timestamp with time zone,timestamp with time zone,jsonb,integer) line 24 at RAISE
2026-09-30 07:55:28.928 UTC [1605] STATEMENT:  SELECT correct_fact('stress', '2026-09-21T10:00:00+00:00'::timestamptz, '2026-09-21T12:00:00+00:00'::timestamptz, '{"v": 17}'::jsonb, 9)
2026-09-30 07:55:28.930 UTC [1606] ERROR:  expected revision 8 but head is 10
2026-09-30 07:55:28.930 UTC [1606] CONTEXT:  PL/pgSQL function correct_fact(text,timestamp with time zone,timestamp with time zone,jsonb,integer) line 24 at RAISE
2026-09-30 07:55:28.930 UTC [1606] STATEMENT:  SELECT correct_fact('stress', '2026-09-21T10:00:00+00:00'::timestamptz, '2026-09-21T12:00:00+00:00'::timestamptz, '{"v": 4}'::jsonb, 8)
2026-09-30 07:55:28.930 UTC [1601] ERROR:  expected revision 9 but head is 10
2026-09-30 07:55:28.930 UTC [1601] CONTEXT:  PL/pgSQL function correct_fact(text,timestamp with time zone,timestamp with time zone,jsonb,integer) line 24 at RAISE
2026-09-30 07:55:28.930 UTC [1601] STATEMENT:  SELECT correct_fact('stress', '2026-09-21T10:00:00+00:00'::timestamptz, '2026-09-21T12:00:00+00:00'::timestamptz, '{"v": 22}'::jsonb, 9)
2026-09-30 07:55:28.937 UTC [1605] ERROR:  expected revision 9 but head is 11
2026-09-30 07:55:28.937 UTC [1605] CONTEXT:  PL/pgSQL function correct_fact(text,timestamp with time zone,timestamp with time zone,jsonb,integer) line 24 at RAISE
2026-09-30 07:55:28.937 UTC [1605] STATEMENT:  SELECT correct_fact('stress', '2026-09-21T10:00:00+00:00'::timestamptz, '2026-09-21T12:00:00+00:00'::timestamptz, '{"v": 12}'::jsonb, 9)
2026-09-30 07:55:28.942 UTC [1605] ERROR:  expected revision 9 but head is 11
2026-09-30 07:55:28.942 UTC [1605] CONTEXT:  PL/pgSQL function correct_fact(text,timestamp with time zone,timestamp with time zone,jsonb,integer) line 24 at RAISE
2026-09-30 07:55:28.942 UTC [1605] STATEMENT:  SELECT correct_fact('stress', '2026-09-21T10:00:00+00:00'::timestamptz, '2026-09-21T12:00:00+00:00'::timestamptz, '{"v": 7}'::jsonb, 9)
2026-09-30 07:55:28.943 UTC [1610] ERROR:  expected revision 9 but head is 11
2026-09-30 07:55:28.943 UTC [1610] CONTEXT:  PL/pgSQL function correct_fact(text,timestamp with time zone,timestamp with time zone,jsonb,integer) line 24 at RAISE
2026-09-30 07:55:28.943 UTC [1610] STATEMENT:  SELECT correct_fact('stress', '2026-09-21T10:00:00+00:00'::timestamptz, '2026-09-21T12:00:00+00:00'::timestamptz, '{"v": 37}'::jsonb, 9)
2026-09-30 07:55:28.944 UTC [1605] ERROR:  expected revision 10 but head is 11
2026-09-30 07:55:28.944 UTC [1605] CONTEXT:  PL/pgSQL function correct_fact(text,timestamp with time zone,timestamp with time zone,jsonb,integer) line 24 at RAISE
2026-09-30 07:55:28.944 UTC [1605] STATEMENT:  SELECT correct_fact('stress', '2026-09-21T10:00:00+00:00'::timestamptz, '2026-09-21T12:00:00+00:00'::timestamptz, '{"v": 25}'::jsonb, 10)
2026-09-30 07:55:28.961 UTC [1612] ERROR:  expected revision 10 but head is 11
2026-09-30 07:55:28.961 UTC [1612] CONTEXT:  PL/pgSQL function correct_fact(text,timestamp with time zone,timestamp with time zone,jsonb,integer) line 24 at RAISE
2026-09-30 07:55:28.961 UTC [1612] STATEMENT:  SELECT correct_fact('stress', '2026-09-21T10:00:00+00:00'::timestamptz, '2026-09-21T12:00:00+00:00'::timestamptz, '{"v": 16}'::jsonb, 10)
2026-09-30 07:55:28.962 UTC [1610] ERROR:  expected revision 10 but head is 11
2026-09-30 07:55:28.962 UTC [1610] CONTEXT:  PL/pgSQL function correct_fact(text,timestamp with time zone,timestamp with time zone,jsonb,integer) line 24 at RAISE
2026-09-30 07:55:28.962 UTC [1610] STATEMENT:  SELECT correct_fact('stress', '2026-09-21T10:00:00+00:00'::timestamptz, '2026-09-21T12:00:00+00:00'::timestamptz, '{"v": 19}'::jsonb, 10)
2026-09-30 07:55:28.965 UTC [1612] ERROR:  expected revision 10 but head is 11
2026-09-30 07:55:28.965 UTC [1612] CONTEXT:  PL/pgSQL function correct_fact(text,timestamp with time zone,timestamp with time zone,jsonb,integer) line 24 at RAISE
2026-09-30 07:55:28.965 UTC [1612] STATEMENT:  SELECT correct_fact('stress', '2026-09-21T10:00:00+00:00'::timestamptz, '2026-09-21T12:00:00+00:00'::timestamptz, '{"v": 27}'::jsonb, 10)
2026-09-30 07:55:28.971 UTC [1612] ERROR:  expected revision 10 but head is 11
2026-09-30 07:55:28.971 UTC [1612] CONTEXT:  PL/pgSQL function correct_fact(text,timestamp with time zone,timestamp with time zone,jsonb,integer) line 24 at RAISE
2026-09-30 07:55:28.971 UTC [1612] STATEMENT:  SELECT correct_fact('stress', '2026-09-21T10:00:00+00:00'::timestamptz, '2026-09-21T12:00:00+00:00'::timestamptz, '{"v": 9}'::jsonb, 10)
2026-09-30 07:55:28.986 UTC [1614] ERROR:  expected revision 11 but head is 12
2026-09-30 07:55:28.986 UTC [1614] CONTEXT:  PL/pgSQL function correct_fact(text,timestamp with time zone,timestamp with time zone,jsonb,integer) line 24 at RAISE
2026-09-30 07:55:28.986 UTC [1614] STATEMENT:  SELECT correct_fact('stress', '2026-09-21T10:00:00+00:00'::timestamptz, '2026-09-21T12:00:00+00:00'::timestamptz, '{"v": 10}'::jsonb, 11)
2026-09-30 07:55:28.987 UTC [1616] ERROR:  expected revision 11 but head is 12
2026-09-30 07:55:28.987 UTC [1616] CONTEXT:  PL/pgSQL function correct_fact(text,timestamp with time zone,timestamp with time zone,jsonb,integer) line 24 at RAISE
2026-09-30 07:55:28.987 UTC [1616] STATEMENT:  SELECT correct_fact('stress', '2026-09-21T10:00:00+00:00'::timestamptz, '2026-09-21T12:00:00+00:00'::timestamptz, '{"v": 23}'::jsonb, 11)
2026-09-30 07:55:28.989 UTC [1616] ERROR:  expected revision 11 but head is 12
2026-09-30 07:55:28.989 UTC [1616] CONTEXT:  PL/pgSQL function correct_fact(text,timestamp with time zone,timestamp with time zone,jsonb,integer) line 24 at RAISE
2026-09-30 07:55:28.989 UTC [1616] STATEMENT:  SELECT correct_fact('stress', '2026-09-21T10:00:00+00:00'::timestamptz, '2026-09-21T12:00:00+00:00'::timestamptz, '{"v": 1}'::jsonb, 11)
2026-09-30 07:55:28.991 UTC [1617] ERROR:  expected revision 11 but head is 12
2026-09-30 07:55:28.991 UTC [1617] CONTEXT:  PL/pgSQL function correct_fact(text,timestamp with time zone,timestamp with time zone,jsonb,integer) line 24 at RAISE
2026-09-30 07:55:28.991 UTC [1617] STATEMENT:  SELECT correct_fact('stress', '2026-09-21T10:00:00+00:00'::timestamptz, '2026-09-21T12:00:00+00:00'::timestamptz, '{"v": 31}'::jsonb, 11)
2026-09-30 07:55:28.995 UTC [1618] ERROR:  expected revision 11 but head is 12
2026-09-30 07:55:28.995 UTC [1618] CONTEXT:  PL/pgSQL function correct_fact(text,timestamp with time zone,timestamp with time zone,jsonb,integer) line 24 at RAISE
2026-09-30 07:55:28.995 UTC [1618] STATEMENT:  SELECT correct_fact('stress', '2026-09-21T10:00:00+00:00'::timestamptz, '2026-09-21T12:00:00+00:00'::timestamptz, '{"v": 29}'::jsonb, 11)
2026-09-30 07:55:28.995 UTC [1614] ERROR:  expected revision 10 but head is 12
2026-09-30 07:55:28.995 UTC [1614] CONTEXT:  PL/pgSQL function correct_fact(text,timestamp with time zone,timestamp with time zone,jsonb,integer) line 24 at RAISE
2026-09-30 07:55:28.995 UTC [1614] STATEMENT:  SELECT correct_fact('stress', '2026-09-21T10:00:00+00:00'::timestamptz, '2026-09-21T12:00:00+00:00'::timestamptz, '{"v": 38}'::jsonb, 10)
2026-09-30 07:55:28.999 UTC [1617] ERROR:  expected revision 11 but head is 12
2026-09-30 07:55:28.999 UTC [1617] CONTEXT:  PL/pgSQL function correct_fact(text,timestamp with time zone,timestamp with time zone,jsonb,integer) line 24 at RAISE
2026-09-30 07:55:28.999 UTC [1617] STATEMENT:  SELECT correct_fact('stress', '2026-09-21T10:00:00+00:00'::timestamptz, '2026-09-21T12:00:00+00:00'::timestamptz, '{"v": 0}'::jsonb, 11)
2026-09-30 07:55:29.003 UTC [1617] ERROR:  expected revision 11 but head is 12
2026-09-30 07:55:29.003 UTC [1617] CONTEXT:  PL/pgSQL function correct_fact(text,timestamp with time zone,timestamp with time zone,jsonb,integer) line 24 at RAISE
2026-09-30 07:55:29.003 UTC [1617] STATEMENT:  SELECT correct_fact('stress', '2026-09-21T10:00:00+00:00'::timestamptz, '2026-09-21T12:00:00+00:00'::timestamptz, '{"v": 17}'::jsonb, 11)
2026-09-30 07:55:29.008 UTC [1623] ERROR:  expected revision 11 but head is 12
2026-09-30 07:55:29.008 UTC [1623] CONTEXT:  PL/pgSQL function correct_fact(text,timestamp with time zone,timestamp with time zone,jsonb,integer) line 24 at RAISE
2026-09-30 07:55:29.008 UTC [1623] STATEMENT:  SELECT correct_fact('stress', '2026-09-21T10:00:00+00:00'::timestamptz, '2026-09-21T12:00:00+00:00'::timestamptz, '{"v": 20}'::jsonb, 11)
2026-09-30 07:55:29.009 UTC [1617] ERROR:  expected revision 11 but head is 12
2026-09-30 07:55:29.009 UTC [1617] CONTEXT:  PL/pgSQL function correct_fact(text,timestamp with time zone,timestamp with time zone,jsonb,integer) line 24 at RAISE
2026-09-30 07:55:29.009 UTC [1617] STATEMENT:  SELECT correct_fact('stress', '2026-09-21T10:00:00+00:00'::timestamptz, '2026-09-21T12:00:00+00:00'::timestamptz, '{"v": 6}'::jsonb, 11)
2026-09-30 07:55:29.010 UTC [1621] ERROR:  expected revision 10 but head is 12
2026-09-30 07:55:29.010 UTC [1621] CONTEXT:  PL/pgSQL function correct_fact(text,timestamp with time zone,timestamp with time zone,jsonb,integer) line 24 at RAISE
2026-09-30 07:55:29.010 UTC [1621] STATEMENT:  SELECT correct_fact('stress', '2026-09-21T10:00:00+00:00'::timestamptz, '2026-09-21T12:00:00+00:00'::timestamptz, '{"v": 2}'::jsonb, 10)
2026-09-30 07:55:29.014 UTC [1624] ERROR:  expected revision 10 but head is 12
2026-09-30 07:55:29.014 UTC [1624] CONTEXT:  PL/pgSQL function correct_fact(text,timestamp with time zone,timestamp with time zone,jsonb,integer) line 24 at RAISE
2026-09-30 07:55:29.014 UTC [1624] STATEMENT:  SELECT correct_fact('stress', '2026-09-21T10:00:00+00:00'::timestamptz, '2026-09-21T12:00:00+00:00'::timestamptz, '{"v": 5}'::jsonb, 10)
2026-09-30 07:55:29.017 UTC [1626] ERROR:  expected revision 11 but head is 12
2026-09-30 07:55:29.017 UTC [1626] CONTEXT:  PL/pgSQL function correct_fact(text,timestamp with time zone,timestamp with time zone,jsonb,integer) line 24 at RAISE
2026-09-30 07:55:29.017 UTC [1626] STATEMENT:  SELECT correct_fact('stress', '2026-09-21T10:00:00+00:00'::timestamptz, '2026-09-21T12:00:00+00:00'::timestamptz, '{"v": 12}'::jsonb, 11)
2026-09-30 07:55:29.025 UTC [1627] ERROR:  expected revision 11 but head is 13
2026-09-30 07:55:29.025 UTC [1627] CONTEXT:  PL/pgSQL function correct_fact(text,timestamp with time zone,timestamp with time zone,jsonb,integer) line 24 at RAISE
2026-09-30 07:55:29.025 UTC [1627] STATEMENT:  SELECT correct_fact('stress', '2026-09-21T10:00:00+00:00'::timestamptz, '2026-09-21T12:00:00+00:00'::timestamptz, '{"v": 37}'::jsonb, 11)
2026-09-30 07:55:29.025 UTC [1617] ERROR:  expected revision 11 but head is 13
2026-09-30 07:55:29.025 UTC [1617] CONTEXT:  PL/pgSQL function correct_fact(text,timestamp with time zone,timestamp with time zone,jsonb,integer) line 24 at RAISE
2026-09-30 07:55:29.025 UTC [1617] STATEMENT:  SELECT correct_fact('stress', '2026-09-21T10:00:00+00:00'::timestamptz, '2026-09-21T12:00:00+00:00'::timestamptz, '{"v": 7}'::jsonb, 11)
2026-09-30 07:55:29.032 UTC [1630] ERROR:  expected revision 10 but head is 13
2026-09-30 07:55:29.032 UTC [1630] CONTEXT:  PL/pgSQL function correct_fact(text,timestamp with time zone,timestamp with time zone,jsonb,integer) line 24 at RAISE
2026-09-30 07:55:29.032 UTC [1630] STATEMENT:  SELECT correct_fact('stress', '2026-09-21T10:00:00+00:00'::timestamptz, '2026-09-21T12:00:00+00:00'::timestamptz, '{"v": 30}'::jsonb, 10)
2026-09-30 07:55:29.037 UTC [1617] ERROR:  expected revision 12 but head is 13
2026-09-30 07:55:29.037 UTC [1617] CONTEXT:  PL/pgSQL function correct_fact(text,timestamp with time zone,timestamp with time zone,jsonb,integer) line 24 at RAISE
2026-09-30 07:55:29.037 UTC [1617] STATEMENT:  SELECT correct_fact('stress', '2026-09-21T10:00:00+00:00'::timestamptz, '2026-09-21T12:00:00+00:00'::timestamptz, '{"v": 9}'::jsonb, 12)
2026-09-30 07:55:29.042 UTC [1629] ERROR:  expected revision 11 but head is 13
2026-09-30 07:55:29.042 UTC [1629] CONTEXT:  PL/pgSQL function correct_fact(text,timestamp with time zone,timestamp with time zone,jsonb,integer) line 24 at RAISE
2026-09-30 07:55:29.042 UTC [1629] STATEMENT:  SELECT correct_fact('stress', '2026-09-21T10:00:00+00:00'::timestamptz, '2026-09-21T12:00:00+00:00'::timestamptz, '{"v": 36}'::jsonb, 11)
2026-09-30 07:55:29.045 UTC [1617] ERROR:  expected revision 12 but head is 13
2026-09-30 07:55:29.045 UTC [1617] CONTEXT:  PL/pgSQL function correct_fact(text,timestamp with time zone,timestamp with time zone,jsonb,integer) line 24 at RAISE
2026-09-30 07:55:29.045 UTC [1617] STATEMENT:  SELECT correct_fact('stress', '2026-09-21T10:00:00+00:00'::timestamptz, '2026-09-21T12:00:00+00:00'::timestamptz, '{"v": 33}'::jsonb, 12)
2026-09-30 07:55:29.049 UTC [1617] ERROR:  expected revision 12 but head is 13
2026-09-30 07:55:29.049 UTC [1617] CONTEXT:  PL/pgSQL function correct_fact(text,timestamp with time zone,timestamp with time zone,jsonb,integer) line 24 at RAISE
2026-09-30 07:55:29.049 UTC [1617] STATEMENT:  SELECT correct_fact('stress', '2026-09-21T10:00:00+00:00'::timestamptz, '2026-09-21T12:00:00+00:00'::timestamptz, '{"v": 16}'::jsonb, 12)
2026-09-30 07:55:29.056 UTC [1632] ERROR:  expected revision 11 but head is 13
2026-09-30 07:55:29.056 UTC [1632] CONTEXT:  PL/pgSQL function correct_fact(text,timestamp with time zone,timestamp with time zone,jsonb,integer) line 24 at RAISE
2026-09-30 07:55:29.056 UTC [1632] STATEMENT:  SELECT correct_fact('stress', '2026-09-21T10:00:00+00:00'::timestamptz, '2026-09-21T12:00:00+00:00'::timestamptz, '{"v": 32}'::jsonb, 11)
2026-09-30 07:55:29.058 UTC [1634] ERROR:  expected revision 12 but head is 13
2026-09-30 07:55:29.058 UTC [1634] CONTEXT:  PL/pgSQL function correct_fact(text,timestamp with time zone,timestamp with time zone,jsonb,integer) line 24 at RAISE
2026-09-30 07:55:29.058 UTC [1634] STATEMENT:  SELECT correct_fact('stress', '2026-09-21T10:00:00+00:00'::timestamptz, '2026-09-21T12:00:00+00:00'::timestamptz, '{"v": 4}'::jsonb, 12)
2026-09-30 07:55:29.061 UTC [1617] ERROR:  expected revision 12 but head is 13
2026-09-30 07:55:29.061 UTC [1617] CONTEXT:  PL/pgSQL function correct_fact(text,timestamp with time zone,timestamp with time zone,jsonb,integer) line 24 at RAISE
2026-09-30 07:55:29.061 UTC [1617] STATEMENT:  SELECT correct_fact('stress', '2026-09-21T10:00:00+00:00'::timestamptz, '2026-09-21T12:00:00+00:00'::timestamptz, '{"v": 15}'::jsonb, 12)
2026-09-30 07:55:29.063 UTC [1634] ERROR:  expected revision 12 but head is 13
2026-09-30 07:55:29.063 UTC [1634] CONTEXT:  PL/pgSQL function correct_fact(text,timestamp with time zone,timestamp with time zone,jsonb,integer) line 24 at RAISE
2026-09-30 07:55:29.063 UTC [1634] STATEMENT:  SELECT correct_fact('stress', '2026-09-21T10:00:00+00:00'::timestamptz, '2026-09-21T12:00:00+00:00'::timestamptz, '{"v": 18}'::jsonb, 12)
2026-09-30 07:55:29.064 UTC [1637] ERROR:  expected revision 12 but head is 13
2026-09-30 07:55:29.064 UTC [1637] CONTEXT:  PL/pgSQL function correct_fact(text,timestamp with time zone,timestamp with time zone,jsonb,integer) line 24 at RAISE
2026-09-30 07:55:29.064 UTC [1637] STATEMENT:  SELECT correct_fact('stress', '2026-09-21T10:00:00+00:00'::timestamptz, '2026-09-21T12:00:00+00:00'::timestamptz, '{"v": 19}'::jsonb, 12)
2026-09-30 07:55:29.067 UTC [1636] ERROR:  expected revision 11 but head is 13
2026-09-30 07:55:29.067 UTC [1636] CONTEXT:  PL/pgSQL function correct_fact(text,timestamp with time zone,timestamp with time zone,jsonb,integer) line 24 at RAISE
2026-09-30 07:55:29.067 UTC [1636] STATEMENT:  SELECT correct_fact('stress', '2026-09-21T10:00:00+00:00'::timestamptz, '2026-09-21T12:00:00+00:00'::timestamptz, '{"v": 28}'::jsonb, 11)
2026-09-30 07:55:29.068 UTC [1617] ERROR:  expected revision 12 but head is 13
2026-09-30 07:55:29.068 UTC [1617] CONTEXT:  PL/pgSQL function correct_fact(text,timestamp with time zone,timestamp with time zone,jsonb,integer) line 24 at RAISE
2026-09-30 07:55:29.068 UTC [1617] STATEMENT:  SELECT correct_fact('stress', '2026-09-21T10:00:00+00:00'::timestamptz, '2026-09-21T12:00:00+00:00'::timestamptz, '{"v": 22}'::jsonb, 12)
2026-09-30 07:55:29.088 UTC [1633] ERROR:  expected revision 13 but head is 14
2026-09-30 07:55:29.088 UTC [1633] CONTEXT:  PL/pgSQL function correct_fact(text,timestamp with time zone,timestamp with time zone,jsonb,integer) line 24 at RAISE
2026-09-30 07:55:29.088 UTC [1633] STATEMENT:  SELECT correct_fact('stress', '2026-09-21T10:00:00+00:00'::timestamptz, '2026-09-21T12:00:00+00:00'::timestamptz, '{"v": 0}'::jsonb, 13)
2026-09-30 07:55:29.088 UTC [1639] ERROR:  expected revision 13 but head is 14
2026-09-30 07:55:29.088 UTC [1639] CONTEXT:  PL/pgSQL function correct_fact(text,timestamp with time zone,timestamp with time zone,jsonb,integer) line 24 at RAISE
2026-09-30 07:55:29.088 UTC [1639] STATEMENT:  SELECT correct_fact('stress', '2026-09-21T10:00:00+00:00'::timestamptz, '2026-09-21T12:00:00+00:00'::timestamptz, '{"v": 31}'::jsonb, 13)
2026-09-30 07:55:29.089 UTC [1633] ERROR:  expected revision 13 but head is 14
2026-09-30 07:55:29.089 UTC [1633] CONTEXT:  PL/pgSQL function correct_fact(text,timestamp with time zone,timestamp with time zone,jsonb,integer) line 24 at RAISE
2026-09-30 07:55:29.089 UTC [1633] STATEMENT:  SELECT correct_fact('stress', '2026-09-21T10:00:00+00:00'::timestamptz, '2026-09-21T12:00:00+00:00'::timestamptz, '{"v": 38}'::jsonb, 13)
2026-09-30 07:55:29.093 UTC [1644] ERROR:  expected revision 13 but head is 14
2026-09-30 07:55:29.093 UTC [1644] CONTEXT:  PL/pgSQL function correct_fact(text,timestamp with time zone,timestamp with time zone,jsonb,integer) line 24 at RAISE
2026-09-30 07:55:29.093 UTC [1644] STATEMENT:  SELECT correct_fact('stress', '2026-09-21T10:00:00+00:00'::timestamptz, '2026-09-21T12:00:00+00:00'::timestamptz, '{"v": 2}'::jsonb, 13)
2026-09-30 07:55:29.095 UTC [1634] ERROR:  expected revision 13 but head is 14
2026-09-30 07:55:29.095 UTC [1634] CONTEXT:  PL/pgSQL function correct_fact(text,timestamp with time zone,timestamp with time zone,jsonb,integer) line 24 at RAISE
2026-09-30 07:55:29.095 UTC [1634] STATEMENT:  SELECT correct_fact('stress', '2026-09-21T10:00:00+00:00'::timestamptz, '2026-09-21T12:00:00+00:00'::timestamptz, '{"v": 17}'::jsonb, 13)
2026-09-30 07:55:29.097 UTC [1640] ERROR:  expected revision 13 but head is 14
2026-09-30 07:55:29.097 UTC [1640] CONTEXT:  PL/pgSQL function correct_fact(text,timestamp with time zone,timestamp with time zone,jsonb,integer) line 24 at RAISE
2026-09-30 07:55:29.097 UTC [1640] STATEMENT:  SELECT correct_fact('stress', '2026-09-21T10:00:00+00:00'::timestamptz, '2026-09-21T12:00:00+00:00'::timestamptz, '{"v": 27}'::jsonb, 13)
2026-09-30 07:55:29.112 UTC [1643] ERROR:  expected revision 13 but head is 14
2026-09-30 07:55:29.112 UTC [1643] CONTEXT:  PL/pgSQL function correct_fact(text,timestamp with time zone,timestamp with time zone,jsonb,integer) line 24 at RAISE
2026-09-30 07:55:29.112 UTC [1643] STATEMENT:  SELECT correct_fact('stress', '2026-09-21T10:00:00+00:00'::timestamptz, '2026-09-21T12:00:00+00:00'::timestamptz, '{"v": 10}'::jsonb, 13)
2026-09-30 07:55:29.115 UTC [1641] ERROR:  expected revision 13 but head is 14
2026-09-30 07:55:29.115 UTC [1641] CONTEXT:  PL/pgSQL function correct_fact(text,timestamp with time zone,timestamp with time zone,jsonb,integer) line 24 at RAISE
2026-09-30 07:55:29.115 UTC [1641] STATEMENT:  SELECT correct_fact('stress', '2026-09-21T10:00:00+00:00'::timestamptz, '2026-09-21T12:00:00+00:00'::timestamptz, '{"v": 1}'::jsonb, 13)
2026-09-30 07:55:29.118 UTC [1645] ERROR:  expected revision 13 but head is 14
2026-09-30 07:55:29.118 UTC [1645] CONTEXT:  PL/pgSQL function correct_fact(text,timestamp with time zone,timestamp with time zone,jsonb,integer) line 24 at RAISE
2026-09-30 07:55:29.118 UTC [1645] STATEMENT:  SELECT correct_fact('stress', '2026-09-21T10:00:00+00:00'::timestamptz, '2026-09-21T12:00:00+00:00'::timestamptz, '{"v": 20}'::jsonb, 13)
2026-09-30 07:55:29.126 UTC [1647] ERROR:  expected revision 13 but head is 14
2026-09-30 07:55:29.126 UTC [1647] CONTEXT:  PL/pgSQL function correct_fact(text,timestamp with time zone,timestamp with time zone,jsonb,integer) line 24 at RAISE
2026-09-30 07:55:29.126 UTC [1647] STATEMENT:  SELECT correct_fact('stress', '2026-09-21T10:00:00+00:00'::timestamptz, '2026-09-21T12:00:00+00:00'::timestamptz, '{"v": 6}'::jsonb, 13)
2026-09-30 07:55:29.132 UTC [1648] ERROR:  expected revision 13 but head is 14
2026-09-30 07:55:29.132 UTC [1648] CONTEXT:  PL/pgSQL function correct_fact(text,timestamp with time zone,timestamp with time zone,jsonb,integer) line 24 at RAISE
2026-09-30 07:55:29.132 UTC [1648] STATEMENT:  SELECT correct_fact('stress', '2026-09-21T10:00:00+00:00'::timestamptz, '2026-09-21T12:00:00+00:00'::timestamptz, '{"v": 9}'::jsonb, 13)
2026-09-30 07:55:29.133 UTC [1642] ERROR:  expected revision 13 but head is 14
2026-09-30 07:55:29.133 UTC [1642] CONTEXT:  PL/pgSQL function correct_fact(text,timestamp with time zone,timestamp with time zone,jsonb,integer) line 24 at RAISE
2026-09-30 07:55:29.133 UTC [1642] STATEMENT:  SELECT correct_fact('stress', '2026-09-21T10:00:00+00:00'::timestamptz, '2026-09-21T12:00:00+00:00'::timestamptz, '{"v": 29}'::jsonb, 13)
2026-09-30 07:55:29.148 UTC [1649] ERROR:  expected revision 13 but head is 15
2026-09-30 07:55:29.148 UTC [1649] CONTEXT:  PL/pgSQL function correct_fact(text,timestamp with time zone,timestamp with time zone,jsonb,integer) line 24 at RAISE
2026-09-30 07:55:29.148 UTC [1649] STATEMENT:  SELECT correct_fact('stress', '2026-09-21T10:00:00+00:00'::timestamptz, '2026-09-21T12:00:00+00:00'::timestamptz, '{"v": 5}'::jsonb, 13)
2026-09-30 07:55:29.152 UTC [1647] ERROR:  expected revision 14 but head is 15
2026-09-30 07:55:29.152 UTC [1647] CONTEXT:  PL/pgSQL function correct_fact(text,timestamp with time zone,timestamp with time zone,jsonb,integer) line 24 at RAISE
2026-09-30 07:55:29.152 UTC [1647] STATEMENT:  SELECT correct_fact('stress', '2026-09-21T10:00:00+00:00'::timestamptz, '2026-09-21T12:00:00+00:00'::timestamptz, '{"v": 15}'::jsonb, 14)
2026-09-30 07:55:29.154 UTC [1651] ERROR:  expected revision 14 but head is 15
2026-09-30 07:55:29.154 UTC [1651] CONTEXT:  PL/pgSQL function correct_fact(text,timestamp with time zone,timestamp with time zone,jsonb,integer) line 24 at RAISE
2026-09-30 07:55:29.154 UTC [1651] STATEMENT:  SELECT correct_fact('stress', '2026-09-21T10:00:00+00:00'::timestamptz, '2026-09-21T12:00:00+00:00'::timestamptz, '{"v": 7}'::jsonb, 14)
2026-09-30 07:55:29.163 UTC [1653] ERROR:  expected revision 14 but head is 15
2026-09-30 07:55:29.163 UTC [1653] CONTEXT:  PL/pgSQL function correct_fact(text,timestamp with time zone,timestamp with time zone,jsonb,integer) line 24 at RAISE
2026-09-30 07:55:29.163 UTC [1653] STATEMENT:  SELECT correct_fact('stress', '2026-09-21T10:00:00+00:00'::timestamptz, '2026-09-21T12:00:00+00:00'::timestamptz, '{"v": 36}'::jsonb, 14)
2026-09-30 07:55:29.166 UTC [1658] ERROR:  expected revision 14 but head is 15
2026-09-30 07:55:29.166 UTC [1658] CONTEXT:  PL/pgSQL function correct_fact(text,timestamp with time zone,timestamp with time zone,jsonb,integer) line 24 at RAISE
2026-09-30 07:55:29.166 UTC [1658] STATEMENT:  SELECT correct_fact('stress', '2026-09-21T10:00:00+00:00'::timestamptz, '2026-09-21T12:00:00+00:00'::timestamptz, '{"v": 16}'::jsonb, 14)
2026-09-30 07:55:29.167 UTC [1652] ERROR:  expected revision 14 but head is 15
2026-09-30 07:55:29.167 UTC [1652] CONTEXT:  PL/pgSQL function correct_fact(text,timestamp with time zone,timestamp with time zone,jsonb,integer) line 24 at RAISE
2026-09-30 07:55:29.167 UTC [1652] STATEMENT:  SELECT correct_fact('stress', '2026-09-21T10:00:00+00:00'::timestamptz, '2026-09-21T12:00:00+00:00'::timestamptz, '{"v": 30}'::jsonb, 14)
2026-09-30 07:55:29.178 UTC [1652] ERROR:  expected revision 14 but head is 15
2026-09-30 07:55:29.178 UTC [1652] CONTEXT:  PL/pgSQL function correct_fact(text,timestamp with time zone,timestamp with time zone,jsonb,integer) line 24 at RAISE
2026-09-30 07:55:29.178 UTC [1652] STATEMENT:  SELECT correct_fact('stress', '2026-09-21T10:00:00+00:00'::timestamptz, '2026-09-21T12:00:00+00:00'::timestamptz, '{"v": 23}'::jsonb, 14)
2026-09-30 07:55:29.188 UTC [1652] ERROR:  expected revision 14 but head is 15
2026-09-30 07:55:29.188 UTC [1652] CONTEXT:  PL/pgSQL function correct_fact(text,timestamp with time zone,timestamp with time zone,jsonb,integer) line 24 at RAISE
2026-09-30 07:55:29.188 UTC [1652] STATEMENT:  SELECT correct_fact('stress', '2026-09-21T10:00:00+00:00'::timestamptz, '2026-09-21T12:00:00+00:00'::timestamptz, '{"v": 28}'::jsonb, 14)
2026-09-30 07:55:29.221 UTC [1663] ERROR:  expected revision 15 but head is 16
2026-09-30 07:55:29.221 UTC [1663] CONTEXT:  PL/pgSQL function correct_fact(text,timestamp with time zone,timestamp with time zone,jsonb,integer) line 24 at RAISE
2026-09-30 07:55:29.221 UTC [1663] STATEMENT:  SELECT correct_fact('stress', '2026-09-21T10:00:00+00:00'::timestamptz, '2026-09-21T12:00:00+00:00'::timestamptz, '{"v": 4}'::jsonb, 15)
2026-09-30 07:55:29.222 UTC [1652] ERROR:  expected revision 15 but head is 16
2026-09-30 07:55:29.222 UTC [1652] CONTEXT:  PL/pgSQL function correct_fact(text,timestamp with time zone,timestamp with time zone,jsonb,integer) line 24 at RAISE
2026-09-30 07:55:29.222 UTC [1652] STATEMENT:  SELECT correct_fact('stress', '2026-09-21T10:00:00+00:00'::timestamptz, '2026-09-21T12:00:00+00:00'::timestamptz, '{"v": 20}'::jsonb, 15)
2026-09-30 07:55:29.223 UTC [1665] ERROR:  expected revision 15 but head is 16
2026-09-30 07:55:29.223 UTC [1665] CONTEXT:  PL/pgSQL function correct_fact(text,timestamp with time zone,timestamp with time zone,jsonb,integer) line 24 at RAISE
2026-09-30 07:55:29.223 UTC [1665] STATEMENT:  SELECT correct_fact('stress', '2026-09-21T10:00:00+00:00'::timestamptz, '2026-09-21T12:00:00+00:00'::timestamptz, '{"v": 33}'::jsonb, 15)
2026-09-30 07:55:29.224 UTC [1669] ERROR:  expected revision 15 but head is 16
2026-09-30 07:55:29.224 UTC [1669] CONTEXT:  PL/pgSQL function correct_fact(text,timestamp with time zone,timestamp with time zone,jsonb,integer) line 24 at RAISE
2026-09-30 07:55:29.224 UTC [1669] STATEMENT:  SELECT correct_fact('stress', '2026-09-21T10:00:00+00:00'::timestamptz, '2026-09-21T12:00:00+00:00'::timestamptz, '{"v": 19}'::jsonb, 15)
2026-09-30 07:55:29.225 UTC [1668] ERROR:  expected revision 15 but head is 16
2026-09-30 07:55:29.225 UTC [1668] CONTEXT:  PL/pgSQL function correct_fact(text,timestamp with time zone,timestamp with time zone,jsonb,integer) line 24 at RAISE
2026-09-30 07:55:29.225 UTC [1668] STATEMENT:  SELECT correct_fact('stress', '2026-09-21T10:00:00+00:00'::timestamptz, '2026-09-21T12:00:00+00:00'::timestamptz, '{"v": 0}'::jsonb, 15)
2026-09-30 07:55:29.226 UTC [1664] ERROR:  expected revision 15 but head is 16
2026-09-30 07:55:29.226 UTC [1664] CONTEXT:  PL/pgSQL function correct_fact(text,timestamp with time zone,timestamp with time zone,jsonb,integer) line 24 at RAISE
2026-09-30 07:55:29.226 UTC [1664] STATEMENT:  SELECT correct_fact('stress', '2026-09-21T10:00:00+00:00'::timestamptz, '2026-09-21T12:00:00+00:00'::timestamptz, '{"v": 18}'::jsonb, 15)
2026-09-30 07:55:29.228 UTC [1679] ERROR:  expected revision 15 but head is 16
2026-09-30 07:55:29.228 UTC [1679] CONTEXT:  PL/pgSQL function correct_fact(text,timestamp with time zone,timestamp with time zone,jsonb,integer) line 24 at RAISE
2026-09-30 07:55:29.228 UTC [1679] STATEMENT:  SELECT correct_fact('stress', '2026-09-21T10:00:00+00:00'::timestamptz, '2026-09-21T12:00:00+00:00'::timestamptz, '{"v": 38}'::jsonb, 15)
2026-09-30 07:55:29.229 UTC [1670] ERROR:  expected revision 15 but head is 16
2026-09-30 07:55:29.229 UTC [1670] CONTEXT:  PL/pgSQL function correct_fact(text,timestamp with time zone,timestamp with time zone,jsonb,integer) line 24 at RAISE
2026-09-30 07:55:29.229 UTC [1670] STATEMENT:  SELECT correct_fact('stress', '2026-09-21T10:00:00+00:00'::timestamptz, '2026-09-21T12:00:00+00:00'::timestamptz, '{"v": 17}'::jsonb, 15)
2026-09-30 07:55:29.230 UTC [1672] ERROR:  expected revision 15 but head is 16
2026-09-30 07:55:29.230 UTC [1672] CONTEXT:  PL/pgSQL function correct_fact(text,timestamp with time zone,timestamp with time zone,jsonb,integer) line 24 at RAISE
2026-09-30 07:55:29.230 UTC [1672] STATEMENT:  SELECT correct_fact('stress', '2026-09-21T10:00:00+00:00'::timestamptz, '2026-09-21T12:00:00+00:00'::timestamptz, '{"v": 1}'::jsonb, 15)
2026-09-30 07:55:29.230 UTC [1671] ERROR:  expected revision 15 but head is 16
2026-09-30 07:55:29.230 UTC [1671] CONTEXT:  PL/pgSQL function correct_fact(text,timestamp with time zone,timestamp with time zone,jsonb,integer) line 24 at RAISE
2026-09-30 07:55:29.230 UTC [1671] STATEMENT:  SELECT correct_fact('stress', '2026-09-21T10:00:00+00:00'::timestamptz, '2026-09-21T12:00:00+00:00'::timestamptz, '{"v": 9}'::jsonb, 15)
2026-09-30 07:55:29.230 UTC [1678] ERROR:  expected revision 15 but head is 16
2026-09-30 07:55:29.230 UTC [1678] CONTEXT:  PL/pgSQL function correct_fact(text,timestamp with time zone,timestamp with time zone,jsonb,integer) line 24 at RAISE
2026-09-30 07:55:29.230 UTC [1678] STATEMENT:  SELECT correct_fact('stress', '2026-09-21T10:00:00+00:00'::timestamptz, '2026-09-21T12:00:00+00:00'::timestamptz, '{"v": 27}'::jsonb, 15)
2026-09-30 07:55:29.232 UTC [1674] ERROR:  expected revision 15 but head is 16
2026-09-30 07:55:29.232 UTC [1674] CONTEXT:  PL/pgSQL function correct_fact(text,timestamp with time zone,timestamp with time zone,jsonb,integer) line 24 at RAISE
2026-09-30 07:55:29.232 UTC [1674] STATEMENT:  SELECT correct_fact('stress', '2026-09-21T10:00:00+00:00'::timestamptz, '2026-09-21T12:00:00+00:00'::timestamptz, '{"v": 22}'::jsonb, 15)
2026-09-30 07:55:29.232 UTC [1673] ERROR:  expected revision 15 but head is 16
2026-09-30 07:55:29.232 UTC [1673] CONTEXT:  PL/pgSQL function correct_fact(text,timestamp with time zone,timestamp with time zone,jsonb,integer) line 24 at RAISE
2026-09-30 07:55:29.232 UTC [1673] STATEMENT:  SELECT correct_fact('stress', '2026-09-21T10:00:00+00:00'::timestamptz, '2026-09-21T12:00:00+00:00'::timestamptz, '{"v": 10}'::jsonb, 15)
2026-09-30 07:55:29.232 UTC [1676] ERROR:  expected revision 15 but head is 16
2026-09-30 07:55:29.232 UTC [1676] CONTEXT:  PL/pgSQL function correct_fact(text,timestamp with time zone,timestamp with time zone,jsonb,integer) line 24 at RAISE
2026-09-30 07:55:29.232 UTC [1676] STATEMENT:  SELECT correct_fact('stress', '2026-09-21T10:00:00+00:00'::timestamptz, '2026-09-21T12:00:00+00:00'::timestamptz, '{"v": 6}'::jsonb, 15)
2026-09-30 07:55:29.240 UTC [1671] ERROR:  expected revision 15 but head is 16
2026-09-30 07:55:29.240 UTC [1671] CONTEXT:  PL/pgSQL function correct_fact(text,timestamp with time zone,timestamp with time zone,jsonb,integer) line 24 at RAISE
2026-09-30 07:55:29.240 UTC [1671] STATEMENT:  SELECT correct_fact('stress', '2026-09-21T10:00:00+00:00'::timestamptz, '2026-09-21T12:00:00+00:00'::timestamptz, '{"v": 32}'::jsonb, 15)
2026-09-30 07:55:29.245 UTC [1671] ERROR:  expected revision 15 but head is 16
2026-09-30 07:55:29.245 UTC [1671] CONTEXT:  PL/pgSQL function correct_fact(text,timestamp with time zone,timestamp with time zone,jsonb,integer) line 24 at RAISE
2026-09-30 07:55:29.245 UTC [1671] STATEMENT:  SELECT correct_fact('stress', '2026-09-21T10:00:00+00:00'::timestamptz, '2026-09-21T12:00:00+00:00'::timestamptz, '{"v": 29}'::jsonb, 15)
2026-09-30 07:55:29.250 UTC [1671] ERROR:  expected revision 15 but head is 16
2026-09-30 07:55:29.250 UTC [1671] CONTEXT:  PL/pgSQL function correct_fact(text,timestamp with time zone,timestamp with time zone,jsonb,integer) line 24 at RAISE
2026-09-30 07:55:29.250 UTC [1671] STATEMENT:  SELECT correct_fact('stress', '2026-09-21T10:00:00+00:00'::timestamptz, '2026-09-21T12:00:00+00:00'::timestamptz, '{"v": 15}'::jsonb, 15)
2026-09-30 07:55:29.251 UTC [1683] ERROR:  expected revision 15 but head is 16
2026-09-30 07:55:29.251 UTC [1683] CONTEXT:  PL/pgSQL function correct_fact(text,timestamp with time zone,timestamp with time zone,jsonb,integer) line 24 at RAISE
2026-09-30 07:55:29.251 UTC [1683] STATEMENT:  SELECT correct_fact('stress', '2026-09-21T10:00:00+00:00'::timestamptz, '2026-09-21T12:00:00+00:00'::timestamptz, '{"v": 30}'::jsonb, 15)
2026-09-30 07:55:29.257 UTC [1684] ERROR:  expected revision 15 but head is 16
2026-09-30 07:55:29.257 UTC [1684] CONTEXT:  PL/pgSQL function correct_fact(text,timestamp with time zone,timestamp with time zone,jsonb,integer) line 24 at RAISE
2026-09-30 07:55:29.257 UTC [1684] STATEMENT:  SELECT correct_fact('stress', '2026-09-21T10:00:00+00:00'::timestamptz, '2026-09-21T12:00:00+00:00'::timestamptz, '{"v": 23}'::jsonb, 15)
2026-09-30 07:55:29.278 UTC [1689] ERROR:  expected revision 16 but head is 17
2026-09-30 07:55:29.278 UTC [1689] CONTEXT:  PL/pgSQL function correct_fact(text,timestamp with time zone,timestamp with time zone,jsonb,integer) line 24 at RAISE
2026-09-30 07:55:29.278 UTC [1689] STATEMENT:  SELECT correct_fact('stress', '2026-09-21T10:00:00+00:00'::timestamptz, '2026-09-21T12:00:00+00:00'::timestamptz, '{"v": 5}'::jsonb, 16)
2026-09-30 07:55:29.278 UTC [1692] ERROR:  expected revision 15 but head is 17
2026-09-30 07:55:29.278 UTC [1692] CONTEXT:  PL/pgSQL function correct_fact(text,timestamp with time zone,timestamp with time zone,jsonb,integer) line 24 at RAISE
2026-09-30 07:55:29.278 UTC [1692] STATEMENT:  SELECT correct_fact('stress', '2026-09-21T10:00:00+00:00'::timestamptz, '2026-09-21T12:00:00+00:00'::timestamptz, '{"v": 2}'::jsonb, 15)
2026-09-30 07:55:29.285 UTC [1692] ERROR:  expected revision 16 but head is 17
2026-09-30 07:55:29.285 UTC [1692] CONTEXT:  PL/pgSQL function correct_fact(text,timestamp with time zone,timestamp with time zone,jsonb,integer) line 24 at RAISE
2026-09-30 07:55:29.285 UTC [1692] STATEMENT:  SELECT correct_fact('stress', '2026-09-21T10:00:00+00:00'::timestamptz, '2026-09-21T12:00:00+00:00'::timestamptz, '{"v": 28}'::jsonb, 16)
2026-09-30 07:55:29.289 UTC [1693] ERROR:  expected revision 16 but head is 17
2026-09-30 07:55:29.289 UTC [1693] CONTEXT:  PL/pgSQL function correct_fact(text,timestamp with time zone,timestamp with time zone,jsonb,integer) line 24 at RAISE
2026-09-30 07:55:29.289 UTC [1693] STATEMENT:  SELECT correct_fact('stress', '2026-09-21T10:00:00+00:00'::timestamptz, '2026-09-21T12:00:00+00:00'::timestamptz, '{"v": 16}'::jsonb, 16)
2026-09-30 07:55:29.292 UTC [1696] ERROR:  expected revision 16 but head is 17
2026-09-30 07:55:29.292 UTC [1696] CONTEXT:  PL/pgSQL function correct_fact(text,timestamp with time zone,timestamp with time zone,jsonb,integer) line 24 at RAISE
2026-09-30 07:55:29.292 UTC [1696] STATEMENT:  SELECT correct_fact('stress', '2026-09-21T10:00:00+00:00'::timestamptz, '2026-09-21T12:00:00+00:00'::timestamptz, '{"v": 7}'::jsonb, 16)
2026-09-30 07:55:29.300 UTC [1696] ERROR:  expected revision 16 but head is 17
2026-09-30 07:55:29.300 UTC [1696] CONTEXT:  PL/pgSQL function correct_fact(text,timestamp with time zone,timestamp with time zone,jsonb,integer) line 24 at RAISE
2026-09-30 07:55:29.300 UTC [1696] STATEMENT:  SELECT correct_fact('stress', '2026-09-21T10:00:00+00:00'::timestamptz, '2026-09-21T12:00:00+00:00'::timestamptz, '{"v": 0}'::jsonb, 16)
2026-09-30 07:55:29.302 UTC [1695] ERROR:  expected revision 16 but head is 17
2026-09-30 07:55:29.302 UTC [1695] CONTEXT:  PL/pgSQL function correct_fact(text,timestamp with time zone,timestamp with time zone,jsonb,integer) line 24 at RAISE
2026-09-30 07:55:29.302 UTC [1695] STATEMENT:  SELECT correct_fact('stress', '2026-09-21T10:00:00+00:00'::timestamptz, '2026-09-21T12:00:00+00:00'::timestamptz, '{"v": 19}'::jsonb, 16)
2026-09-30 07:55:29.312 UTC [1697] ERROR:  expected revision 16 but head is 18
2026-09-30 07:55:29.312 UTC [1697] CONTEXT:  PL/pgSQL function correct_fact(text,timestamp with time zone,timestamp with time zone,jsonb,integer) line 24 at RAISE
2026-09-30 07:55:29.312 UTC [1697] STATEMENT:  SELECT correct_fact('stress', '2026-09-21T10:00:00+00:00'::timestamptz, '2026-09-21T12:00:00+00:00'::timestamptz, '{"v": 33}'::jsonb, 16)
2026-09-30 07:55:29.312 UTC [1695] ERROR:  expected revision 17 but head is 18
2026-09-30 07:55:29.312 UTC [1695] CONTEXT:  PL/pgSQL function correct_fact(text,timestamp with time zone,timestamp with time zone,jsonb,integer) line 24 at RAISE
2026-09-30 07:55:29.312 UTC [1695] STATEMENT:  SELECT correct_fact('stress', '2026-09-21T10:00:00+00:00'::timestamptz, '2026-09-21T12:00:00+00:00'::timestamptz, '{"v": 9}'::jsonb, 17)
2026-09-30 07:55:29.313 UTC [1698] ERROR:  expected revision 17 but head is 18
2026-09-30 07:55:29.313 UTC [1698] CONTEXT:  PL/pgSQL function correct_fact(text,timestamp with time zone,timestamp with time zone,jsonb,integer) line 24 at RAISE
2026-09-30 07:55:29.313 UTC [1698] STATEMENT:  SELECT correct_fact('stress', '2026-09-21T10:00:00+00:00'::timestamptz, '2026-09-21T12:00:00+00:00'::timestamptz, '{"v": 17}'::jsonb, 17)
2026-09-30 07:55:29.316 UTC [1699] ERROR:  expected revision 17 but head is 18
2026-09-30 07:55:29.316 UTC [1699] CONTEXT:  PL/pgSQL function correct_fact(text,timestamp with time zone,timestamp with time zone,jsonb,integer) line 24 at RAISE
2026-09-30 07:55:29.316 UTC [1699] STATEMENT:  SELECT correct_fact('stress', '2026-09-21T10:00:00+00:00'::timestamptz, '2026-09-21T12:00:00+00:00'::timestamptz, '{"v": 27}'::jsonb, 17)
2026-09-30 07:55:29.317 UTC [1696] ERROR:  expected revision 16 but head is 18
2026-09-30 07:55:29.317 UTC [1696] CONTEXT:  PL/pgSQL function correct_fact(text,timestamp with time zone,timestamp with time zone,jsonb,integer) line 24 at RAISE
2026-09-30 07:55:29.317 UTC [1696] STATEMENT:  SELECT correct_fact('stress', '2026-09-21T10:00:00+00:00'::timestamptz, '2026-09-21T12:00:00+00:00'::timestamptz, '{"v": 20}'::jsonb, 16)
2026-09-30 07:55:29.319 UTC [1695] ERROR:  expected revision 17 but head is 18
2026-09-30 07:55:29.319 UTC [1695] CONTEXT:  PL/pgSQL function correct_fact(text,timestamp with time zone,timestamp with time zone,jsonb,integer) line 24 at RAISE
2026-09-30 07:55:29.319 UTC [1695] STATEMENT:  SELECT correct_fact('stress', '2026-09-21T10:00:00+00:00'::timestamptz, '2026-09-21T12:00:00+00:00'::timestamptz, '{"v": 18}'::jsonb, 17)
2026-09-30 07:55:29.321 UTC [1696] ERROR:  expected revision 17 but head is 18
2026-09-30 07:55:29.321 UTC [1696] CONTEXT:  PL/pgSQL function correct_fact(text,timestamp with time zone,timestamp with time zone,jsonb,integer) line 24 at RAISE
2026-09-30 07:55:29.321 UTC [1696] STATEMENT:  SELECT correct_fact('stress', '2026-09-21T10:00:00+00:00'::timestamptz, '2026-09-21T12:00:00+00:00'::timestamptz, '{"v": 15}'::jsonb, 17)
2026-09-30 07:55:29.330 UTC [1701] ERROR:  expected revision 17 but head is 18
2026-09-30 07:55:29.330 UTC [1701] CONTEXT:  PL/pgSQL function correct_fact(text,timestamp with time zone,timestamp with time zone,jsonb,integer) line 24 at RAISE
2026-09-30 07:55:29.330 UTC [1701] STATEMENT:  SELECT correct_fact('stress', '2026-09-21T10:00:00+00:00'::timestamptz, '2026-09-21T12:00:00+00:00'::timestamptz, '{"v": 4}'::jsonb, 17)
2026-09-30 07:55:29.331 UTC [1696] ERROR:  expected revision 17 but head is 18
2026-09-30 07:55:29.331 UTC [1696] CONTEXT:  PL/pgSQL function correct_fact(text,timestamp with time zone,timestamp with time zone,jsonb,integer) line 24 at RAISE
2026-09-30 07:55:29.331 UTC [1696] STATEMENT:  SELECT correct_fact('stress', '2026-09-21T10:00:00+00:00'::timestamptz, '2026-09-21T12:00:00+00:00'::timestamptz, '{"v": 32}'::jsonb, 17)
2026-09-30 07:55:29.333 UTC [1700] ERROR:  expected revision 17 but head is 18
2026-09-30 07:55:29.333 UTC [1700] CONTEXT:  PL/pgSQL function correct_fact(text,timestamp with time zone,timestamp with time zone,jsonb,integer) line 24 at RAISE
2026-09-30 07:55:29.333 UTC [1700] STATEMENT:  SELECT correct_fact('stress', '2026-09-21T10:00:00+00:00'::timestamptz, '2026-09-21T12:00:00+00:00'::timestamptz, '{"v": 38}'::jsonb, 17)
2026-09-30 07:55:29.337 UTC [1700] ERROR:  expected revision 17 but head is 18
2026-09-30 07:55:29.337 UTC [1700] CONTEXT:  PL/pgSQL function correct_fact(text,timestamp with time zone,timestamp with time zone,jsonb,integer) line 24 at RAISE
2026-09-30 07:55:29.337 UTC [1700] STATEMENT:  SELECT correct_fact('stress', '2026-09-21T10:00:00+00:00'::timestamptz, '2026-09-21T12:00:00+00:00'::timestamptz, '{"v": 29}'::jsonb, 17)
2026-09-30 07:55:29.344 UTC [1696] ERROR:  expected revision 17 but head is 18
2026-09-30 07:55:29.344 UTC [1696] CONTEXT:  PL/pgSQL function correct_fact(text,timestamp with time zone,timestamp with time zone,jsonb,integer) line 24 at RAISE
2026-09-30 07:55:29.344 UTC [1696] STATEMENT:  SELECT correct_fact('stress', '2026-09-21T10:00:00+00:00'::timestamptz, '2026-09-21T12:00:00+00:00'::timestamptz, '{"v": 10}'::jsonb, 17)
2026-09-30 07:55:29.346 UTC [1704] ERROR:  expected revision 17 but head is 18
2026-09-30 07:55:29.346 UTC [1704] CONTEXT:  PL/pgSQL function correct_fact(text,timestamp with time zone,timestamp with time zone,jsonb,integer) line 24 at RAISE
2026-09-30 07:55:29.346 UTC [1704] STATEMENT:  SELECT correct_fact('stress', '2026-09-21T10:00:00+00:00'::timestamptz, '2026-09-21T12:00:00+00:00'::timestamptz, '{"v": 1}'::jsonb, 17)
2026-09-30 07:55:29.347 UTC [1706] ERROR:  expected revision 17 but head is 18
2026-09-30 07:55:29.347 UTC [1706] CONTEXT:  PL/pgSQL function correct_fact(text,timestamp with time zone,timestamp with time zone,jsonb,integer) line 24 at RAISE
2026-09-30 07:55:29.347 UTC [1706] STATEMENT:  SELECT correct_fact('stress', '2026-09-21T10:00:00+00:00'::timestamptz, '2026-09-21T12:00:00+00:00'::timestamptz, '{"v": 30}'::jsonb, 17)
2026-09-30 07:55:29.348 UTC [1710] ERROR:  expected revision 17 but head is 18
2026-09-30 07:55:29.348 UTC [1710] CONTEXT:  PL/pgSQL function correct_fact(text,timestamp with time zone,timestamp with time zone,jsonb,integer) line 24 at RAISE
2026-09-30 07:55:29.348 UTC [1710] STATEMENT:  SELECT correct_fact('stress', '2026-09-21T10:00:00+00:00'::timestamptz, '2026-09-21T12:00:00+00:00'::timestamptz, '{"v": 23}'::jsonb, 17)
2026-09-30 07:55:29.348 UTC [1707] ERROR:  expected revision 17 but head is 18
2026-09-30 07:55:29.348 UTC [1707] CONTEXT:  PL/pgSQL function correct_fact(text,timestamp with time zone,timestamp with time zone,jsonb,integer) line 24 at RAISE
2026-09-30 07:55:29.348 UTC [1707] STATEMENT:  SELECT correct_fact('stress', '2026-09-21T10:00:00+00:00'::timestamptz, '2026-09-21T12:00:00+00:00'::timestamptz, '{"v": 22}'::jsonb, 17)
2026-09-30 07:55:29.384 UTC [1712] ERROR:  expected revision 18 but head is 19
2026-09-30 07:55:29.384 UTC [1712] CONTEXT:  PL/pgSQL function correct_fact(text,timestamp with time zone,timestamp with time zone,jsonb,integer) line 24 at RAISE
2026-09-30 07:55:29.384 UTC [1712] STATEMENT:  SELECT correct_fact('stress', '2026-09-21T10:00:00+00:00'::timestamptz, '2026-09-21T12:00:00+00:00'::timestamptz, '{"v": 7}'::jsonb, 18)
2026-09-30 07:55:29.386 UTC [1696] ERROR:  expected revision 18 but head is 19
2026-09-30 07:55:29.386 UTC [1696] CONTEXT:  PL/pgSQL function correct_fact(text,timestamp with time zone,timestamp with time zone,jsonb,integer) line 24 at RAISE
2026-09-30 07:55:29.386 UTC [1696] STATEMENT:  SELECT correct_fact('stress', '2026-09-21T10:00:00+00:00'::timestamptz, '2026-09-21T12:00:00+00:00'::timestamptz, '{"v": 5}'::jsonb, 18)
2026-09-30 07:55:29.391 UTC [1714] ERROR:  expected revision 18 but head is 19
2026-09-30 07:55:29.391 UTC [1714] CONTEXT:  PL/pgSQL function correct_fact(text,timestamp with time zone,timestamp with time zone,jsonb,integer) line 24 at RAISE
2026-09-30 07:55:29.391 UTC [1714] STATEMENT:  SELECT correct_fact('stress', '2026-09-21T10:00:00+00:00'::timestamptz, '2026-09-21T12:00:00+00:00'::timestamptz, '{"v": 27}'::jsonb, 18)
2026-09-30 07:55:29.392 UTC [1715] ERROR:  expected revision 18 but head is 19
2026-09-30 07:55:29.392 UTC [1715] CONTEXT:  PL/pgSQL function correct_fact(text,timestamp with time zone,timestamp with time zone,jsonb,integer) line 24 at RAISE
2026-09-30 07:55:29.392 UTC [1715] STATEMENT:  SELECT correct_fact('stress', '2026-09-21T10:00:00+00:00'::timestamptz, '2026-09-21T12:00:00+00:00'::timestamptz, '{"v": 19}'::jsonb, 18)
2026-09-30 07:55:29.396 UTC [1718] ERROR:  expected revision 18 but head is 19
2026-09-30 07:55:29.396 UTC [1718] CONTEXT:  PL/pgSQL function correct_fact(text,timestamp with time zone,timestamp with time zone,jsonb,integer) line 24 at RAISE
2026-09-30 07:55:29.396 UTC [1718] STATEMENT:  SELECT correct_fact('stress', '2026-09-21T10:00:00+00:00'::timestamptz, '2026-09-21T12:00:00+00:00'::timestamptz, '{"v": 33}'::jsonb, 18)
2026-09-30 07:55:29.396 UTC [1723] ERROR:  expected revision 18 but head is 19
2026-09-30 07:55:29.396 UTC [1723] CONTEXT:  PL/pgSQL function correct_fact(text,timestamp with time zone,timestamp with time zone,jsonb,integer) line 24 at RAISE
2026-09-30 07:55:29.396 UTC [1723] STATEMENT:  SELECT correct_fact('stress', '2026-09-21T10:00:00+00:00'::timestamptz, '2026-09-21T12:00:00+00:00'::timestamptz, '{"v": 20}'::jsonb, 18)
2026-09-30 07:55:29.397 UTC [1720] ERROR:  expected revision 18 but head is 19
2026-09-30 07:55:29.397 UTC [1720] CONTEXT:  PL/pgSQL function correct_fact(text,timestamp with time zone,timestamp with time zone,jsonb,integer) line 24 at RAISE
2026-09-30 07:55:29.397 UTC [1720] STATEMENT:  SELECT correct_fact('stress', '2026-09-21T10:00:00+00:00'::timestamptz, '2026-09-21T12:00:00+00:00'::timestamptz, '{"v": 16}'::jsonb, 18)
2026-09-30 07:55:29.398 UTC [1719] ERROR:  expected revision 18 but head is 19
2026-09-30 07:55:29.398 UTC [1719] CONTEXT:  PL/pgSQL function correct_fact(text,timestamp with time zone,timestamp with time zone,jsonb,integer) line 24 at RAISE
2026-09-30 07:55:29.398 UTC [1719] STATEMENT:  SELECT correct_fact('stress', '2026-09-21T10:00:00+00:00'::timestamptz, '2026-09-21T12:00:00+00:00'::timestamptz, '{"v": 17}'::jsonb, 18)
2026-09-30 07:55:29.399 UTC [1696] ERROR:  expected revision 18 but head is 19
2026-09-30 07:55:29.399 UTC [1696] CONTEXT:  PL/pgSQL function correct_fact(text,timestamp with time zone,timestamp with time zone,jsonb,integer) line 24 at RAISE
2026-09-30 07:55:29.399 UTC [1696] STATEMENT:  SELECT correct_fact('stress', '2026-09-21T10:00:00+00:00'::timestamptz, '2026-09-21T12:00:00+00:00'::timestamptz, '{"v": 4}'::jsonb, 18)
2026-09-30 07:55:29.400 UTC [1721] ERROR:  expected revision 18 but head is 19
2026-09-30 07:55:29.400 UTC [1721] CONTEXT:  PL/pgSQL function correct_fact(text,timestamp with time zone,timestamp with time zone,jsonb,integer) line 24 at RAISE
2026-09-30 07:55:29.400 UTC [1721] STATEMENT:  SELECT correct_fact('stress', '2026-09-21T10:00:00+00:00'::timestamptz, '2026-09-21T12:00:00+00:00'::timestamptz, '{"v": 28}'::jsonb, 18)
2026-09-30 07:55:29.410 UTC [1717] ERROR:  expected revision 18 but head is 20
2026-09-30 07:55:29.410 UTC [1717] CONTEXT:  PL/pgSQL function correct_fact(text,timestamp with time zone,timestamp with time zone,jsonb,integer) line 24 at RAISE
2026-09-30 07:55:29.410 UTC [1717] STATEMENT:  SELECT correct_fact('stress', '2026-09-21T10:00:00+00:00'::timestamptz, '2026-09-21T12:00:00+00:00'::timestamptz, '{"v": 0}'::jsonb, 18)
2026-09-30 07:55:29.410 UTC [1722] ERROR:  expected revision 19 but head is 20
2026-09-30 07:55:29.410 UTC [1722] CONTEXT:  PL/pgSQL function correct_fact(text,timestamp with time zone,timestamp with time zone,jsonb,integer) line 24 at RAISE
2026-09-30 07:55:29.410 UTC [1722] STATEMENT:  SELECT correct_fact('stress', '2026-09-21T10:00:00+00:00'::timestamptz, '2026-09-21T12:00:00+00:00'::timestamptz, '{"v": 18}'::jsonb, 19)
2026-09-30 07:55:29.413 UTC [1725] ERROR:  expected revision 19 but head is 20
2026-09-30 07:55:29.413 UTC [1725] CONTEXT:  PL/pgSQL function correct_fact(text,timestamp with time zone,timestamp with time zone,jsonb,integer) line 24 at RAISE
2026-09-30 07:55:29.413 UTC [1725] STATEMENT:  SELECT correct_fact('stress', '2026-09-21T10:00:00+00:00'::timestamptz, '2026-09-21T12:00:00+00:00'::timestamptz, '{"v": 38}'::jsonb, 19)
2026-09-30 07:55:29.413 UTC [1720] ERROR:  expected revision 19 but head is 20
2026-09-30 07:55:29.413 UTC [1720] CONTEXT:  PL/pgSQL function correct_fact(text,timestamp with time zone,timestamp with time zone,jsonb,integer) line 24 at RAISE
2026-09-30 07:55:29.413 UTC [1720] STATEMENT:  SELECT correct_fact('stress', '2026-09-21T10:00:00+00:00'::timestamptz, '2026-09-21T12:00:00+00:00'::timestamptz, '{"v": 29}'::jsonb, 19)
2026-09-30 07:55:29.415 UTC [1726] ERROR:  expected revision 19 but head is 20
2026-09-30 07:55:29.415 UTC [1726] CONTEXT:  PL/pgSQL function correct_fact(text,timestamp with time zone,timestamp with time zone,jsonb,integer) line 24 at RAISE
2026-09-30 07:55:29.415 UTC [1726] STATEMENT:  SELECT correct_fact('stress', '2026-09-21T10:00:00+00:00'::timestamptz, '2026-09-21T12:00:00+00:00'::timestamptz, '{"v": 32}'::jsonb, 19)
2026-09-30 07:55:29.420 UTC [1727] ERROR:  expected revision 18 but head is 20
2026-09-30 07:55:29.420 UTC [1727] CONTEXT:  PL/pgSQL function correct_fact(text,timestamp with time zone,timestamp with time zone,jsonb,integer) line 24 at RAISE
2026-09-30 07:55:29.420 UTC [1727] STATEMENT:  SELECT correct_fact('stress', '2026-09-21T10:00:00+00:00'::timestamptz, '2026-09-21T12:00:00+00:00'::timestamptz, '{"v": 9}'::jsonb, 18)
2026-09-30 07:55:29.438 UTC [1726] ERROR:  expected revision 19 but head is 20
2026-09-30 07:55:29.438 UTC [1726] CONTEXT:  PL/pgSQL function correct_fact(text,timestamp with time zone,timestamp with time zone,jsonb,integer) line 24 at RAISE
2026-09-30 07:55:29.438 UTC [1726] STATEMENT:  SELECT correct_fact('stress', '2026-09-21T10:00:00+00:00'::timestamptz, '2026-09-21T12:00:00+00:00'::timestamptz, '{"v": 23}'::jsonb, 19)
2026-09-30 07:55:29.451 UTC [1731] ERROR:  expected revision 19 but head is 21
2026-09-30 07:55:29.451 UTC [1731] CONTEXT:  PL/pgSQL function correct_fact(text,timestamp with time zone,timestamp with time zone,jsonb,integer) line 24 at RAISE
2026-09-30 07:55:29.451 UTC [1731] STATEMENT:  SELECT correct_fact('stress', '2026-09-21T10:00:00+00:00'::timestamptz, '2026-09-21T12:00:00+00:00'::timestamptz, '{"v": 10}'::jsonb, 19)
2026-09-30 07:55:29.452 UTC [1730] ERROR:  expected revision 20 but head is 21
2026-09-30 07:55:29.452 UTC [1730] CONTEXT:  PL/pgSQL function correct_fact(text,timestamp with time zone,timestamp with time zone,jsonb,integer) line 24 at RAISE
2026-09-30 07:55:29.452 UTC [1730] STATEMENT:  SELECT correct_fact('stress', '2026-09-21T10:00:00+00:00'::timestamptz, '2026-09-21T12:00:00+00:00'::timestamptz, '{"v": 33}'::jsonb, 20)
2026-09-30 07:55:29.453 UTC [1732] ERROR:  expected revision 19 but head is 21
2026-09-30 07:55:29.453 UTC [1732] CONTEXT:  PL/pgSQL function correct_fact(text,timestamp with time zone,timestamp with time zone,jsonb,integer) line 24 at RAISE
2026-09-30 07:55:29.453 UTC [1732] STATEMENT:  SELECT correct_fact('stress', '2026-09-21T10:00:00+00:00'::timestamptz, '2026-09-21T12:00:00+00:00'::timestamptz, '{"v": 1}'::jsonb, 19)
2026-09-30 07:55:29.453 UTC [1726] ERROR:  expected revision 20 but head is 21
2026-09-30 07:55:29.453 UTC [1726] CONTEXT:  PL/pgSQL function correct_fact(text,timestamp with time zone,timestamp with time zone,jsonb,integer) line 24 at RAISE
2026-09-30 07:55:29.453 UTC [1726] STATEMENT:  SELECT correct_fact('stress', '2026-09-21T10:00:00+00:00'::timestamptz, '2026-09-21T12:00:00+00:00'::timestamptz, '{"v": 19}'::jsonb, 20)
2026-09-30 07:55:29.456 UTC [1731] ERROR:  expected revision 20 but head is 21
2026-09-30 07:55:29.456 UTC [1731] CONTEXT:  PL/pgSQL function correct_fact(text,timestamp with time zone,timestamp with time zone,jsonb,integer) line 24 at RAISE
2026-09-30 07:55:29.456 UTC [1731] STATEMENT:  SELECT correct_fact('stress', '2026-09-21T10:00:00+00:00'::timestamptz, '2026-09-21T12:00:00+00:00'::timestamptz, '{"v": 20}'::jsonb, 20)
2026-09-30 07:55:29.461 UTC [1736] ERROR:  expected revision 19 but head is 21
2026-09-30 07:55:29.461 UTC [1736] CONTEXT:  PL/pgSQL function correct_fact(text,timestamp with time zone,timestamp with time zone,jsonb,integer) line 24 at RAISE
2026-09-30 07:55:29.461 UTC [1736] STATEMENT:  SELECT correct_fact('stress', '2026-09-21T10:00:00+00:00'::timestamptz, '2026-09-21T12:00:00+00:00'::timestamptz, '{"v": 30}'::jsonb, 19)
2026-09-30 07:55:29.462 UTC [1738] ERROR:  expected revision 19 but head is 21
2026-09-30 07:55:29.462 UTC [1738] CONTEXT:  PL/pgSQL function correct_fact(text,timestamp with time zone,timestamp with time zone,jsonb,integer) line 24 at RAISE
2026-09-30 07:55:29.462 UTC [1738] STATEMENT:  SELECT correct_fact('stress', '2026-09-21T10:00:00+00:00'::timestamptz, '2026-09-21T12:00:00+00:00'::timestamptz, '{"v": 22}'::jsonb, 19)
2026-09-30 07:55:29.467 UTC [1735] ERROR:  expected revision 20 but head is 21
2026-09-30 07:55:29.467 UTC [1735] CONTEXT:  PL/pgSQL function correct_fact(text,timestamp with time zone,timestamp with time zone,jsonb,integer) line 24 at RAISE
2026-09-30 07:55:29.467 UTC [1735] STATEMENT:  SELECT correct_fact('stress', '2026-09-21T10:00:00+00:00'::timestamptz, '2026-09-21T12:00:00+00:00'::timestamptz, '{"v": 27}'::jsonb, 20)
2026-09-30 07:55:29.477 UTC [1744] ERROR:  expected revision 20 but head is 22
2026-09-30 07:55:29.477 UTC [1744] CONTEXT:  PL/pgSQL function correct_fact(text,timestamp with time zone,timestamp with time zone,jsonb,integer) line 24 at RAISE
2026-09-30 07:55:29.477 UTC [1744] STATEMENT:  SELECT correct_fact('stress', '2026-09-21T10:00:00+00:00'::timestamptz, '2026-09-21T12:00:00+00:00'::timestamptz, '{"v": 16}'::jsonb, 20)
2026-09-30 07:55:29.477 UTC [1745] ERROR:  expected revision 20 but head is 22
2026-09-30 07:55:29.477 UTC [1745] CONTEXT:  PL/pgSQL function correct_fact(text,timestamp with time zone,timestamp with time zone,jsonb,integer) line 24 at RAISE
2026-09-30 07:55:29.477 UTC [1745] STATEMENT:  SELECT correct_fact('stress', '2026-09-21T10:00:00+00:00'::timestamptz, '2026-09-21T12:00:00+00:00'::timestamptz, '{"v": 7}'::jsonb, 20)
2026-09-30 07:55:29.478 UTC [1742] ERROR:  expected revision 21 but head is 22
2026-09-30 07:55:29.478 UTC [1742] CONTEXT:  PL/pgSQL function correct_fact(text,timestamp with time zone,timestamp with time zone,jsonb,integer) line 24 at RAISE
2026-09-30 07:55:29.478 UTC [1742] STATEMENT:  SELECT correct_fact('stress', '2026-09-21T10:00:00+00:00'::timestamptz, '2026-09-21T12:00:00+00:00'::timestamptz, '{"v": 29}'::jsonb, 21)
2026-09-30 07:55:29.478 UTC [1740] ERROR:  expected revision 20 but head is 22
2026-09-30 07:55:29.478 UTC [1740] CONTEXT:  PL/pgSQL function correct_fact(text,timestamp with time zone,timestamp with time zone,jsonb,integer) line 24 at RAISE
2026-09-30 07:55:29.478 UTC [1740] STATEMENT:  SELECT correct_fact('stress', '2026-09-21T10:00:00+00:00'::timestamptz, '2026-09-21T12:00:00+00:00'::timestamptz, '{"v": 4}'::jsonb, 20)
2026-09-30 07:55:29.480 UTC [1743] ERROR:  expected revision 20 but head is 22
2026-09-30 07:55:29.480 UTC [1743] CONTEXT:  PL/pgSQL function correct_fact(text,timestamp with time zone,timestamp with time zone,jsonb,integer) line 24 at RAISE
2026-09-30 07:55:29.480 UTC [1743] STATEMENT:  SELECT correct_fact('stress', '2026-09-21T10:00:00+00:00'::timestamptz, '2026-09-21T12:00:00+00:00'::timestamptz, '{"v": 17}'::jsonb, 20)
2026-09-30 07:55:29.482 UTC [1747] ERROR:  expected revision 21 but head is 22
2026-09-30 07:55:29.482 UTC [1747] CONTEXT:  PL/pgSQL function correct_fact(text,timestamp with time zone,timestamp with time zone,jsonb,integer) line 24 at RAISE
2026-09-30 07:55:29.482 UTC [1747] STATEMENT:  SELECT correct_fact('stress', '2026-09-21T10:00:00+00:00'::timestamptz, '2026-09-21T12:00:00+00:00'::timestamptz, '{"v": 28}'::jsonb, 21)
2026-09-30 07:55:29.488 UTC [1741] ERROR:  expected revision 21 but head is 22
2026-09-30 07:55:29.488 UTC [1741] CONTEXT:  PL/pgSQL function correct_fact(text,timestamp with time zone,timestamp with time zone,jsonb,integer) line 24 at RAISE
2026-09-30 07:55:29.488 UTC [1741] STATEMENT:  SELECT correct_fact('stress', '2026-09-21T10:00:00+00:00'::timestamptz, '2026-09-21T12:00:00+00:00'::timestamptz, '{"v": 38}'::jsonb, 21)
2026-09-30 07:55:29.493 UTC [1741] ERROR:  expected revision 21 but head is 22
2026-09-30 07:55:29.493 UTC [1741] CONTEXT:  PL/pgSQL function correct_fact(text,timestamp with time zone,timestamp with time zone,jsonb,integer) line 24 at RAISE
2026-09-30 07:55:29.493 UTC [1741] STATEMENT:  SELECT correct_fact('stress', '2026-09-21T10:00:00+00:00'::timestamptz, '2026-09-21T12:00:00+00:00'::timestamptz, '{"v": 18}'::jsonb, 21)
2026-09-30 07:55:29.497 UTC [1748] ERROR:  expected revision 21 but head is 22
2026-09-30 07:55:29.497 UTC [1748] CONTEXT:  PL/pgSQL function correct_fact(text,timestamp with time zone,timestamp with time zone,jsonb,integer) line 24 at RAISE
2026-09-30 07:55:29.497 UTC [1748] STATEMENT:  SELECT correct_fact('stress', '2026-09-21T10:00:00+00:00'::timestamptz, '2026-09-21T12:00:00+00:00'::timestamptz, '{"v": 23}'::jsonb, 21)
2026-09-30 07:55:29.515 UTC [1748] ERROR:  expected revision 21 but head is 22
2026-09-30 07:55:29.515 UTC [1748] CONTEXT:  PL/pgSQL function correct_fact(text,timestamp with time zone,timestamp with time zone,jsonb,integer) line 24 at RAISE
2026-09-30 07:55:29.515 UTC [1748] STATEMENT:  SELECT correct_fact('stress', '2026-09-21T10:00:00+00:00'::timestamptz, '2026-09-21T12:00:00+00:00'::timestamptz, '{"v": 10}'::jsonb, 21)
2026-09-30 07:55:29.516 UTC [1749] ERROR:  expected revision 21 but head is 22
2026-09-30 07:55:29.516 UTC [1749] CONTEXT:  PL/pgSQL function correct_fact(text,timestamp with time zone,timestamp with time zone,jsonb,integer) line 24 at RAISE
2026-09-30 07:55:29.516 UTC [1749] STATEMENT:  SELECT correct_fact('stress', '2026-09-21T10:00:00+00:00'::timestamptz, '2026-09-21T12:00:00+00:00'::timestamptz, '{"v": 0}'::jsonb, 21)
2026-09-30 07:55:29.520 UTC [1748] ERROR:  expected revision 21 but head is 22
2026-09-30 07:55:29.520 UTC [1748] CONTEXT:  PL/pgSQL function correct_fact(text,timestamp with time zone,timestamp with time zone,jsonb,integer) line 24 at RAISE
2026-09-30 07:55:29.520 UTC [1748] STATEMENT:  SELECT correct_fact('stress', '2026-09-21T10:00:00+00:00'::timestamptz, '2026-09-21T12:00:00+00:00'::timestamptz, '{"v": 19}'::jsonb, 21)
2026-09-30 07:55:29.534 UTC [1751] ERROR:  expected revision 22 but head is 23
2026-09-30 07:55:29.534 UTC [1751] CONTEXT:  PL/pgSQL function correct_fact(text,timestamp with time zone,timestamp with time zone,jsonb,integer) line 24 at RAISE
2026-09-30 07:55:29.534 UTC [1751] STATEMENT:  SELECT correct_fact('stress', '2026-09-21T10:00:00+00:00'::timestamptz, '2026-09-21T12:00:00+00:00'::timestamptz, '{"v": 20}'::jsonb, 22)
2026-09-30 07:55:29.538 UTC [1752] ERROR:  expected revision 22 but head is 23
2026-09-30 07:55:29.538 UTC [1752] CONTEXT:  PL/pgSQL function correct_fact(text,timestamp with time zone,timestamp with time zone,jsonb,integer) line 24 at RAISE
2026-09-30 07:55:29.538 UTC [1752] STATEMENT:  SELECT correct_fact('stress', '2026-09-21T10:00:00+00:00'::timestamptz, '2026-09-21T12:00:00+00:00'::timestamptz, '{"v": 22}'::jsonb, 22)
2026-09-30 07:55:29.542 UTC [1754] ERROR:  expected revision 22 but head is 23
2026-09-30 07:55:29.542 UTC [1754] CONTEXT:  PL/pgSQL function correct_fact(text,timestamp with time zone,timestamp with time zone,jsonb,integer) line 24 at RAISE
2026-09-30 07:55:29.542 UTC [1754] STATEMENT:  SELECT correct_fact('stress', '2026-09-21T10:00:00+00:00'::timestamptz, '2026-09-21T12:00:00+00:00'::timestamptz, '{"v": 1}'::jsonb, 22)
2026-09-30 07:55:29.546 UTC [1751] ERROR:  expected revision 21 but head is 23
2026-09-30 07:55:29.546 UTC [1751] CONTEXT:  PL/pgSQL function correct_fact(text,timestamp with time zone,timestamp with time zone,jsonb,integer) line 24 at RAISE
2026-09-30 07:55:29.546 UTC [1751] STATEMENT:  SELECT correct_fact('stress', '2026-09-21T10:00:00+00:00'::timestamptz, '2026-09-21T12:00:00+00:00'::timestamptz, '{"v": 9}'::jsonb, 21)
2026-09-30 07:55:29.551 UTC [1753] ERROR:  expected revision 22 but head is 23
2026-09-30 07:55:29.551 UTC [1753] CONTEXT:  PL/pgSQL function correct_fact(text,timestamp with time zone,timestamp with time zone,jsonb,integer) line 24 at RAISE
2026-09-30 07:55:29.551 UTC [1753] STATEMENT:  SELECT correct_fact('stress', '2026-09-21T10:00:00+00:00'::timestamptz, '2026-09-21T12:00:00+00:00'::timestamptz, '{"v": 30}'::jsonb, 22)
2026-09-30 07:55:29.551 UTC [1751] ERROR:  expected revision 22 but head is 23
2026-09-30 07:55:29.551 UTC [1751] CONTEXT:  PL/pgSQL function correct_fact(text,timestamp with time zone,timestamp with time zone,jsonb,integer) line 24 at RAISE
2026-09-30 07:55:29.551 UTC [1751] STATEMENT:  SELECT correct_fact('stress', '2026-09-21T10:00:00+00:00'::timestamptz, '2026-09-21T12:00:00+00:00'::timestamptz, '{"v": 7}'::jsonb, 22)
2026-09-30 07:55:29.565 UTC [1758] ERROR:  expected revision 22 but head is 24
2026-09-30 07:55:29.565 UTC [1758] CONTEXT:  PL/pgSQL function correct_fact(text,timestamp with time zone,timestamp with time zone,jsonb,integer) line 24 at RAISE
2026-09-30 07:55:29.565 UTC [1758] STATEMENT:  SELECT correct_fact('stress', '2026-09-21T10:00:00+00:00'::timestamptz, '2026-09-21T12:00:00+00:00'::timestamptz, '{"v": 16}'::jsonb, 22)
2026-09-30 07:55:29.569 UTC [1758] ERROR:  expected revision 23 but head is 24
2026-09-30 07:55:29.569 UTC [1758] CONTEXT:  PL/pgSQL function correct_fact(text,timestamp with time zone,timestamp with time zone,jsonb,integer) line 24 at RAISE
2026-09-30 07:55:29.569 UTC [1758] STATEMENT:  SELECT correct_fact('stress', '2026-09-21T10:00:00+00:00'::timestamptz, '2026-09-21T12:00:00+00:00'::timestamptz, '{"v": 18}'::jsonb, 23)
2026-09-30 07:55:29.570 UTC [1760] ERROR:  expected revision 23 but head is 24
2026-09-30 07:55:29.570 UTC [1760] CONTEXT:  PL/pgSQL function correct_fact(text,timestamp with time zone,timestamp with time zone,jsonb,integer) line 24 at RAISE
2026-09-30 07:55:29.570 UTC [1760] STATEMENT:  SELECT correct_fact('stress', '2026-09-21T10:00:00+00:00'::timestamptz, '2026-09-21T12:00:00+00:00'::timestamptz, '{"v": 28}'::jsonb, 23)
2026-09-30 07:55:29.571 UTC [1759] ERROR:  expected revision 23 but head is 24
2026-09-30 07:55:29.571 UTC [1759] CONTEXT:  PL/pgSQL function correct_fact(text,timestamp with time zone,timestamp with time zone,jsonb,integer) line 24 at RAISE
2026-09-30 07:55:29.571 UTC [1759] STATEMENT:  SELECT correct_fact('stress', '2026-09-21T10:00:00+00:00'::timestamptz, '2026-09-21T12:00:00+00:00'::timestamptz, '{"v": 23}'::jsonb, 23)
2026-09-30 07:55:29.571 UTC [1761] ERROR:  expected revision 22 but head is 24
2026-09-30 07:55:29.571 UTC [1761] CONTEXT:  PL/pgSQL function correct_fact(text,timestamp with time zone,timestamp with time zone,jsonb,integer) line 24 at RAISE
2026-09-30 07:55:29.571 UTC [1761] STATEMENT:  SELECT correct_fact('stress', '2026-09-21T10:00:00+00:00'::timestamptz, '2026-09-21T12:00:00+00:00'::timestamptz, '{"v": 17}'::jsonb, 22)
2026-09-30 07:55:29.576 UTC [1758] ERROR:  expected revision 23 but head is 24
2026-09-30 07:55:29.576 UTC [1758] CONTEXT:  PL/pgSQL function correct_fact(text,timestamp with time zone,timestamp with time zone,jsonb,integer) line 24 at RAISE
2026-09-30 07:55:29.576 UTC [1758] STATEMENT:  SELECT correct_fact('stress', '2026-09-21T10:00:00+00:00'::timestamptz, '2026-09-21T12:00:00+00:00'::timestamptz, '{"v": 19}'::jsonb, 23)
2026-09-30 07:55:29.578 UTC [1762] ERROR:  expected revision 22 but head is 24
2026-09-30 07:55:29.578 UTC [1762] CONTEXT:  PL/pgSQL function correct_fact(text,timestamp with time zone,timestamp with time zone,jsonb,integer) line 24 at RAISE
2026-09-30 07:55:29.578 UTC [1762] STATEMENT:  SELECT correct_fact('stress', '2026-09-21T10:00:00+00:00'::timestamptz, '2026-09-21T12:00:00+00:00'::timestamptz, '{"v": 4}'::jsonb, 22)
2026-09-30 07:55:29.583 UTC [1762] ERROR:  expected revision 23 but head is 24
2026-09-30 07:55:29.583 UTC [1762] CONTEXT:  PL/pgSQL function correct_fact(text,timestamp with time zone,timestamp with time zone,jsonb,integer) line 24 at RAISE
2026-09-30 07:55:29.583 UTC [1762] STATEMENT:  SELECT correct_fact('stress', '2026-09-21T10:00:00+00:00'::timestamptz, '2026-09-21T12:00:00+00:00'::timestamptz, '{"v": 38}'::jsonb, 23)
2026-09-30 07:55:29.584 UTC [1765] ERROR:  expected revision 23 but head is 24
2026-09-30 07:55:29.584 UTC [1765] CONTEXT:  PL/pgSQL function correct_fact(text,timestamp with time zone,timestamp with time zone,jsonb,integer) line 24 at RAISE
2026-09-30 07:55:29.584 UTC [1765] STATEMENT:  SELECT correct_fact('stress', '2026-09-21T10:00:00+00:00'::timestamptz, '2026-09-21T12:00:00+00:00'::timestamptz, '{"v": 29}'::jsonb, 23)
2026-09-30 07:55:29.589 UTC [1763] ERROR:  expected revision 23 but head is 24
2026-09-30 07:55:29.589 UTC [1763] CONTEXT:  PL/pgSQL function correct_fact(text,timestamp with time zone,timestamp with time zone,jsonb,integer) line 24 at RAISE
2026-09-30 07:55:29.589 UTC [1763] STATEMENT:  SELECT correct_fact('stress', '2026-09-21T10:00:00+00:00'::timestamptz, '2026-09-21T12:00:00+00:00'::timestamptz, '{"v": 10}'::jsonb, 23)
2026-09-30 07:55:29.595 UTC [1764] ERROR:  expected revision 23 but head is 24
2026-09-30 07:55:29.595 UTC [1764] CONTEXT:  PL/pgSQL function correct_fact(text,timestamp with time zone,timestamp with time zone,jsonb,integer) line 24 at RAISE
2026-09-30 07:55:29.595 UTC [1764] STATEMENT:  SELECT correct_fact('stress', '2026-09-21T10:00:00+00:00'::timestamptz, '2026-09-21T12:00:00+00:00'::timestamptz, '{"v": 20}'::jsonb, 23)
2026-09-30 07:55:29.607 UTC [1766] ERROR:  expected revision 24 but head is 25
2026-09-30 07:55:29.607 UTC [1766] CONTEXT:  PL/pgSQL function correct_fact(text,timestamp with time zone,timestamp with time zone,jsonb,integer) line 24 at RAISE
2026-09-30 07:55:29.607 UTC [1766] STATEMENT:  SELECT correct_fact('stress', '2026-09-21T10:00:00+00:00'::timestamptz, '2026-09-21T12:00:00+00:00'::timestamptz, '{"v": 1}'::jsonb, 24)
2026-09-30 07:55:29.607 UTC [1768] ERROR:  expected revision 23 but head is 25
2026-09-30 07:55:29.607 UTC [1768] CONTEXT:  PL/pgSQL function correct_fact(text,timestamp with time zone,timestamp with time zone,jsonb,integer) line 24 at RAISE
2026-09-30 07:55:29.607 UTC [1768] STATEMENT:  SELECT correct_fact('stress', '2026-09-21T10:00:00+00:00'::timestamptz, '2026-09-21T12:00:00+00:00'::timestamptz, '{"v": 0}'::jsonb, 23)
2026-09-30 07:55:29.609 UTC [1767] ERROR:  expected revision 24 but head is 25
2026-09-30 07:55:29.609 UTC [1767] CONTEXT:  PL/pgSQL function correct_fact(text,timestamp with time zone,timestamp with time zone,jsonb,integer) line 24 at RAISE
2026-09-30 07:55:29.609 UTC [1767] STATEMENT:  SELECT correct_fact('stress', '2026-09-21T10:00:00+00:00'::timestamptz, '2026-09-21T12:00:00+00:00'::timestamptz, '{"v": 9}'::jsonb, 24)
2026-09-30 07:55:29.612 UTC [1764] ERROR:  expected revision 24 but head is 25
2026-09-30 07:55:29.612 UTC [1764] CONTEXT:  PL/pgSQL function correct_fact(text,timestamp with time zone,timestamp with time zone,jsonb,integer) line 24 at RAISE
2026-09-30 07:55:29.612 UTC [1764] STATEMENT:  SELECT correct_fact('stress', '2026-09-21T10:00:00+00:00'::timestamptz, '2026-09-21T12:00:00+00:00'::timestamptz, '{"v": 7}'::jsonb, 24)
2026-09-30 07:55:29.617 UTC [1774] ERROR:  expected revision 24 but head is 25
2026-09-30 07:55:29.617 UTC [1774] CONTEXT:  PL/pgSQL function correct_fact(text,timestamp with time zone,timestamp with time zone,jsonb,integer) line 24 at RAISE
2026-09-30 07:55:29.617 UTC [1774] STATEMENT:  SELECT correct_fact('stress', '2026-09-21T10:00:00+00:00'::timestamptz, '2026-09-21T12:00:00+00:00'::timestamptz, '{"v": 22}'::jsonb, 24)
2026-09-30 07:55:29.619 UTC [1767] ERROR:  expected revision 24 but head is 25
2026-09-30 07:55:29.619 UTC [1767] CONTEXT:  PL/pgSQL function correct_fact(text,timestamp with time zone,timestamp with time zone,jsonb,integer) line 24 at RAISE
2026-09-30 07:55:29.619 UTC [1767] STATEMENT:  SELECT correct_fact('stress', '2026-09-21T10:00:00+00:00'::timestamptz, '2026-09-21T12:00:00+00:00'::timestamptz, '{"v": 19}'::jsonb, 24)
2026-09-30 07:55:29.622 UTC [1767] ERROR:  expected revision 24 but head is 25
2026-09-30 07:55:29.622 UTC [1767] CONTEXT:  PL/pgSQL function correct_fact(text,timestamp with time zone,timestamp with time zone,jsonb,integer) line 24 at RAISE
2026-09-30 07:55:29.622 UTC [1767] STATEMENT:  SELECT correct_fact('stress', '2026-09-21T10:00:00+00:00'::timestamptz, '2026-09-21T12:00:00+00:00'::timestamptz, '{"v": 18}'::jsonb, 24)
2026-09-30 07:55:29.625 UTC [1767] ERROR:  expected revision 24 but head is 25
2026-09-30 07:55:29.625 UTC [1767] CONTEXT:  PL/pgSQL function correct_fact(text,timestamp with time zone,timestamp with time zone,jsonb,integer) line 24 at RAISE
2026-09-30 07:55:29.625 UTC [1767] STATEMENT:  SELECT correct_fact('stress', '2026-09-21T10:00:00+00:00'::timestamptz, '2026-09-21T12:00:00+00:00'::timestamptz, '{"v": 10}'::jsonb, 24)
2026-09-30 07:55:29.637 UTC [1777] ERROR:  expected revision 25 but head is 26
2026-09-30 07:55:29.637 UTC [1777] CONTEXT:  PL/pgSQL function correct_fact(text,timestamp with time zone,timestamp with time zone,jsonb,integer) line 24 at RAISE
2026-09-30 07:55:29.637 UTC [1777] STATEMENT:  SELECT correct_fact('stress', '2026-09-21T10:00:00+00:00'::timestamptz, '2026-09-21T12:00:00+00:00'::timestamptz, '{"v": 16}'::jsonb, 25)
2026-09-30 07:55:29.638 UTC [1767] ERROR:  expected revision 25 but head is 26
2026-09-30 07:55:29.638 UTC [1767] CONTEXT:  PL/pgSQL function correct_fact(text,timestamp with time zone,timestamp with time zone,jsonb,integer) line 24 at RAISE
2026-09-30 07:55:29.638 UTC [1767] STATEMENT:  SELECT correct_fact('stress', '2026-09-21T10:00:00+00:00'::timestamptz, '2026-09-21T12:00:00+00:00'::timestamptz, '{"v": 17}'::jsonb, 25)
2026-09-30 07:55:29.640 UTC [1778] ERROR:  expected revision 24 but head is 26
2026-09-30 07:55:29.640 UTC [1778] CONTEXT:  PL/pgSQL function correct_fact(text,timestamp with time zone,timestamp with time zone,jsonb,integer) line 24 at RAISE
2026-09-30 07:55:29.640 UTC [1778] STATEMENT:  SELECT correct_fact('stress', '2026-09-21T10:00:00+00:00'::timestamptz, '2026-09-21T12:00:00+00:00'::timestamptz, '{"v": 28}'::jsonb, 24)
2026-09-30 07:55:29.640 UTC [1779] ERROR:  expected revision 25 but head is 26
2026-09-30 07:55:29.640 UTC [1779] CONTEXT:  PL/pgSQL function correct_fact(text,timestamp with time zone,timestamp with time zone,jsonb,integer) line 24 at RAISE
2026-09-30 07:55:29.640 UTC [1779] STATEMENT:  SELECT correct_fact('stress', '2026-09-21T10:00:00+00:00'::timestamptz, '2026-09-21T12:00:00+00:00'::timestamptz, '{"v": 23}'::jsonb, 25)
2026-09-30 07:55:29.640 UTC [1780] ERROR:  expected revision 25 but head is 26
2026-09-30 07:55:29.640 UTC [1780] CONTEXT:  PL/pgSQL function correct_fact(text,timestamp with time zone,timestamp with time zone,jsonb,integer) line 24 at RAISE
2026-09-30 07:55:29.640 UTC [1780] STATEMENT:  SELECT correct_fact('stress', '2026-09-21T10:00:00+00:00'::timestamptz, '2026-09-21T12:00:00+00:00'::timestamptz, '{"v": 4}'::jsonb, 25)
2026-09-30 07:55:29.656 UTC [1787] ERROR:  expected revision 25 but head is 26
2026-09-30 07:55:29.656 UTC [1787] CONTEXT:  PL/pgSQL function correct_fact(text,timestamp with time zone,timestamp with time zone,jsonb,integer) line 24 at RAISE
2026-09-30 07:55:29.656 UTC [1787] STATEMENT:  SELECT correct_fact('stress', '2026-09-21T10:00:00+00:00'::timestamptz, '2026-09-21T12:00:00+00:00'::timestamptz, '{"v": 20}'::jsonb, 25)
2026-09-30 07:55:29.656 UTC [1783] ERROR:  expected revision 25 but head is 26
2026-09-30 07:55:29.656 UTC [1783] CONTEXT:  PL/pgSQL function correct_fact(text,timestamp with time zone,timestamp with time zone,jsonb,integer) line 24 at RAISE
2026-09-30 07:55:29.656 UTC [1783] STATEMENT:  SELECT correct_fact('stress', '2026-09-21T10:00:00+00:00'::timestamptz, '2026-09-21T12:00:00+00:00'::timestamptz, '{"v": 38}'::jsonb, 25)
2026-09-30 07:55:29.672 UTC [1782] ERROR:  expected revision 26 but head is 27
2026-09-30 07:55:29.672 UTC [1782] CONTEXT:  PL/pgSQL function correct_fact(text,timestamp with time zone,timestamp with time zone,jsonb,integer) line 24 at RAISE
2026-09-30 07:55:29.672 UTC [1782] STATEMENT:  SELECT correct_fact('stress', '2026-09-21T10:00:00+00:00'::timestamptz, '2026-09-21T12:00:00+00:00'::timestamptz, '{"v": 9}'::jsonb, 26)
2026-09-30 07:55:29.672 UTC [1789] ERROR:  expected revision 26 but head is 27
2026-09-30 07:55:29.672 UTC [1789] CONTEXT:  PL/pgSQL function correct_fact(text,timestamp with time zone,timestamp with time zone,jsonb,integer) line 24 at RAISE
2026-09-30 07:55:29.672 UTC [1789] STATEMENT:  SELECT correct_fact('stress', '2026-09-21T10:00:00+00:00'::timestamptz, '2026-09-21T12:00:00+00:00'::timestamptz, '{"v": 18}'::jsonb, 26)
2026-09-30 07:55:29.674 UTC [1782] ERROR:  expected revision 26 but head is 27
2026-09-30 07:55:29.674 UTC [1782] CONTEXT:  PL/pgSQL function correct_fact(text,timestamp with time zone,timestamp with time zone,jsonb,integer) line 24 at RAISE
2026-09-30 07:55:29.674 UTC [1782] STATEMENT:  SELECT correct_fact('stress', '2026-09-21T10:00:00+00:00'::timestamptz, '2026-09-21T12:00:00+00:00'::timestamptz, '{"v": 10}'::jsonb, 26)
2026-09-30 07:55:29.676 UTC [1790] ERROR:  expected revision 26 but head is 27
2026-09-30 07:55:29.676 UTC [1790] CONTEXT:  PL/pgSQL function correct_fact(text,timestamp with time zone,timestamp with time zone,jsonb,integer) line 24 at RAISE
2026-09-30 07:55:29.676 UTC [1790] STATEMENT:  SELECT correct_fact('stress', '2026-09-21T10:00:00+00:00'::timestamptz, '2026-09-21T12:00:00+00:00'::timestamptz, '{"v": 7}'::jsonb, 26)
2026-09-30 07:55:29.676 UTC [1791] ERROR:  expected revision 26 but head is 27
2026-09-30 07:55:29.676 UTC [1791] CONTEXT:  PL/pgSQL function correct_fact(text,timestamp with time zone,timestamp with time zone,jsonb,integer) line 24 at RAISE
2026-09-30 07:55:29.676 UTC [1791] STATEMENT:  SELECT correct_fact('stress', '2026-09-21T10:00:00+00:00'::timestamptz, '2026-09-21T12:00:00+00:00'::timestamptz, '{"v": 1}'::jsonb, 26)
2026-09-30 07:55:29.678 UTC [1782] ERROR:  expected revision 26 but head is 27
2026-09-30 07:55:29.678 UTC [1782] CONTEXT:  PL/pgSQL function correct_fact(text,timestamp with time zone,timestamp with time zone,jsonb,integer) line 24 at RAISE
2026-09-30 07:55:29.678 UTC [1782] STATEMENT:  SELECT correct_fact('stress', '2026-09-21T10:00:00+00:00'::timestamptz, '2026-09-21T12:00:00+00:00'::timestamptz, '{"v": 22}'::jsonb, 26)
2026-09-30 07:55:29.680 UTC [1792] ERROR:  expected revision 26 but head is 27
2026-09-30 07:55:29.680 UTC [1792] CONTEXT:  PL/pgSQL function correct_fact(text,timestamp with time zone,timestamp with time zone,jsonb,integer) line 24 at RAISE
2026-09-30 07:55:29.680 UTC [1792] STATEMENT:  SELECT correct_fact('stress', '2026-09-21T10:00:00+00:00'::timestamptz, '2026-09-21T12:00:00+00:00'::timestamptz, '{"v": 19}'::jsonb, 26)
2026-09-30 07:55:29.683 UTC [1792] ERROR:  expected revision 26 but head is 27
2026-09-30 07:55:29.683 UTC [1792] CONTEXT:  PL/pgSQL function correct_fact(text,timestamp with time zone,timestamp with time zone,jsonb,integer) line 24 at RAISE
2026-09-30 07:55:29.683 UTC [1792] STATEMENT:  SELECT correct_fact('stress', '2026-09-21T10:00:00+00:00'::timestamptz, '2026-09-21T12:00:00+00:00'::timestamptz, '{"v": 17}'::jsonb, 26)
2026-09-30 07:55:29.686 UTC [1791] ERROR:  expected revision 26 but head is 27
2026-09-30 07:55:29.686 UTC [1791] CONTEXT:  PL/pgSQL function correct_fact(text,timestamp with time zone,timestamp with time zone,jsonb,integer) line 24 at RAISE
2026-09-30 07:55:29.686 UTC [1791] STATEMENT:  SELECT correct_fact('stress', '2026-09-21T10:00:00+00:00'::timestamptz, '2026-09-21T12:00:00+00:00'::timestamptz, '{"v": 23}'::jsonb, 26)
2026-09-30 07:55:29.686 UTC [1793] ERROR:  expected revision 26 but head is 27
2026-09-30 07:55:29.686 UTC [1793] CONTEXT:  PL/pgSQL function correct_fact(text,timestamp with time zone,timestamp with time zone,jsonb,integer) line 24 at RAISE
2026-09-30 07:55:29.686 UTC [1793] STATEMENT:  SELECT correct_fact('stress', '2026-09-21T10:00:00+00:00'::timestamptz, '2026-09-21T12:00:00+00:00'::timestamptz, '{"v": 16}'::jsonb, 26)
2026-09-30 07:55:29.688 UTC [1791] ERROR:  expected revision 26 but head is 27
2026-09-30 07:55:29.688 UTC [1791] CONTEXT:  PL/pgSQL function correct_fact(text,timestamp with time zone,timestamp with time zone,jsonb,integer) line 24 at RAISE
2026-09-30 07:55:29.688 UTC [1791] STATEMENT:  SELECT correct_fact('stress', '2026-09-21T10:00:00+00:00'::timestamptz, '2026-09-21T12:00:00+00:00'::timestamptz, '{"v": 4}'::jsonb, 26)
2026-09-30 07:55:29.703 UTC [1794] ERROR:  expected revision 26 but head is 27
2026-09-30 07:55:29.703 UTC [1794] CONTEXT:  PL/pgSQL function correct_fact(text,timestamp with time zone,timestamp with time zone,jsonb,integer) line 24 at RAISE
2026-09-30 07:55:29.703 UTC [1794] STATEMENT:  SELECT correct_fact('stress', '2026-09-21T10:00:00+00:00'::timestamptz, '2026-09-21T12:00:00+00:00'::timestamptz, '{"v": 28}'::jsonb, 26)
2026-09-30 07:55:29.716 UTC [1800] ERROR:  expected revision 27 but head is 28
2026-09-30 07:55:29.716 UTC [1800] CONTEXT:  PL/pgSQL function correct_fact(text,timestamp with time zone,timestamp with time zone,jsonb,integer) line 24 at RAISE
2026-09-30 07:55:29.716 UTC [1800] STATEMENT:  SELECT correct_fact('stress', '2026-09-21T10:00:00+00:00'::timestamptz, '2026-09-21T12:00:00+00:00'::timestamptz, '{"v": 38}'::jsonb, 27)
2026-09-30 07:55:29.720 UTC [1801] ERROR:  expected revision 27 but head is 28
2026-09-30 07:55:29.720 UTC [1801] CONTEXT:  PL/pgSQL function correct_fact(text,timestamp with time zone,timestamp with time zone,jsonb,integer) line 24 at RAISE
2026-09-30 07:55:29.720 UTC [1801] STATEMENT:  SELECT correct_fact('stress', '2026-09-21T10:00:00+00:00'::timestamptz, '2026-09-21T12:00:00+00:00'::timestamptz, '{"v": 22}'::jsonb, 27)
2026-09-30 07:55:29.721 UTC [1793] ERROR:  expected revision 27 but head is 28
2026-09-30 07:55:29.721 UTC [1793] CONTEXT:  PL/pgSQL function correct_fact(text,timestamp with time zone,timestamp with time zone,jsonb,integer) line 24 at RAISE
2026-09-30 07:55:29.721 UTC [1793] STATEMENT:  SELECT correct_fact('stress', '2026-09-21T10:00:00+00:00'::timestamptz, '2026-09-21T12:00:00+00:00'::timestamptz, '{"v": 7}'::jsonb, 27)
2026-09-30 07:55:29.722 UTC [1802] ERROR:  expected revision 27 but head is 28
2026-09-30 07:55:29.722 UTC [1802] CONTEXT:  PL/pgSQL function correct_fact(text,timestamp with time zone,timestamp with time zone,jsonb,integer) line 24 at RAISE
2026-09-30 07:55:29.722 UTC [1802] STATEMENT:  SELECT correct_fact('stress', '2026-09-21T10:00:00+00:00'::timestamptz, '2026-09-21T12:00:00+00:00'::timestamptz, '{"v": 9}'::jsonb, 27)
2026-09-30 07:55:29.723 UTC [1801] ERROR:  expected revision 27 but head is 28
2026-09-30 07:55:29.723 UTC [1801] CONTEXT:  PL/pgSQL function correct_fact(text,timestamp with time zone,timestamp with time zone,jsonb,integer) line 24 at RAISE
2026-09-30 07:55:29.723 UTC [1801] STATEMENT:  SELECT correct_fact('stress', '2026-09-21T10:00:00+00:00'::timestamptz, '2026-09-21T12:00:00+00:00'::timestamptz, '{"v": 1}'::jsonb, 27)
2026-09-30 07:55:29.726 UTC [1801] ERROR:  expected revision 27 but head is 28
2026-09-30 07:55:29.726 UTC [1801] CONTEXT:  PL/pgSQL function correct_fact(text,timestamp with time zone,timestamp with time zone,jsonb,integer) line 24 at RAISE
2026-09-30 07:55:29.726 UTC [1801] STATEMENT:  SELECT correct_fact('stress', '2026-09-21T10:00:00+00:00'::timestamptz, '2026-09-21T12:00:00+00:00'::timestamptz, '{"v": 18}'::jsonb, 27)
2026-09-30 07:55:29.728 UTC [1801] ERROR:  expected revision 27 but head is 28
2026-09-30 07:55:29.728 UTC [1801] CONTEXT:  PL/pgSQL function correct_fact(text,timestamp with time zone,timestamp with time zone,jsonb,integer) line 24 at RAISE
2026-09-30 07:55:29.728 UTC [1801] STATEMENT:  SELECT correct_fact('stress', '2026-09-21T10:00:00+00:00'::timestamptz, '2026-09-21T12:00:00+00:00'::timestamptz, '{"v": 16}'::jsonb, 27)
2026-09-30 07:55:29.737 UTC [1803] ERROR:  expected revision 27 but head is 29
2026-09-30 07:55:29.737 UTC [1803] CONTEXT:  PL/pgSQL function correct_fact(text,timestamp with time zone,timestamp with time zone,jsonb,integer) line 24 at RAISE
2026-09-30 07:55:29.737 UTC [1803] STATEMENT:  SELECT correct_fact('stress', '2026-09-21T10:00:00+00:00'::timestamptz, '2026-09-21T12:00:00+00:00'::timestamptz, '{"v": 20}'::jsonb, 27)
2026-09-30 07:55:29.738 UTC [1804] ERROR:  expected revision 27 but head is 29
2026-09-30 07:55:29.738 UTC [1804] CONTEXT:  PL/pgSQL function correct_fact(text,timestamp with time zone,timestamp with time zone,jsonb,integer) line 24 at RAISE
2026-09-30 07:55:29.738 UTC [1804] STATEMENT:  SELECT correct_fact('stress', '2026-09-21T10:00:00+00:00'::timestamptz, '2026-09-21T12:00:00+00:00'::timestamptz, '{"v": 19}'::jsonb, 27)
2026-09-30 07:55:29.746 UTC [1807] ERROR:  expected revision 27 but head is 29
2026-09-30 07:55:29.746 UTC [1807] CONTEXT:  PL/pgSQL function correct_fact(text,timestamp with time zone,timestamp with time zone,jsonb,integer) line 24 at RAISE
2026-09-30 07:55:29.746 UTC [1807] STATEMENT:  SELECT correct_fact('stress', '2026-09-21T10:00:00+00:00'::timestamptz, '2026-09-21T12:00:00+00:00'::timestamptz, '{"v": 17}'::jsonb, 27)
2026-09-30 07:55:29.746 UTC [1809] ERROR:  expected revision 28 but head is 29
2026-09-30 07:55:29.746 UTC [1809] CONTEXT:  PL/pgSQL function correct_fact(text,timestamp with time zone,timestamp with time zone,jsonb,integer) line 24 at RAISE
2026-09-30 07:55:29.746 UTC [1809] STATEMENT:  SELECT correct_fact('stress', '2026-09-21T10:00:00+00:00'::timestamptz, '2026-09-21T12:00:00+00:00'::timestamptz, '{"v": 4}'::jsonb, 28)
2026-09-30 07:55:29.763 UTC [1812] ERROR:  expected revision 29 but head is 30
2026-09-30 07:55:29.763 UTC [1812] CONTEXT:  PL/pgSQL function correct_fact(text,timestamp with time zone,timestamp with time zone,jsonb,integer) line 24 at RAISE
2026-09-30 07:55:29.763 UTC [1812] STATEMENT:  SELECT correct_fact('stress', '2026-09-21T10:00:00+00:00'::timestamptz, '2026-09-21T12:00:00+00:00'::timestamptz, '{"v": 28}'::jsonb, 29)
2026-09-30 07:55:29.765 UTC [1815] ERROR:  expected revision 29 but head is 30
2026-09-30 07:55:29.765 UTC [1815] CONTEXT:  PL/pgSQL function correct_fact(text,timestamp with time zone,timestamp with time zone,jsonb,integer) line 24 at RAISE
2026-09-30 07:55:29.765 UTC [1815] STATEMENT:  SELECT correct_fact('stress', '2026-09-21T10:00:00+00:00'::timestamptz, '2026-09-21T12:00:00+00:00'::timestamptz, '{"v": 18}'::jsonb, 29)
2026-09-30 07:55:29.771 UTC [1813] ERROR:  expected revision 29 but head is 30
2026-09-30 07:55:29.771 UTC [1813] CONTEXT:  PL/pgSQL function correct_fact(text,timestamp with time zone,timestamp with time zone,jsonb,integer) line 24 at RAISE
2026-09-30 07:55:29.771 UTC [1813] STATEMENT:  SELECT correct_fact('stress', '2026-09-21T10:00:00+00:00'::timestamptz, '2026-09-21T12:00:00+00:00'::timestamptz, '{"v": 9}'::jsonb, 29)
2026-09-30 07:55:29.772 UTC [1817] ERROR:  expected revision 29 but head is 30
2026-09-30 07:55:29.772 UTC [1817] CONTEXT:  PL/pgSQL function correct_fact(text,timestamp with time zone,timestamp with time zone,jsonb,integer) line 24 at RAISE
2026-09-30 07:55:29.772 UTC [1817] STATEMENT:  SELECT correct_fact('stress', '2026-09-21T10:00:00+00:00'::timestamptz, '2026-09-21T12:00:00+00:00'::timestamptz, '{"v": 16}'::jsonb, 29)
2026-09-30 07:55:29.772 UTC [1814] ERROR:  expected revision 29 but head is 30
2026-09-30 07:55:29.772 UTC [1814] CONTEXT:  PL/pgSQL function correct_fact(text,timestamp with time zone,timestamp with time zone,jsonb,integer) line 24 at RAISE
2026-09-30 07:55:29.772 UTC [1814] STATEMENT:  SELECT correct_fact('stress', '2026-09-21T10:00:00+00:00'::timestamptz, '2026-09-21T12:00:00+00:00'::timestamptz, '{"v": 20}'::jsonb, 29)
2026-09-30 07:55:29.773 UTC [1818] ERROR:  expected revision 29 but head is 30
2026-09-30 07:55:29.773 UTC [1818] CONTEXT:  PL/pgSQL function correct_fact(text,timestamp with time zone,timestamp with time zone,jsonb,integer) line 24 at RAISE
2026-09-30 07:55:29.773 UTC [1818] STATEMENT:  SELECT correct_fact('stress', '2026-09-21T10:00:00+00:00'::timestamptz, '2026-09-21T12:00:00+00:00'::timestamptz, '{"v": 7}'::jsonb, 29)
2026-09-30 07:55:29.773 UTC [1821] ERROR:  expected revision 29 but head is 30
2026-09-30 07:55:29.773 UTC [1821] CONTEXT:  PL/pgSQL function correct_fact(text,timestamp with time zone,timestamp with time zone,jsonb,integer) line 24 at RAISE
2026-09-30 07:55:29.773 UTC [1821] STATEMENT:  SELECT correct_fact('stress', '2026-09-21T10:00:00+00:00'::timestamptz, '2026-09-21T12:00:00+00:00'::timestamptz, '{"v": 22}'::jsonb, 29)
2026-09-30 07:55:29.774 UTC [1822] ERROR:  expected revision 29 but head is 30
2026-09-30 07:55:29.774 UTC [1822] CONTEXT:  PL/pgSQL function correct_fact(text,timestamp with time zone,timestamp with time zone,jsonb,integer) line 24 at RAISE
2026-09-30 07:55:29.774 UTC [1822] STATEMENT:  SELECT correct_fact('stress', '2026-09-21T10:00:00+00:00'::timestamptz, '2026-09-21T12:00:00+00:00'::timestamptz, '{"v": 1}'::jsonb, 29)
2026-09-30 07:55:29.788 UTC [1825] ERROR:  expected revision 30 but head is 31
2026-09-30 07:55:29.788 UTC [1825] CONTEXT:  PL/pgSQL function correct_fact(text,timestamp with time zone,timestamp with time zone,jsonb,integer) line 24 at RAISE
2026-09-30 07:55:29.788 UTC [1825] STATEMENT:  SELECT correct_fact('stress', '2026-09-21T10:00:00+00:00'::timestamptz, '2026-09-21T12:00:00+00:00'::timestamptz, '{"v": 4}'::jsonb, 30)
2026-09-30 07:55:29.788 UTC [1826] ERROR:  expected revision 30 but head is 31
2026-09-30 07:55:29.788 UTC [1826] CONTEXT:  PL/pgSQL function correct_fact(text,timestamp with time zone,timestamp with time zone,jsonb,integer) line 24 at RAISE
2026-09-30 07:55:29.788 UTC [1826] STATEMENT:  SELECT correct_fact('stress', '2026-09-21T10:00:00+00:00'::timestamptz, '2026-09-21T12:00:00+00:00'::timestamptz, '{"v": 19}'::jsonb, 30)
2026-09-30 07:55:29.802 UTC [1828] ERROR:  expected revision 30 but head is 32
2026-09-30 07:55:29.802 UTC [1828] CONTEXT:  PL/pgSQL function correct_fact(text,timestamp with time zone,timestamp with time zone,jsonb,integer) line 24 at RAISE
2026-09-30 07:55:29.802 UTC [1828] STATEMENT:  SELECT correct_fact('stress', '2026-09-21T10:00:00+00:00'::timestamptz, '2026-09-21T12:00:00+00:00'::timestamptz, '{"v": 18}'::jsonb, 30)
2026-09-30 07:55:29.804 UTC [1820] ERROR:  expected revision 30 but head is 32
2026-09-30 07:55:29.804 UTC [1820] CONTEXT:  PL/pgSQL function correct_fact(text,timestamp with time zone,timestamp with time zone,jsonb,integer) line 24 at RAISE
2026-09-30 07:55:29.804 UTC [1820] STATEMENT:  SELECT correct_fact('stress', '2026-09-21T10:00:00+00:00'::timestamptz, '2026-09-21T12:00:00+00:00'::timestamptz, '{"v": 16}'::jsonb, 30)
2026-09-30 07:55:29.809 UTC [1829] ERROR:  expected revision 30 but head is 32
2026-09-30 07:55:29.809 UTC [1829] CONTEXT:  PL/pgSQL function correct_fact(text,timestamp with time zone,timestamp with time zone,jsonb,integer) line 24 at RAISE
2026-09-30 07:55:29.809 UTC [1829] STATEMENT:  SELECT correct_fact('stress', '2026-09-21T10:00:00+00:00'::timestamptz, '2026-09-21T12:00:00+00:00'::timestamptz, '{"v": 28}'::jsonb, 30)
2026-09-30 07:55:29.809 UTC [1820] ERROR:  expected revision 31 but head is 32
2026-09-30 07:55:29.809 UTC [1820] CONTEXT:  PL/pgSQL function correct_fact(text,timestamp with time zone,timestamp with time zone,jsonb,integer) line 24 at RAISE
2026-09-30 07:55:29.809 UTC [1820] STATEMENT:  SELECT correct_fact('stress', '2026-09-21T10:00:00+00:00'::timestamptz, '2026-09-21T12:00:00+00:00'::timestamptz, '{"v": 22}'::jsonb, 31)
2026-09-30 07:55:29.814 UTC [1832] ERROR:  expected revision 31 but head is 32
2026-09-30 07:55:29.814 UTC [1832] CONTEXT:  PL/pgSQL function correct_fact(text,timestamp with time zone,timestamp with time zone,jsonb,integer) line 24 at RAISE
2026-09-30 07:55:29.814 UTC [1832] STATEMENT:  SELECT correct_fact('stress', '2026-09-21T10:00:00+00:00'::timestamptz, '2026-09-21T12:00:00+00:00'::timestamptz, '{"v": 20}'::jsonb, 31)
2026-09-30 07:55:29.814 UTC [1830] ERROR:  expected revision 31 but head is 32
2026-09-30 07:55:29.814 UTC [1830] CONTEXT:  PL/pgSQL function correct_fact(text,timestamp with time zone,timestamp with time zone,jsonb,integer) line 24 at RAISE
2026-09-30 07:55:29.814 UTC [1830] STATEMENT:  SELECT correct_fact('stress', '2026-09-21T10:00:00+00:00'::timestamptz, '2026-09-21T12:00:00+00:00'::timestamptz, '{"v": 9}'::jsonb, 31)
2026-09-30 07:55:29.831 UTC [1833] ERROR:  expected revision 32 but head is 33
2026-09-30 07:55:29.831 UTC [1833] CONTEXT:  PL/pgSQL function correct_fact(text,timestamp with time zone,timestamp with time zone,jsonb,integer) line 24 at RAISE
2026-09-30 07:55:29.831 UTC [1833] STATEMENT:  SELECT correct_fact('stress', '2026-09-21T10:00:00+00:00'::timestamptz, '2026-09-21T12:00:00+00:00'::timestamptz, '{"v": 19}'::jsonb, 32)
2026-09-30 07:55:29.831 UTC [1834] ERROR:  expected revision 31 but head is 33
2026-09-30 07:55:29.831 UTC [1834] CONTEXT:  PL/pgSQL function correct_fact(text,timestamp with time zone,timestamp with time zone,jsonb,integer) line 24 at RAISE
2026-09-30 07:55:29.831 UTC [1834] STATEMENT:  SELECT correct_fact('stress', '2026-09-21T10:00:00+00:00'::timestamptz, '2026-09-21T12:00:00+00:00'::timestamptz, '{"v": 7}'::jsonb, 31)
2026-09-30 07:55:29.833 UTC [1835] ERROR:  expected revision 32 but head is 33
2026-09-30 07:55:29.833 UTC [1835] CONTEXT:  PL/pgSQL function correct_fact(text,timestamp with time zone,timestamp with time zone,jsonb,integer) line 24 at RAISE
2026-09-30 07:55:29.833 UTC [1835] STATEMENT:  SELECT correct_fact('stress', '2026-09-21T10:00:00+00:00'::timestamptz, '2026-09-21T12:00:00+00:00'::timestamptz, '{"v": 22}'::jsonb, 32)
2026-09-30 07:55:29.838 UTC [1839] ERROR:  expected revision 32 but head is 34
2026-09-30 07:55:29.838 UTC [1839] CONTEXT:  PL/pgSQL function correct_fact(text,timestamp with time zone,timestamp with time zone,jsonb,integer) line 24 at RAISE
2026-09-30 07:55:29.838 UTC [1839] STATEMENT:  SELECT correct_fact('stress', '2026-09-21T10:00:00+00:00'::timestamptz, '2026-09-21T12:00:00+00:00'::timestamptz, '{"v": 28}'::jsonb, 32)
2026-09-30 07:55:29.838 UTC [1840] ERROR:  expected revision 32 but head is 34
2026-09-30 07:55:29.838 UTC [1840] CONTEXT:  PL/pgSQL function correct_fact(text,timestamp with time zone,timestamp with time zone,jsonb,integer) line 24 at RAISE
2026-09-30 07:55:29.838 UTC [1840] STATEMENT:  SELECT correct_fact('stress', '2026-09-21T10:00:00+00:00'::timestamptz, '2026-09-21T12:00:00+00:00'::timestamptz, '{"v": 4}'::jsonb, 32)
2026-09-30 07:55:29.840 UTC [1838] ERROR:  expected revision 32 but head is 34
2026-09-30 07:55:29.840 UTC [1838] CONTEXT:  PL/pgSQL function correct_fact(text,timestamp with time zone,timestamp with time zone,jsonb,integer) line 24 at RAISE
2026-09-30 07:55:29.840 UTC [1838] STATEMENT:  SELECT correct_fact('stress', '2026-09-21T10:00:00+00:00'::timestamptz, '2026-09-21T12:00:00+00:00'::timestamptz, '{"v": 16}'::jsonb, 32)
2026-09-30 07:55:29.846 UTC [1837] ERROR:  expected revision 33 but head is 34
2026-09-30 07:55:29.846 UTC [1837] CONTEXT:  PL/pgSQL function correct_fact(text,timestamp with time zone,timestamp with time zone,jsonb,integer) line 24 at RAISE
2026-09-30 07:55:29.846 UTC [1837] STATEMENT:  SELECT correct_fact('stress', '2026-09-21T10:00:00+00:00'::timestamptz, '2026-09-21T12:00:00+00:00'::timestamptz, '{"v": 9}'::jsonb, 33)
2026-09-30 07:55:29.853 UTC [1837] ERROR:  expected revision 34 but head is 35
2026-09-30 07:55:29.853 UTC [1837] CONTEXT:  PL/pgSQL function correct_fact(text,timestamp with time zone,timestamp with time zone,jsonb,integer) line 24 at RAISE
2026-09-30 07:55:29.853 UTC [1837] STATEMENT:  SELECT correct_fact('stress', '2026-09-21T10:00:00+00:00'::timestamptz, '2026-09-21T12:00:00+00:00'::timestamptz, '{"v": 16}'::jsonb, 34)
2026-09-30 07:55:29.859 UTC [1842] ERROR:  expected revision 34 but head is 35
2026-09-30 07:55:29.859 UTC [1842] CONTEXT:  PL/pgSQL function correct_fact(text,timestamp with time zone,timestamp with time zone,jsonb,integer) line 24 at RAISE
2026-09-30 07:55:29.859 UTC [1842] STATEMENT:  SELECT correct_fact('stress', '2026-09-21T10:00:00+00:00'::timestamptz, '2026-09-21T12:00:00+00:00'::timestamptz, '{"v": 22}'::jsonb, 34)
2026-09-30 07:55:29.860 UTC [1845] ERROR:  expected revision 34 but head is 35
2026-09-30 07:55:29.860 UTC [1845] CONTEXT:  PL/pgSQL function correct_fact(text,timestamp with time zone,timestamp with time zone,jsonb,integer) line 24 at RAISE
2026-09-30 07:55:29.860 UTC [1845] STATEMENT:  SELECT correct_fact('stress', '2026-09-21T10:00:00+00:00'::timestamptz, '2026-09-21T12:00:00+00:00'::timestamptz, '{"v": 19}'::jsonb, 34)
2026-09-30 07:55:29.869 UTC [1847] ERROR:  expected revision 34 but head is 36
2026-09-30 07:55:29.869 UTC [1847] CONTEXT:  PL/pgSQL function correct_fact(text,timestamp with time zone,timestamp with time zone,jsonb,integer) line 24 at RAISE
2026-09-30 07:55:29.869 UTC [1847] STATEMENT:  SELECT correct_fact('stress', '2026-09-21T10:00:00+00:00'::timestamptz, '2026-09-21T12:00:00+00:00'::timestamptz, '{"v": 4}'::jsonb, 34)
2026-09-30 07:55:29.869 UTC [1842] ERROR:  expected revision 35 but head is 36
2026-09-30 07:55:29.869 UTC [1842] CONTEXT:  PL/pgSQL function correct_fact(text,timestamp with time zone,timestamp with time zone,jsonb,integer) line 24 at RAISE
2026-09-30 07:55:29.869 UTC [1842] STATEMENT:  SELECT correct_fact('stress', '2026-09-21T10:00:00+00:00'::timestamptz, '2026-09-21T12:00:00+00:00'::timestamptz, '{"v": 16}'::jsonb, 35)
2026-09-30 07:55:29.870 UTC [1842] ERROR:  expected revision 35 but head is 36
2026-09-30 07:55:29.870 UTC [1842] CONTEXT:  PL/pgSQL function correct_fact(text,timestamp with time zone,timestamp with time zone,jsonb,integer) line 24 at RAISE
2026-09-30 07:55:29.870 UTC [1842] STATEMENT:  SELECT correct_fact('stress', '2026-09-21T10:00:00+00:00'::timestamptz, '2026-09-21T12:00:00+00:00'::timestamptz, '{"v": 19}'::jsonb, 35)
2026-09-30 07:55:29.871 UTC [1848] ERROR:  expected revision 35 but head is 36
2026-09-30 07:55:29.871 UTC [1848] CONTEXT:  PL/pgSQL function correct_fact(text,timestamp with time zone,timestamp with time zone,jsonb,integer) line 24 at RAISE
2026-09-30 07:55:29.871 UTC [1848] STATEMENT:  SELECT correct_fact('stress', '2026-09-21T10:00:00+00:00'::timestamptz, '2026-09-21T12:00:00+00:00'::timestamptz, '{"v": 9}'::jsonb, 35)
2026-09-30 07:55:29.883 UTC [1851] ERROR:  expected revision 36 but head is 37
2026-09-30 07:55:29.883 UTC [1851] CONTEXT:  PL/pgSQL function correct_fact(text,timestamp with time zone,timestamp with time zone,jsonb,integer) line 24 at RAISE
2026-09-30 07:55:29.883 UTC [1851] STATEMENT:  SELECT correct_fact('stress', '2026-09-21T10:00:00+00:00'::timestamptz, '2026-09-21T12:00:00+00:00'::timestamptz, '{"v": 4}'::jsonb, 36)
2026-09-30 07:55:29.886 UTC [1850] ERROR:  expected revision 37 but head is 38
2026-09-30 07:55:29.886 UTC [1850] CONTEXT:  PL/pgSQL function correct_fact(text,timestamp with time zone,timestamp with time zone,jsonb,integer) line 24 at RAISE
2026-09-30 07:55:29.886 UTC [1850] STATEMENT:  SELECT correct_fact('stress', '2026-09-21T10:00:00+00:00'::timestamptz, '2026-09-21T12:00:00+00:00'::timestamptz, '{"v": 16}'::jsonb, 37)
2026-09-30 07:55:29.888 UTC [1852] ERROR:  expected revision 37 but head is 38
2026-09-30 07:55:29.888 UTC [1852] CONTEXT:  PL/pgSQL function correct_fact(text,timestamp with time zone,timestamp with time zone,jsonb,integer) line 24 at RAISE
2026-09-30 07:55:29.888 UTC [1852] STATEMENT:  SELECT correct_fact('stress', '2026-09-21T10:00:00+00:00'::timestamptz, '2026-09-21T12:00:00+00:00'::timestamptz, '{"v": 9}'::jsonb, 37)
2026-09-30 07:55:29.902 UTC [1853] ERROR:  expected revision 38 but head is 39
2026-09-30 07:55:29.902 UTC [1853] CONTEXT:  PL/pgSQL function correct_fact(text,timestamp with time zone,timestamp with time zone,jsonb,integer) line 24 at RAISE
2026-09-30 07:55:29.902 UTC [1853] STATEMENT:  SELECT correct_fact('stress', '2026-09-21T10:00:00+00:00'::timestamptz, '2026-09-21T12:00:00+00:00'::timestamptz, '{"v": 16}'::jsonb, 38)
2026-09-30 07:55:29.909 UTC [1853] ERROR:  expected revision 39 but head is 40
2026-09-30 07:55:29.909 UTC [1853] CONTEXT:  PL/pgSQL function correct_fact(text,timestamp with time zone,timestamp with time zone,jsonb,integer) line 24 at RAISE
2026-09-30 07:55:29.909 UTC [1853] STATEMENT:  SELECT correct_fact('stress', '2026-09-21T10:00:00+00:00'::timestamptz, '2026-09-21T12:00:00+00:00'::timestamptz, '{"v": 16}'::jsonb, 39)
2026-09-30 07:56:27.331 UTC [1874] ERROR:  expected revision 0 but head is 3
2026-09-30 07:56:27.331 UTC [1874] CONTEXT:  PL/pgSQL function correct_fact(text,timestamp with time zone,timestamp with time zone,jsonb,integer) line 24 at RAISE
2026-09-30 07:56:27.331 UTC [1874] STATEMENT:  SELECT correct_fact('patient-42/glucose', '2026-09-21T00:00:00+00:00'::timestamptz, '2026-09-28T00:00:00+00:00'::timestamptz, '{"mg_dL": 101}'::jsonb, 0)
2026-09-30 07:57:06.633 UTC [374] LOG:  checkpoint starting: time
2026-09-30 07:57:22.585 UTC [374] LOG:  checkpoint complete: wrote 157 buffers (1.0%); 0 WAL file(s) added, 0 removed, 0 recycled; write=15.916 s, sync=0.016 s, total=15.953 s; sync files=87, longest=0.001 s, average=0.001 s; distance=1360 kB, estimate=5581 kB
2026-09-30 07:58:25.903 UTC [1898] ERROR:  expected revision 2 but head is 3
2026-09-30 07:58:25.903 UTC [1898] CONTEXT:  PL/pgSQL function correct_fact(text,timestamp with time zone,timestamp with time zone,jsonb,integer) line 24 at RAISE
2026-09-30 07:58:25.903 UTC [1898] STATEMENT:  SELECT correct_fact('demo-94b505011783479d8f39909bde99868f', '2026-09-22T00:00:00+00:00'::timestamptz, '2026-09-23T00:00:00+00:00'::timestamptz, '{"mg_dL": 999}'::jsonb, 2)
2026-09-30 07:58:42.851 UTC [1911] ERROR:  expected revision 0 but head is 1
2026-09-30 07:58:42.851 UTC [1911] CONTEXT:  PL/pgSQL function correct_fact(text,timestamp with time zone,timestamp with time zone,jsonb,integer) line 24 at RAISE
2026-09-30 07:58:42.851 UTC [1911] STATEMENT:  SELECT correct_fact('race-1', '2026-09-21T02:00:00+00:00'::timestamptz, '2026-09-21T03:00:00+00:00'::timestamptz, '{"who": 2}'::jsonb, 0)
2026-09-30 07:58:42.853 UTC [1911] ERROR:  expected revision 0 but head is 1
2026-09-30 07:58:42.853 UTC [1911] CONTEXT:  PL/pgSQL function correct_fact(text,timestamp with time zone,timestamp with time zone,jsonb,integer) line 24 at RAISE
2026-09-30 07:58:42.853 UTC [1911] STATEMENT:  SELECT correct_fact('race-1', '2026-09-21T05:00:00+00:00'::timestamptz, '2026-09-21T06:00:00+00:00'::timestamptz, '{"who": 5}'::jsonb, 0)
2026-09-30 07:58:42.854 UTC [1922] ERROR:  expected revision 0 but head is 1
2026-09-30 07:58:42.854 UTC [1922] CONTEXT:  PL/pgSQL function correct_fact(text,timestamp with time zone,timestamp with time zone,jsonb,integer) line 24 at RAISE
2026-09-30 07:58:42.854 UTC [1922] STATEMENT:  SELECT correct_fact('race-1', '2026-09-21T01:00:00+00:00'::timestamptz, '2026-09-21T02:00:00+00:00'::timestamptz, '{"who": 1}'::jsonb, 0)
2026-09-30 07:58:42.859 UTC [1934] ERROR:  expected revision 0 but head is 1
2026-09-30 07:58:42.859 UTC [1934] CONTEXT:  PL/pgSQL function correct_fact(text,timestamp with time zone,timestamp with time zone,jsonb,integer) line 24 at RAISE
2026-09-30 07:58:42.859 UTC [1934] STATEMENT:  SELECT correct_fact('race-1', '2026-09-21T04:00:00+00:00'::timestamptz, '2026-09-21T05:00:00+00:00'::timestamptz, '{"who": 4}'::jsonb, 0)
2026-09-30 07:58:42.859 UTC [1935] ERROR:  expected revision 0 but head is 1
2026-09-30 07:58:42.859 UTC [1935] CONTEXT:  PL/pgSQL function correct_fact(text,timestamp with time zone,timestamp with time zone,jsonb,integer) line 24 at RAISE
2026-09-30 07:58:42.859 UTC [1935] STATEMENT:  SELECT correct_fact('race-1', '2026-09-21T06:00:00+00:00'::timestamptz, '2026-09-21T07:00:00+00:00'::timestamptz, '{"who": 6}'::jsonb, 0)
2026-09-30 07:58:42.861 UTC [1932] ERROR:  expected revision 0 but head is 1
2026-09-30 07:58:42.861 UTC [1932] CONTEXT:  PL/pgSQL function correct_fact(text,timestamp with time zone,timestamp with time zone,jsonb,integer) line 24 at RAISE
2026-09-30 07:58:42.861 UTC [1932] STATEMENT:  SELECT correct_fact('race-1', '2026-09-21T07:00:00+00:00'::timestamptz, '2026-09-21T08:00:00+00:00'::timestamptz, '{"who": 7}'::jsonb, 0)
2026-09-30 07:58:42.862 UTC [1928] ERROR:  expected revision 0 but head is 1
2026-09-30 07:58:42.862 UTC [1928] CONTEXT:  PL/pgSQL function correct_fact(text,timestamp with time zone,timestamp with time zone,jsonb,integer) line 24 at RAISE
2026-09-30 07:58:42.862 UTC [1928] STATEMENT:  SELECT correct_fact('race-1', '2026-09-21T03:00:00+00:00'::timestamptz, '2026-09-21T04:00:00+00:00'::timestamptz, '{"who": 3}'::jsonb, 0)
2026-09-30 07:58:42.905 UTC [1946] ERROR:  expected revision 0 but head is 2
2026-09-30 07:58:42.905 UTC [1946] CONTEXT:  PL/pgSQL function correct_fact(text,timestamp with time zone,timestamp with time zone,jsonb,integer) line 24 at RAISE
2026-09-30 07:58:42.905 UTC [1946] STATEMENT:  SELECT correct_fact('race-2', '2026-09-21T05:00:00+00:00'::timestamptz, '2026-09-21T06:00:00+00:00'::timestamptz, '{"v": 5}'::jsonb, 0)
2026-09-30 07:58:42.906 UTC [1945] ERROR:  expected revision 0 but head is 2
2026-09-30 07:58:42.906 UTC [1945] CONTEXT:  PL/pgSQL function correct_fact(text,timestamp with time zone,timestamp with time zone,jsonb,integer) line 24 at RAISE
2026-09-30 07:58:42.906 UTC [1945] STATEMENT:  SELECT correct_fact('race-2', '2026-09-21T00:00:00+00:00'::timestamptz, '2026-09-21T01:00:00+00:00'::timestamptz, '{"v": 0}'::jsonb, 0)
2026-09-30 07:58:42.913 UTC [1949] ERROR:  expected revision 1 but head is 3
2026-09-30 07:58:42.913 UTC [1949] CONTEXT:  PL/pgSQL function correct_fact(text,timestamp with time zone,timestamp with time zone,jsonb,integer) line 24 at RAISE
2026-09-30 07:58:42.913 UTC [1949] STATEMENT:  SELECT correct_fact('race-2', '2026-09-21T02:00:00+00:00'::timestamptz, '2026-09-21T03:00:00+00:00'::timestamptz, '{"v": 2}'::jsonb, 1)
2026-09-30 07:58:42.914 UTC [1948] ERROR:  expected revision 1 but head is 3
2026-09-30 07:58:42.914 UTC [1948] CONTEXT:  PL/pgSQL function correct_fact(text,timestamp with time zone,timestamp with time zone,jsonb,integer) line 24 at RAISE
2026-09-30 07:58:42.914 UTC [1948] STATEMENT:  SELECT correct_fact('race-2', '2026-09-21T01:00:00+00:00'::timestamptz, '2026-09-21T02:00:00+00:00'::timestamptz, '{"v": 1}'::jsonb, 1)
2026-09-30 07:58:42.920 UTC [1945] ERROR:  expected revision 3 but head is 4
2026-09-30 07:58:42.920 UTC [1945] CONTEXT:  PL/pgSQL function correct_fact(text,timestamp with time zone,timestamp with time zone,jsonb,integer) line 24 at RAISE
2026-09-30 07:58:42.920 UTC [1945] STATEMENT:  SELECT correct_fact('race-2', '2026-09-21T00:00:00+00:00'::timestamptz, '2026-09-21T01:00:00+00:00'::timestamptz, '{"v": 0}'::jsonb, 3)
2026-09-30 07:58:42.921 UTC [1950] ERROR:  expected revision 2 but head is 4
2026-09-30 07:58:42.921 UTC [1950] CONTEXT:  PL/pgSQL function correct_fact(text,timestamp with time zone,timestamp with time zone,jsonb,integer) line 24 at RAISE
2026-09-30 07:58:42.921 UTC [1950] STATEMENT:  SELECT correct_fact('race-2', '2026-09-21T06:00:00+00:00'::timestamptz, '2026-09-21T07:00:00+00:00'::timestamptz, '{"v": 6}'::jsonb, 2)
2026-09-30 07:58:42.924 UTC [1951] ERROR:  expected revision 3 but head is 4
2026-09-30 07:58:42.924 UTC [1951] CONTEXT:  PL/pgSQL function correct_fact(text,timestamp with time zone,timestamp with time zone,jsonb,integer) line 24 at RAISE
2026-09-30 07:58:42.924 UTC [1951] STATEMENT:  SELECT correct_fact('race-2', '2026-09-21T05:00:00+00:00'::timestamptz, '2026-09-21T06:00:00+00:00'::timestamptz, '{"v": 5}'::jsonb, 3)
2026-09-30 07:58:42.937 UTC [1950] ERROR:  expected revision 4 but head is 5
2026-09-30 07:58:42.937 UTC [1950] CONTEXT:  PL/pgSQL function correct_fact(text,timestamp with time zone,timestamp with time zone,jsonb,integer) line 24 at RAISE
2026-09-30 07:58:42.937 UTC [1950] STATEMENT:  SELECT correct_fact('race-2', '2026-09-21T05:00:00+00:00'::timestamptz, '2026-09-21T06:00:00+00:00'::timestamptz, '{"v": 5}'::jsonb, 4)
2026-09-30 07:58:42.937 UTC [1953] ERROR:  expected revision 4 but head is 5
2026-09-30 07:58:42.937 UTC [1953] CONTEXT:  PL/pgSQL function correct_fact(text,timestamp with time zone,timestamp with time zone,jsonb,integer) line 24 at RAISE
2026-09-30 07:58:42.937 UTC [1953] STATEMENT:  SELECT correct_fact('race-2', '2026-09-21T01:00:00+00:00'::timestamptz, '2026-09-21T02:00:00+00:00'::timestamptz, '{"v": 1}'::jsonb, 4)
2026-09-30 07:58:42.945 UTC [1954] ERROR:  expected revision 4 but head is 6
2026-09-30 07:58:42.945 UTC [1954] CONTEXT:  PL/pgSQL function correct_fact(text,timestamp with time zone,timestamp with time zone,jsonb,integer) line 24 at RAISE
2026-09-30 07:58:42.945 UTC [1954] STATEMENT:  SELECT correct_fact('race-2', '2026-09-21T02:00:00+00:00'::timestamptz, '2026-09-21T03:00:00+00:00'::timestamptz, '{"v": 2}'::jsonb, 4)
2026-09-30 07:58:42.953 UTC [1957] ERROR:  expected revision 5 but head is 7
2026-09-30 07:58:42.953 UTC [1957] CONTEXT:  PL/pgSQL function correct_fact(text,timestamp with time zone,timestamp with time zone,jsonb,integer) line 24 at RAISE
2026-09-30 07:58:42.953 UTC [1957] STATEMENT:  SELECT correct_fact('race-2', '2026-09-21T06:00:00+00:00'::timestamptz, '2026-09-21T07:00:00+00:00'::timestamptz, '{"v": 6}'::jsonb, 5)
2026-09-30 07:58:42.953 UTC [1958] ERROR:  expected revision 6 but head is 7
2026-09-30 07:58:42.953 UTC [1958] CONTEXT:  PL/pgSQL function correct_fact(text,timestamp with time zone,timestamp with time zone,jsonb,integer) line 24 at RAISE
2026-09-30 07:58:42.953 UTC [1958] STATEMENT:  SELECT correct_fact('race-2', '2026-09-21T00:00:00+00:00'::timestamptz, '2026-09-21T01:00:00+00:00'::timestamptz, '{"v": 0}'::jsonb, 6)
2026-09-30 07:58:42.958 UTC [1960] ERROR:  expected revision 6 but head is 8
2026-09-30 07:58:42.958 UTC [1960] CONTEXT:  PL/pgSQL function correct_fact(text,timestamp with time zone,timestamp with time zone,jsonb,integer) line 24 at RAISE
2026-09-30 07:58:42.958 UTC [1960] STATEMENT:  SELECT correct_fact('race-2', '2026-09-21T01:00:00+00:00'::timestamptz, '2026-09-21T02:00:00+00:00'::timestamptz, '{"v": 1}'::jsonb, 6)
2026-09-30 07:58:42.963 UTC [1961] ERROR:  expected revision 7 but head is 8
2026-09-30 07:58:42.963 UTC [1961] CONTEXT:  PL/pgSQL function correct_fact(text,timestamp with time zone,timestamp with time zone,jsonb,integer) line 24 at RAISE
2026-09-30 07:58:42.963 UTC [1961] STATEMENT:  SELECT correct_fact('race-2', '2026-09-21T05:00:00+00:00'::timestamptz, '2026-09-21T06:00:00+00:00'::timestamptz, '{"v": 5}'::jsonb, 7)
2026-09-30 07:58:42.969 UTC [1962] ERROR:  expected revision 8 but head is 9
2026-09-30 07:58:42.969 UTC [1962] CONTEXT:  PL/pgSQL function correct_fact(text,timestamp with time zone,timestamp with time zone,jsonb,integer) line 24 at RAISE
2026-09-30 07:58:42.969 UTC [1962] STATEMENT:  SELECT correct_fact('race-2', '2026-09-21T06:00:00+00:00'::timestamptz, '2026-09-21T07:00:00+00:00'::timestamptz, '{"v": 6}'::jsonb, 8)
2026-09-30 07:58:42.981 UTC [1965] ERROR:  expected revision 10 but head is 11
2026-09-30 07:58:42.981 UTC [1965] CONTEXT:  PL/pgSQL function correct_fact(text,timestamp with time zone,timestamp with time zone,jsonb,integer) line 24 at RAISE
2026-09-30 07:58:42.981 UTC [1965] STATEMENT:  SELECT correct_fact('race-2', '2026-09-21T05:00:00+00:00'::timestamptz, '2026-09-21T06:00:00+00:00'::timestamptz, '{"v": 5}'::jsonb, 10)
2026-09-30 07:58:43.046 UTC [1950] ERROR:  expected revision 2 but head is 3
2026-09-30 07:58:43.046 UTC [1950] CONTEXT:  PL/pgSQL function correct_fact(text,timestamp with time zone,timestamp with time zone,jsonb,integer) line 24 at RAISE
2026-09-30 07:58:43.046 UTC [1950] STATEMENT:  SELECT correct_fact('race-3', '2026-09-21T10:00:00+00:00'::timestamptz, '2026-09-21T12:00:00+00:00'::timestamptz, '{"v": 1}'::jsonb, 2)
2026-09-30 07:58:43.053 UTC [1978] ERROR:  expected revision 2 but head is 3
2026-09-30 07:58:43.053 UTC [1978] CONTEXT:  PL/pgSQL function correct_fact(text,timestamp with time zone,timestamp with time zone,jsonb,integer) line 24 at RAISE
2026-09-30 07:58:43.053 UTC [1978] STATEMENT:  SELECT correct_fact('race-3', '2026-09-21T10:00:00+00:00'::timestamptz, '2026-09-21T12:00:00+00:00'::timestamptz, '{"v": 3}'::jsonb, 2)
2026-09-30 07:58:43.053 UTC [1977] ERROR:  expected revision 2 but head is 3
2026-09-30 07:58:43.053 UTC [1977] CONTEXT:  PL/pgSQL function correct_fact(text,timestamp with time zone,timestamp with time zone,jsonb,integer) line 24 at RAISE
2026-09-30 07:58:43.053 UTC [1977] STATEMENT:  SELECT correct_fact('race-3', '2026-09-21T10:00:00+00:00'::timestamptz, '2026-09-21T12:00:00+00:00'::timestamptz, '{"v": 4}'::jsonb, 2)
2026-09-30 07:58:43.055 UTC [1979] ERROR:  expected revision 2 but head is 4
2026-09-30 07:58:43.055 UTC [1979] CONTEXT:  PL/pgSQL function correct_fact(text,timestamp with time zone,timestamp with time zone,jsonb,integer) line 24 at RAISE
2026-09-30 07:58:43.055 UTC [1979] STATEMENT:  SELECT correct_fact('race-3', '2026-09-21T10:00:00+00:00'::timestamptz, '2026-09-21T12:00:00+00:00'::timestamptz, '{"v": 0}'::jsonb, 2)
2026-09-30 07:58:43.070 UTC [1980] ERROR:  expected revision 4 but head is 5
2026-09-30 07:58:43.070 UTC [1980] CONTEXT:  PL/pgSQL function correct_fact(text,timestamp with time zone,timestamp with time zone,jsonb,integer) line 24 at RAISE
2026-09-30 07:58:43.070 UTC [1980] STATEMENT:  SELECT correct_fact('race-3', '2026-09-21T10:00:00+00:00'::timestamptz, '2026-09-21T12:00:00+00:00'::timestamptz, '{"v": 3}'::jsonb, 4)
2026-09-30 07:58:43.369 UTC [1986] ERROR:  expected revision 0 but head is 1
2026-09-30 07:58:43.369 UTC [1986] CONTEXT:  PL/pgSQL function correct_fact(text,timestamp with time zone,timestamp with time zone,jsonb,integer) line 24 at RAISE
2026-09-30 07:58:43.369 UTC [1986] STATEMENT:  SELECT correct_fact('lab-result-D','2026-09-21T00:00:00+00:00'::timestamptz,'2026-09-21T01:00:00+00:00'::timestamptz,'{"result": 2}'::jsonb,0)
2026-09-30 07:58:43.375 UTC [1987] ERROR:  valid interval must be non-empty half-open [from, to)
2026-09-30 07:58:43.375 UTC [1987] CONTEXT:  PL/pgSQL function correct_fact(text,timestamp with time zone,timestamp with time zone,jsonb,integer) line 8 at RAISE
2026-09-30 07:58:43.375 UTC [1987] STATEMENT:  SELECT correct_fact('lab-result-E','2026-09-21T05:00:00+00:00'::timestamptz,'2026-09-21T05:00:00+00:00'::timestamptz,'{"result": 1}'::jsonb,0)
2026-09-30 07:58:43.376 UTC [1987] ERROR:  valid interval must be non-empty half-open [from, to)
2026-09-30 07:58:43.376 UTC [1987] CONTEXT:  PL/pgSQL function correct_fact(text,timestamp with time zone,timestamp with time zone,jsonb,integer) line 8 at RAISE
2026-09-30 07:58:43.376 UTC [1987] STATEMENT:  SELECT correct_fact('lab-result-E','2026-09-21T09:00:00+00:00'::timestamptz,'2026-09-21T03:00:00+00:00'::timestamptz,'{"result": 1}'::jsonb,0)
2026-09-30 07:58:43.402 UTC [1989] ERROR:  fact history is append-only; deletes are forbidden
2026-09-30 07:58:43.402 UTC [1989] CONTEXT:  PL/pgSQL function fact_versions_immutable() line 4 at RAISE
2026-09-30 07:58:43.402 UTC [1989] STATEMENT:  DELETE FROM fact_versions WHERE object_id='del'
2026-09-30 07:58:43.412 UTC [1990] ERROR:  fact rows are immutable; only assert_to may be closed once
2026-09-30 07:58:43.412 UTC [1990] CONTEXT:  PL/pgSQL function fact_versions_immutable() line 22 at RAISE
2026-09-30 07:58:43.412 UTC [1990] STATEMENT:  UPDATE fact_versions SET value='{"v":999}' WHERE object_id='upd'
2026-09-30 07:58:43.413 UTC [1990] ERROR:  fact rows are immutable; only assert_to may be closed once
2026-09-30 07:58:43.413 UTC [1990] CONTEXT:  PL/pgSQL function fact_versions_immutable() line 22 at RAISE
2026-09-30 07:58:43.413 UTC [1990] STATEMENT:  UPDATE fact_versions SET valid_from=valid_from WHERE object_id='upd'
2026-09-30 07:58:43.413 UTC [1990] ERROR:  fact rows are immutable; only assert_to may be closed once
2026-09-30 07:58:43.413 UTC [1990] CONTEXT:  PL/pgSQL function fact_versions_immutable() line 22 at RAISE
2026-09-30 07:58:43.413 UTC [1990] STATEMENT:  UPDATE fact_versions SET assert_from=assert_from+1 WHERE object_id='upd'
2026-09-30 07:58:43.413 UTC [1990] ERROR:  fact rows are immutable; only assert_to may be closed once
2026-09-30 07:58:43.413 UTC [1990] CONTEXT:  PL/pgSQL function fact_versions_immutable() line 22 at RAISE
2026-09-30 07:58:43.413 UTC [1990] STATEMENT:  UPDATE fact_versions SET assert_to=99 WHERE assert_to IS NOT NULL
2026-09-30 08:00:23.674 UTC [2007] ERROR:  expected revision 0 but head is 1
2026-09-30 08:00:23.674 UTC [2007] CONTEXT:  PL/pgSQL function correct_fact(text,timestamp with time zone,timestamp with time zone,jsonb,integer) line 24 at RAISE
2026-09-30 08:00:23.674 UTC [2007] STATEMENT:  SELECT correct_fact('race-1', '2026-09-21T03:00:00+00:00'::timestamptz, '2026-09-21T04:00:00+00:00'::timestamptz, '{"who": 3}'::jsonb, 0)
2026-09-30 08:00:23.688 UTC [2020] ERROR:  expected revision 0 but head is 1
2026-09-30 08:00:23.688 UTC [2020] CONTEXT:  PL/pgSQL function correct_fact(text,timestamp with time zone,timestamp with time zone,jsonb,integer) line 24 at RAISE
2026-09-30 08:00:23.688 UTC [2020] STATEMENT:  SELECT correct_fact('race-1', '2026-09-21T01:00:00+00:00'::timestamptz, '2026-09-21T02:00:00+00:00'::timestamptz, '{"who": 1}'::jsonb, 0)
2026-09-30 08:00:23.692 UTC [2031] ERROR:  expected revision 0 but head is 1
2026-09-30 08:00:23.692 UTC [2031] CONTEXT:  PL/pgSQL function correct_fact(text,timestamp with time zone,timestamp with time zone,jsonb,integer) line 24 at RAISE
2026-09-30 08:00:23.692 UTC [2031] STATEMENT:  SELECT correct_fact('race-1', '2026-09-21T04:00:00+00:00'::timestamptz, '2026-09-21T05:00:00+00:00'::timestamptz, '{"who": 4}'::jsonb, 0)
2026-09-30 08:00:23.693 UTC [2030] ERROR:  expected revision 0 but head is 1
2026-09-30 08:00:23.693 UTC [2030] CONTEXT:  PL/pgSQL function correct_fact(text,timestamp with time zone,timestamp with time zone,jsonb,integer) line 24 at RAISE
2026-09-30 08:00:23.693 UTC [2030] STATEMENT:  SELECT correct_fact('race-1', '2026-09-21T05:00:00+00:00'::timestamptz, '2026-09-21T06:00:00+00:00'::timestamptz, '{"who": 5}'::jsonb, 0)
2026-09-30 08:00:23.693 UTC [2027] ERROR:  expected revision 0 but head is 1
2026-09-30 08:00:23.693 UTC [2027] CONTEXT:  PL/pgSQL function correct_fact(text,timestamp with time zone,timestamp with time zone,jsonb,integer) line 24 at RAISE
2026-09-30 08:00:23.693 UTC [2027] STATEMENT:  SELECT correct_fact('race-1', '2026-09-21T02:00:00+00:00'::timestamptz, '2026-09-21T03:00:00+00:00'::timestamptz, '{"who": 2}'::jsonb, 0)
2026-09-30 08:00:23.694 UTC [2032] ERROR:  expected revision 0 but head is 1
2026-09-30 08:00:23.694 UTC [2032] CONTEXT:  PL/pgSQL function correct_fact(text,timestamp with time zone,timestamp with time zone,jsonb,integer) line 24 at RAISE
2026-09-30 08:00:23.694 UTC [2032] STATEMENT:  SELECT correct_fact('race-1', '2026-09-21T07:00:00+00:00'::timestamptz, '2026-09-21T08:00:00+00:00'::timestamptz, '{"who": 7}'::jsonb, 0)
2026-09-30 08:00:23.696 UTC [2033] ERROR:  expected revision 0 but head is 1
2026-09-30 08:00:23.696 UTC [2033] CONTEXT:  PL/pgSQL function correct_fact(text,timestamp with time zone,timestamp with time zone,jsonb,integer) line 24 at RAISE
2026-09-30 08:00:23.696 UTC [2033] STATEMENT:  SELECT correct_fact('race-1', '2026-09-21T06:00:00+00:00'::timestamptz, '2026-09-21T07:00:00+00:00'::timestamptz, '{"who": 6}'::jsonb, 0)
2026-09-30 08:00:23.737 UTC [2039] ERROR:  expected revision 0 but head is 1
2026-09-30 08:00:23.737 UTC [2039] CONTEXT:  PL/pgSQL function correct_fact(text,timestamp with time zone,timestamp with time zone,jsonb,integer) line 24 at RAISE
2026-09-30 08:00:23.737 UTC [2039] STATEMENT:  SELECT correct_fact('race-2', '2026-09-21T03:00:00+00:00'::timestamptz, '2026-09-21T04:00:00+00:00'::timestamptz, '{"v": 3}'::jsonb, 0)
2026-09-30 08:00:23.748 UTC [2042] ERROR:  expected revision 1 but head is 2
2026-09-30 08:00:23.748 UTC [2042] CONTEXT:  PL/pgSQL function correct_fact(text,timestamp with time zone,timestamp with time zone,jsonb,integer) line 24 at RAISE
2026-09-30 08:00:23.748 UTC [2042] STATEMENT:  SELECT correct_fact('race-2', '2026-09-21T05:00:00+00:00'::timestamptz, '2026-09-21T06:00:00+00:00'::timestamptz, '{"v": 5}'::jsonb, 1)
2026-09-30 08:00:23.749 UTC [2044] ERROR:  expected revision 0 but head is 2
2026-09-30 08:00:23.749 UTC [2044] CONTEXT:  PL/pgSQL function correct_fact(text,timestamp with time zone,timestamp with time zone,jsonb,integer) line 24 at RAISE
2026-09-30 08:00:23.749 UTC [2044] STATEMENT:  SELECT correct_fact('race-2', '2026-09-21T00:00:00+00:00'::timestamptz, '2026-09-21T01:00:00+00:00'::timestamptz, '{"v": 0}'::jsonb, 0)
2026-09-30 08:00:23.751 UTC [2045] ERROR:  expected revision 1 but head is 2
2026-09-30 08:00:23.751 UTC [2045] CONTEXT:  PL/pgSQL function correct_fact(text,timestamp with time zone,timestamp with time zone,jsonb,integer) line 24 at RAISE
2026-09-30 08:00:23.751 UTC [2045] STATEMENT:  SELECT correct_fact('race-2', '2026-09-21T01:00:00+00:00'::timestamptz, '2026-09-21T02:00:00+00:00'::timestamptz, '{"v": 1}'::jsonb, 1)
2026-09-30 08:00:23.758 UTC [2047] ERROR:  expected revision 2 but head is 3
2026-09-30 08:00:23.758 UTC [2047] CONTEXT:  PL/pgSQL function correct_fact(text,timestamp with time zone,timestamp with time zone,jsonb,integer) line 24 at RAISE
2026-09-30 08:00:23.758 UTC [2047] STATEMENT:  SELECT correct_fact('race-2', '2026-09-21T03:00:00+00:00'::timestamptz, '2026-09-21T04:00:00+00:00'::timestamptz, '{"v": 3}'::jsonb, 2)
2026-09-30 08:00:23.758 UTC [2046] ERROR:  expected revision 1 but head is 3
2026-09-30 08:00:23.758 UTC [2046] CONTEXT:  PL/pgSQL function correct_fact(text,timestamp with time zone,timestamp with time zone,jsonb,integer) line 24 at RAISE
2026-09-30 08:00:23.758 UTC [2046] STATEMENT:  SELECT correct_fact('race-2', '2026-09-21T04:00:00+00:00'::timestamptz, '2026-09-21T05:00:00+00:00'::timestamptz, '{"v": 4}'::jsonb, 1)
2026-09-30 08:00:23.783 UTC [2050] ERROR:  expected revision 4 but head is 5
2026-09-30 08:00:23.783 UTC [2050] CONTEXT:  PL/pgSQL function correct_fact(text,timestamp with time zone,timestamp with time zone,jsonb,integer) line 24 at RAISE
2026-09-30 08:00:23.783 UTC [2050] STATEMENT:  SELECT correct_fact('race-2', '2026-09-21T05:00:00+00:00'::timestamptz, '2026-09-21T06:00:00+00:00'::timestamptz, '{"v": 5}'::jsonb, 4)
2026-09-30 08:00:23.791 UTC [2051] ERROR:  expected revision 4 but head is 5
2026-09-30 08:00:23.791 UTC [2051] CONTEXT:  PL/pgSQL function correct_fact(text,timestamp with time zone,timestamp with time zone,jsonb,integer) line 24 at RAISE
2026-09-30 08:00:23.791 UTC [2051] STATEMENT:  SELECT correct_fact('race-2', '2026-09-21T00:00:00+00:00'::timestamptz, '2026-09-21T01:00:00+00:00'::timestamptz, '{"v": 0}'::jsonb, 4)
2026-09-30 08:00:23.798 UTC [2054] ERROR:  expected revision 4 but head is 6
2026-09-30 08:00:23.798 UTC [2054] CONTEXT:  PL/pgSQL function correct_fact(text,timestamp with time zone,timestamp with time zone,jsonb,integer) line 24 at RAISE
2026-09-30 08:00:23.798 UTC [2054] STATEMENT:  SELECT correct_fact('race-2', '2026-09-21T01:00:00+00:00'::timestamptz, '2026-09-21T02:00:00+00:00'::timestamptz, '{"v": 1}'::jsonb, 4)
2026-09-30 08:00:23.798 UTC [2055] ERROR:  expected revision 5 but head is 6
2026-09-30 08:00:23.798 UTC [2055] CONTEXT:  PL/pgSQL function correct_fact(text,timestamp with time zone,timestamp with time zone,jsonb,integer) line 24 at RAISE
2026-09-30 08:00:23.798 UTC [2055] STATEMENT:  SELECT correct_fact('race-2', '2026-09-21T04:00:00+00:00'::timestamptz, '2026-09-21T05:00:00+00:00'::timestamptz, '{"v": 4}'::jsonb, 5)
2026-09-30 08:00:23.798 UTC [2053] ERROR:  expected revision 5 but head is 6
2026-09-30 08:00:23.798 UTC [2053] CONTEXT:  PL/pgSQL function correct_fact(text,timestamp with time zone,timestamp with time zone,jsonb,integer) line 24 at RAISE
2026-09-30 08:00:23.798 UTC [2053] STATEMENT:  SELECT correct_fact('race-2', '2026-09-21T03:00:00+00:00'::timestamptz, '2026-09-21T04:00:00+00:00'::timestamptz, '{"v": 3}'::jsonb, 5)
2026-09-30 08:00:23.823 UTC [2058] ERROR:  expected revision 6 but head is 8
2026-09-30 08:00:23.823 UTC [2058] CONTEXT:  PL/pgSQL function correct_fact(text,timestamp with time zone,timestamp with time zone,jsonb,integer) line 24 at RAISE
2026-09-30 08:00:23.823 UTC [2058] STATEMENT:  SELECT correct_fact('race-2', '2026-09-21T11:00:00+00:00'::timestamptz, '2026-09-21T12:00:00+00:00'::timestamptz, '{"v": 11}'::jsonb, 6)
2026-09-30 08:00:23.824 UTC [2060] ERROR:  expected revision 6 but head is 8
2026-09-30 08:00:23.824 UTC [2060] CONTEXT:  PL/pgSQL function correct_fact(text,timestamp with time zone,timestamp with time zone,jsonb,integer) line 24 at RAISE
2026-09-30 08:00:23.824 UTC [2060] STATEMENT:  SELECT correct_fact('race-2', '2026-09-21T00:00:00+00:00'::timestamptz, '2026-09-21T01:00:00+00:00'::timestamptz, '{"v": 0}'::jsonb, 6)
2026-09-30 08:00:23.824 UTC [2059] ERROR:  expected revision 7 but head is 8
2026-09-30 08:00:23.824 UTC [2059] CONTEXT:  PL/pgSQL function correct_fact(text,timestamp with time zone,timestamp with time zone,jsonb,integer) line 24 at RAISE
2026-09-30 08:00:23.824 UTC [2059] STATEMENT:  SELECT correct_fact('race-2', '2026-09-21T01:00:00+00:00'::timestamptz, '2026-09-21T02:00:00+00:00'::timestamptz, '{"v": 1}'::jsonb, 7)
2026-09-30 08:00:23.825 UTC [2061] ERROR:  expected revision 7 but head is 8
2026-09-30 08:00:23.825 UTC [2061] CONTEXT:  PL/pgSQL function correct_fact(text,timestamp with time zone,timestamp with time zone,jsonb,integer) line 24 at RAISE
2026-09-30 08:00:23.825 UTC [2061] STATEMENT:  SELECT correct_fact('race-2', '2026-09-21T04:00:00+00:00'::timestamptz, '2026-09-21T05:00:00+00:00'::timestamptz, '{"v": 4}'::jsonb, 7)
2026-09-30 08:00:23.849 UTC [2066] ERROR:  expected revision 9 but head is 10
2026-09-30 08:00:23.849 UTC [2066] CONTEXT:  PL/pgSQL function correct_fact(text,timestamp with time zone,timestamp with time zone,jsonb,integer) line 24 at RAISE
2026-09-30 08:00:23.849 UTC [2066] STATEMENT:  SELECT correct_fact('race-2', '2026-09-21T01:00:00+00:00'::timestamptz, '2026-09-21T02:00:00+00:00'::timestamptz, '{"v": 1}'::jsonb, 9)
2026-09-30 08:00:23.852 UTC [2065] ERROR:  expected revision 9 but head is 10
2026-09-30 08:00:23.852 UTC [2065] CONTEXT:  PL/pgSQL function correct_fact(text,timestamp with time zone,timestamp with time zone,jsonb,integer) line 24 at RAISE
2026-09-30 08:00:23.852 UTC [2065] STATEMENT:  SELECT correct_fact('race-2', '2026-09-21T11:00:00+00:00'::timestamptz, '2026-09-21T12:00:00+00:00'::timestamptz, '{"v": 11}'::jsonb, 9)
2026-09-30 08:00:23.927 UTC [2078] ERROR:  expected revision 1 but head is 2
2026-09-30 08:00:23.927 UTC [2078] CONTEXT:  PL/pgSQL function correct_fact(text,timestamp with time zone,timestamp with time zone,jsonb,integer) line 24 at RAISE
2026-09-30 08:00:23.927 UTC [2078] STATEMENT:  SELECT correct_fact('race-3', '2026-09-21T10:00:00+00:00'::timestamptz, '2026-09-21T12:00:00+00:00'::timestamptz, '{"v": 5}'::jsonb, 1)
2026-09-30 08:00:23.930 UTC [2078] ERROR:  expected revision 1 but head is 2
2026-09-30 08:00:23.930 UTC [2078] CONTEXT:  PL/pgSQL function correct_fact(text,timestamp with time zone,timestamp with time zone,jsonb,integer) line 24 at RAISE
2026-09-30 08:00:23.930 UTC [2078] STATEMENT:  SELECT correct_fact('race-3', '2026-09-21T10:00:00+00:00'::timestamptz, '2026-09-21T12:00:00+00:00'::timestamptz, '{"v": 1}'::jsonb, 1)
2026-09-30 08:00:23.930 UTC [2077] ERROR:  expected revision 1 but head is 2
2026-09-30 08:00:23.930 UTC [2077] CONTEXT:  PL/pgSQL function correct_fact(text,timestamp with time zone,timestamp with time zone,jsonb,integer) line 24 at RAISE
2026-09-30 08:00:23.930 UTC [2077] STATEMENT:  SELECT correct_fact('race-3', '2026-09-21T10:00:00+00:00'::timestamptz, '2026-09-21T12:00:00+00:00'::timestamptz, '{"v": 2}'::jsonb, 1)
2026-09-30 08:00:23.939 UTC [2079] ERROR:  expected revision 2 but head is 3
2026-09-30 08:00:23.939 UTC [2079] CONTEXT:  PL/pgSQL function correct_fact(text,timestamp with time zone,timestamp with time zone,jsonb,integer) line 24 at RAISE
2026-09-30 08:00:23.939 UTC [2079] STATEMENT:  SELECT correct_fact('race-3', '2026-09-21T10:00:00+00:00'::timestamptz, '2026-09-21T12:00:00+00:00'::timestamptz, '{"v": 0}'::jsonb, 2)
2026-09-30 08:00:23.939 UTC [2080] ERROR:  expected revision 2 but head is 3
2026-09-30 08:00:23.939 UTC [2080] CONTEXT:  PL/pgSQL function correct_fact(text,timestamp with time zone,timestamp with time zone,jsonb,integer) line 24 at RAISE
2026-09-30 08:00:23.939 UTC [2080] STATEMENT:  SELECT correct_fact('race-3', '2026-09-21T10:00:00+00:00'::timestamptz, '2026-09-21T12:00:00+00:00'::timestamptz, '{"v": 3}'::jsonb, 2)
2026-09-30 08:00:23.953 UTC [2084] ERROR:  expected revision 3 but head is 4
2026-09-30 08:00:23.953 UTC [2084] CONTEXT:  PL/pgSQL function correct_fact(text,timestamp with time zone,timestamp with time zone,jsonb,integer) line 24 at RAISE
2026-09-30 08:00:23.953 UTC [2084] STATEMENT:  SELECT correct_fact('race-3', '2026-09-21T10:00:00+00:00'::timestamptz, '2026-09-21T12:00:00+00:00'::timestamptz, '{"v": 1}'::jsonb, 3)
2026-09-30 08:00:23.959 UTC [2086] ERROR:  expected revision 4 but head is 5
2026-09-30 08:00:23.959 UTC [2086] CONTEXT:  PL/pgSQL function correct_fact(text,timestamp with time zone,timestamp with time zone,jsonb,integer) line 24 at RAISE
2026-09-30 08:00:23.959 UTC [2086] STATEMENT:  SELECT correct_fact('race-3', '2026-09-21T10:00:00+00:00'::timestamptz, '2026-09-21T12:00:00+00:00'::timestamptz, '{"v": 3}'::jsonb, 4)
2026-09-30 08:00:24.292 UTC [2090] ERROR:  expected revision 0 but head is 1
2026-09-30 08:00:24.292 UTC [2090] CONTEXT:  PL/pgSQL function correct_fact(text,timestamp with time zone,timestamp with time zone,jsonb,integer) line 24 at RAISE
2026-09-30 08:00:24.292 UTC [2090] STATEMENT:  SELECT correct_fact('lab-result-D','2026-09-21T00:00:00+00:00'::timestamptz,'2026-09-21T01:00:00+00:00'::timestamptz,'{"result": 2}'::jsonb,0)
2026-09-30 08:00:24.297 UTC [2091] ERROR:  valid interval must be non-empty half-open [from, to)
2026-09-30 08:00:24.297 UTC [2091] CONTEXT:  PL/pgSQL function correct_fact(text,timestamp with time zone,timestamp with time zone,jsonb,integer) line 8 at RAISE
2026-09-30 08:00:24.297 UTC [2091] STATEMENT:  SELECT correct_fact('lab-result-E','2026-09-21T05:00:00+00:00'::timestamptz,'2026-09-21T05:00:00+00:00'::timestamptz,'{"result": 1}'::jsonb,0)
2026-09-30 08:00:24.297 UTC [2091] ERROR:  valid interval must be non-empty half-open [from, to)
2026-09-30 08:00:24.297 UTC [2091] CONTEXT:  PL/pgSQL function correct_fact(text,timestamp with time zone,timestamp with time zone,jsonb,integer) line 8 at RAISE
2026-09-30 08:00:24.297 UTC [2091] STATEMENT:  SELECT correct_fact('lab-result-E','2026-09-21T09:00:00+00:00'::timestamptz,'2026-09-21T03:00:00+00:00'::timestamptz,'{"result": 1}'::jsonb,0)
2026-09-30 08:00:24.324 UTC [2093] ERROR:  fact history is append-only; deletes are forbidden
2026-09-30 08:00:24.324 UTC [2093] CONTEXT:  PL/pgSQL function fact_versions_immutable() line 4 at RAISE
2026-09-30 08:00:24.324 UTC [2093] STATEMENT:  DELETE FROM fact_versions WHERE object_id='del'
2026-09-30 08:00:24.335 UTC [2094] ERROR:  fact rows are immutable; only assert_to may be closed once
2026-09-30 08:00:24.335 UTC [2094] CONTEXT:  PL/pgSQL function fact_versions_immutable() line 22 at RAISE
2026-09-30 08:00:24.335 UTC [2094] STATEMENT:  UPDATE fact_versions SET value='{"v":999}' WHERE object_id='upd'
2026-09-30 08:00:24.335 UTC [2094] ERROR:  fact rows are immutable; only assert_to may be closed once
2026-09-30 08:00:24.335 UTC [2094] CONTEXT:  PL/pgSQL function fact_versions_immutable() line 22 at RAISE
2026-09-30 08:00:24.335 UTC [2094] STATEMENT:  UPDATE fact_versions SET valid_from=valid_from WHERE object_id='upd'
2026-09-30 08:00:24.335 UTC [2094] ERROR:  fact rows are immutable; only assert_to may be closed once
2026-09-30 08:00:24.335 UTC [2094] CONTEXT:  PL/pgSQL function fact_versions_immutable() line 22 at RAISE
2026-09-30 08:00:24.335 UTC [2094] STATEMENT:  UPDATE fact_versions SET assert_from=assert_from+1 WHERE object_id='upd'
2026-09-30 08:00:24.336 UTC [2094] ERROR:  fact rows are immutable; only assert_to may be closed once
2026-09-30 08:00:24.336 UTC [2094] CONTEXT:  PL/pgSQL function fact_versions_immutable() line 22 at RAISE
2026-09-30 08:00:24.336 UTC [2094] STATEMENT:  UPDATE fact_versions SET assert_to=99 WHERE assert_to IS NOT NULL
